SRX043987	ce11	TFs and others	4732745	submitted	15898417	2026-04-06T07:10:37+09:00							0
SRX043988	ce11	TFs and others	4379799	submitted	15898418	2026-04-06T07:10:37+09:00							0
SRX043989	ce11	TFs and others	5494920	submitted	15898419	2026-04-06T07:10:37+09:00							0
SRX043990	ce11	TFs and others	2703485	submitted	15898420	2026-04-06T07:10:37+09:00							0
SRX043991	ce11	TFs and others	5006120	submitted	15898421	2026-04-06T07:10:37+09:00							0
SRX043992	ce11	TFs and others	6877445	submitted	15898422	2026-04-06T07:10:37+09:00							0
SRX043993	ce11	TFs and others	4165583	submitted	15898423	2026-04-06T07:10:37+09:00							0
SRX043994	ce11	TFs and others	9149187	submitted	15898424	2026-04-06T07:10:38+09:00							0
SRX043995	ce11	TFs and others	5161232	submitted	15898425	2026-04-06T07:10:38+09:00							0
SRX043996	ce11	TFs and others	2863365	submitted	15898426	2026-04-06T07:10:38+09:00							0
SRX043997	ce11	TFs and others	6342158	submitted	15898427	2026-04-06T07:10:38+09:00							0
SRX043998	ce11	TFs and others	9803146	submitted	15898428	2026-04-06T07:10:38+09:00							0
SRX043999	ce11	TFs and others	4797823	submitted	15898429	2026-04-06T07:10:38+09:00							0
SRX044000	ce11	TFs and others	6981933	submitted	15898430	2026-04-06T07:10:38+09:00							0
SRX044001	ce11	TFs and others	3951440	submitted	15898431	2026-04-06T07:10:38+09:00							0
SRX044002	ce11	TFs and others	4377247	submitted	15898432	2026-04-06T07:10:38+09:00							0
SRX044003	ce11	TFs and others	3242196	submitted	15898433	2026-04-06T07:10:38+09:00							0
SRX044004	ce11	TFs and others	4107237	submitted	15898434	2026-04-06T07:10:38+09:00							0
SRX044005	ce11	TFs and others	4031127	submitted	15898435	2026-04-06T07:10:38+09:00							0
SRX044006	ce11	TFs and others	4786851	submitted	15898436	2026-04-06T07:10:38+09:00							0
SRX044007	ce11	TFs and others	3061161	submitted	15898437	2026-04-06T07:10:38+09:00							0
SRX044008	ce11	TFs and others	4291179	submitted	15898438	2026-04-06T07:10:38+09:00							0
SRX044009	ce11	TFs and others	5195866	submitted	15898439	2026-04-06T07:10:39+09:00							0
SRX044010	ce11	TFs and others	5285403	submitted	15898440	2026-04-06T07:10:39+09:00							0
SRX044008	ce11	TFs and others	4291179	running	15898438		2026-04-06T07:10:39+09:00	2026-04-06T07:10:39+09:00					0
SRX043988	ce11	TFs and others	4379799	running	15898418		2026-04-06T07:10:39+09:00	2026-04-06T07:10:39+09:00					0
SRX043993	ce11	TFs and others	4165583	running	15898423		2026-04-06T07:10:39+09:00	2026-04-06T07:10:39+09:00					0
SRX043990	ce11	TFs and others	2703485	running	15898420		2026-04-06T07:10:39+09:00	2026-04-06T07:10:39+09:00					0
SRX043987	ce11	TFs and others	4732745	running	15898417		2026-04-06T07:10:39+09:00	2026-04-06T07:10:39+09:00					0
SRX044009	ce11	TFs and others	5195866	running	15898439		2026-04-06T07:10:39+09:00	2026-04-06T07:10:39+09:00					0
SRX043989	ce11	TFs and others	5494920	running	15898419		2026-04-06T07:10:39+09:00	2026-04-06T07:10:39+09:00					0
SRX044011	ce11	TFs and others	1068726	submitted	15898441	2026-04-06T07:10:39+09:00							0
SRX043991	ce11	TFs and others	5006120	running	15898421		2026-04-06T07:10:39+09:00	2026-04-06T07:10:39+09:00					0
SRX043992	ce11	TFs and others	6877445	running	15898422		2026-04-06T07:10:39+09:00	2026-04-06T07:10:39+09:00					0
SRX043995	ce11	TFs and others	5161232	running	15898425		2026-04-06T07:10:39+09:00	2026-04-06T07:10:39+09:00					0
SRX044001	ce11	TFs and others	3951440	running	15898431		2026-04-06T07:10:39+09:00	2026-04-06T07:10:39+09:00					0
SRX044002	ce11	TFs and others	4377247	running	15898432		2026-04-06T07:10:39+09:00	2026-04-06T07:10:39+09:00					0
SRX043994	ce11	TFs and others	9149187	running	15898424		2026-04-06T07:10:39+09:00	2026-04-06T07:10:39+09:00					0
SRX043997	ce11	TFs and others	6342158	running	15898427		2026-04-06T07:10:39+09:00	2026-04-06T07:10:39+09:00					0
SRX044005	ce11	TFs and others	4031127	running	15898435		2026-04-06T07:10:39+09:00	2026-04-06T07:10:39+09:00					0
SRX043999	ce11	TFs and others	4797823	running	15898429		2026-04-06T07:10:39+09:00	2026-04-06T07:10:39+09:00					0
SRX044007	ce11	TFs and others	3061161	running	15898437		2026-04-06T07:10:39+09:00	2026-04-06T07:10:39+09:00					0
SRX043996	ce11	TFs and others	2863365	running	15898426		2026-04-06T07:10:39+09:00	2026-04-06T07:10:39+09:00					0
SRX044006	ce11	TFs and others	4786851	running	15898436		2026-04-06T07:10:39+09:00	2026-04-06T07:10:39+09:00					0
SRX043998	ce11	TFs and others	9803146	running	15898428		2026-04-06T07:10:39+09:00	2026-04-06T07:10:39+09:00					0
SRX044004	ce11	TFs and others	4107237	running	15898434		2026-04-06T07:10:39+09:00	2026-04-06T07:10:39+09:00					0
SRX044000	ce11	TFs and others	6981933	running	15898430		2026-04-06T07:10:39+09:00	2026-04-06T07:10:39+09:00					0
SRX044003	ce11	TFs and others	3242196	running	15898433		2026-04-06T07:10:39+09:00	2026-04-06T07:10:39+09:00					0
SRX044012	ce11	TFs and others	3021900	submitted	15898442	2026-04-06T07:10:39+09:00							0
SRX044013	ce11	TFs and others	1894556	submitted	15898443	2026-04-06T07:10:39+09:00							0
SRX044014	ce11	TFs and others	4416551	submitted	15898444	2026-04-06T07:10:39+09:00							0
SRX044015	ce11	TFs and others	4109787	submitted	15898445	2026-04-06T07:10:39+09:00							0
SRX044016	ce11	TFs and others	3180686	submitted	15898446	2026-04-06T07:10:39+09:00							0
SRX044017	ce11	TFs and others	5399491	submitted	15898447	2026-04-06T07:10:39+09:00							0
SRX044018	ce11	TFs and others	5072408	submitted	15898448	2026-04-06T07:10:39+09:00							0
SRX044021	ce11	TFs and others	14244415	submitted	15898449	2026-04-06T07:10:39+09:00							0
SRX044022	ce11	TFs and others	11454976	submitted	15898450	2026-04-06T07:10:39+09:00							0
SRX044023	ce11	TFs and others	28993063	submitted	15898451	2026-04-06T07:10:39+09:00							0
SRX044024	ce11	TFs and others	8501634	submitted	15898452	2026-04-06T07:10:39+09:00							0
SRX054205	ce11	TFs and others	5395132	submitted	15898453	2026-04-06T07:10:39+09:00							0
SRX054206	ce11	TFs and others	6132744	submitted	15898454	2026-04-06T07:10:39+09:00							0
SRX054207	ce11	TFs and others	4220063	submitted	15898455	2026-04-06T07:10:40+09:00							0
SRX054208	ce11	TFs and others	857311	submitted	15898456	2026-04-06T07:10:40+09:00							0
SRX054209	ce11	TFs and others	4918197	submitted	15898457	2026-04-06T07:10:40+09:00							0
SRX054210	ce11	TFs and others	2182021	submitted	15898458	2026-04-06T07:10:40+09:00							0
SRX054211	ce11	TFs and others	3671631	submitted	15898459	2026-04-06T07:10:40+09:00							0
SRX054248	ce11	TFs and others	2689326	submitted	15898460	2026-04-06T07:10:40+09:00							0
SRX054249	ce11	TFs and others	1817076	submitted	15898461	2026-04-06T07:10:40+09:00							0
SRX054250	ce11	TFs and others	5712711	submitted	15898462	2026-04-06T07:10:40+09:00							0
SRX054251	ce11	TFs and others	3852108	submitted	15898463	2026-04-06T07:10:40+09:00							0
SRX054252	ce11	TFs and others	2829693	submitted	15898464	2026-04-06T07:10:40+09:00							0
SRX054253	ce11	TFs and others	3535784	submitted	15898465	2026-04-06T07:10:40+09:00							0
SRX054254	ce11	TFs and others	5858168	submitted	15898466	2026-04-06T07:10:40+09:00							0
SRX054255	ce11	TFs and others	4832460	submitted	15898467	2026-04-06T07:10:40+09:00							0
SRX054256	ce11	TFs and others	2727720	submitted	15898468	2026-04-06T07:10:40+09:00							0
SRX054257	ce11	TFs and others	3573958	submitted	15898469	2026-04-06T07:10:40+09:00							0
SRX054258	ce11	TFs and others	1934794	submitted	15898470	2026-04-06T07:10:41+09:00							0
SRX054259	ce11	TFs and others	2438831	submitted	15898471	2026-04-06T07:10:41+09:00							0
SRX054260	ce11	TFs and others	4173453	submitted	15898472	2026-04-06T07:10:41+09:00							0
SRX054261	ce11	TFs and others	7119810	submitted	15898473	2026-04-06T07:10:41+09:00							0
SRX054262	ce11	TFs and others	2973812	submitted	15898474	2026-04-06T07:10:41+09:00							0
SRX054263	ce11	TFs and others	2872705	submitted	15898475	2026-04-06T07:10:41+09:00							0
SRX054264	ce11	TFs and others	1060761	submitted	15898476	2026-04-06T07:10:41+09:00							0
SRX054265	ce11	TFs and others	3994945	submitted	15898477	2026-04-06T07:10:41+09:00							0
SRX054266	ce11	TFs and others	858599	submitted	15898478	2026-04-06T07:10:41+09:00							0
SRX054303	ce11	TFs and others	4693546	submitted	15898479	2026-04-06T07:10:41+09:00							0
SRX054304	ce11	TFs and others	3180657	submitted	15898480	2026-04-06T07:10:41+09:00							0
SRX054305	ce11	TFs and others	2488882	submitted	15898481	2026-04-06T07:10:41+09:00							0
SRX054306	ce11	TFs and others	4042196	submitted	15898482	2026-04-06T07:10:41+09:00							0
SRX054307	ce11	TFs and others	5195407	submitted	15898483	2026-04-06T07:10:41+09:00							0
SRX054308	ce11	TFs and others	2804733	submitted	15898484	2026-04-06T07:10:41+09:00							0
SRX054309	ce11	TFs and others	3419652	submitted	15898485	2026-04-06T07:10:41+09:00							0
SRX054310	ce11	TFs and others	1387623	submitted	15898486	2026-04-06T07:10:42+09:00							0
SRX044011	ce11	TFs and others	1068726	running	15898441		2026-04-06T07:10:42+09:00	2026-04-06T07:10:42+09:00					0
SRX044014	ce11	TFs and others	4416551	running	15898444		2026-04-06T07:10:42+09:00	2026-04-06T07:10:42+09:00					0
SRX044013	ce11	TFs and others	1894556	running	15898443		2026-04-06T07:10:42+09:00	2026-04-06T07:10:42+09:00					0
SRX044010	ce11	TFs and others	5285403	running	15898440		2026-04-06T07:10:42+09:00	2026-04-06T07:10:42+09:00					0
SRX044012	ce11	TFs and others	3021900	running	15898442		2026-04-06T07:10:42+09:00	2026-04-06T07:10:42+09:00					0
SRX044016	ce11	TFs and others	3180686	running	15898446		2026-04-06T07:10:42+09:00	2026-04-06T07:10:42+09:00					0
SRX044015	ce11	TFs and others	4109787	running	15898445		2026-04-06T07:10:42+09:00	2026-04-06T07:10:42+09:00					0
SRX044017	ce11	TFs and others	5399491	running	15898447		2026-04-06T07:10:42+09:00	2026-04-06T07:10:42+09:00					0
SRX044018	ce11	TFs and others	5072408	running	15898448		2026-04-06T07:10:42+09:00	2026-04-06T07:10:42+09:00					0
SRX044023	ce11	TFs and others	28993063	running	15898451		2026-04-06T07:10:42+09:00	2026-04-06T07:10:42+09:00					0
SRX044022	ce11	TFs and others	11454976	running	15898450		2026-04-06T07:10:42+09:00	2026-04-06T07:10:42+09:00					0
SRX044021	ce11	TFs and others	14244415	running	15898449		2026-04-06T07:10:42+09:00	2026-04-06T07:10:42+09:00					0
SRX054311	ce11	TFs and others	4502986	submitted	15898487	2026-04-06T07:10:42+09:00							0
SRX054206	ce11	TFs and others	6132744	running	15898454		2026-04-06T07:10:42+09:00	2026-04-06T07:10:42+09:00					0
SRX054205	ce11	TFs and others	5395132	running	15898453		2026-04-06T07:10:42+09:00	2026-04-06T07:10:42+09:00					0
SRX044024	ce11	TFs and others	8501634	running	15898452		2026-04-06T07:10:42+09:00	2026-04-06T07:10:42+09:00					0
SRX054207	ce11	TFs and others	4220063	running	15898455		2026-04-06T07:10:42+09:00	2026-04-06T07:10:42+09:00					0
SRX054209	ce11	TFs and others	4918197	running	15898457		2026-04-06T07:10:42+09:00	2026-04-06T07:10:42+09:00					0
SRX054210	ce11	TFs and others	2182021	running	15898458		2026-04-06T07:10:42+09:00	2026-04-06T07:10:42+09:00					0
SRX054208	ce11	TFs and others	857311	running	15898456		2026-04-06T07:10:42+09:00	2026-04-06T07:10:42+09:00					0
SRX059223	ce11	Histone	17396159	submitted	15898488	2026-04-06T07:10:42+09:00							0
DRX184549	ce11	Histone	26291984	submitted	15898490	2026-04-06T07:10:59+09:00							0
DRX184550	ce11	Histone	23827690	submitted	15898491	2026-04-06T07:10:59+09:00							0
DRX184552	ce11	Histone	28391575	submitted	15898492	2026-04-06T07:10:59+09:00							0
DRX184553	ce11	Histone	29549494	submitted	15898493	2026-04-06T07:10:59+09:00							0
DRX184554	ce11	Histone	28727719	submitted	15898494	2026-04-06T07:10:59+09:00							0
DRX325719	ce11	TFs and others	8702767	submitted	15898495	2026-04-06T07:10:59+09:00							0
DRX325720	ce11	TFs and others	11514675	submitted	15898496	2026-04-06T07:10:59+09:00							0
DRX325721	ce11	TFs and others	8866489	submitted	15898497	2026-04-06T07:10:59+09:00							0
DRX325722	ce11	TFs and others	6786223	submitted	15898498	2026-04-06T07:10:59+09:00							0
DRX325723	ce11	Histone	12457621	submitted	15898499	2026-04-06T07:10:59+09:00							0
DRX325724	ce11	Histone	10465047	submitted	15898500	2026-04-06T07:10:59+09:00							0
DRX325725	ce11	Histone	9898854	submitted	15898501	2026-04-06T07:10:59+09:00							0
DRX325726	ce11	TFs and others	8969932	submitted	15898502	2026-04-06T07:10:59+09:00							0
DRX325727	ce11	TFs and others	7081179	submitted	15898503	2026-04-06T07:10:59+09:00							0
DRX325728	ce11	TFs and others	8994806	submitted	15898504	2026-04-06T07:10:59+09:00							0
DRX325732	ce11	TFs and others	9752273	submitted	15898505	2026-04-06T07:11:00+09:00							0
DRX325733	ce11	TFs and others	9468639	submitted	15898506	2026-04-06T07:11:00+09:00							0
DRX325734	ce11	TFs and others	11868273	submitted	15898507	2026-04-06T07:11:00+09:00							0
SRX043993	ce11	TFs and others	4165583	failed	15898423		2026-04-06T07:10:39+09:00	2026-04-06T07:11:25+09:00	12	34	46	no_bigwig_output	0
SRX054211	ce11	TFs and others	3671631	running	15898459		2026-04-06T07:11:26+09:00	2026-04-06T07:11:26+09:00					0
SRX044007	ce11	TFs and others	3061161	failed	15898437		2026-04-06T07:10:39+09:00	2026-04-06T07:11:28+09:00	13	35	48	no_bigwig_output	0
SRX054248	ce11	TFs and others	2689326	running	15898460		2026-04-06T07:11:29+09:00	2026-04-06T07:11:29+09:00					0
SRX044011	ce11	TFs and others	1068726	failed	15898441		2026-04-06T07:10:42+09:00	2026-04-06T07:11:29+09:00	25	22	47	no_bigwig_output	0
SRX054249	ce11	TFs and others	1817076	running	15898461		2026-04-06T07:11:31+09:00	2026-04-06T07:11:31+09:00					0
SRX043990	ce11	TFs and others	2703485	failed	15898420		2026-04-06T07:10:39+09:00	2026-04-06T07:11:35+09:00	15	41	56	no_bigwig_output	0
SRX054250	ce11	TFs and others	5712711	running	15898462		2026-04-06T07:11:36+09:00	2026-04-06T07:11:36+09:00					0
SRX043997	ce11	TFs and others	6342158	failed	15898427		2026-04-06T07:10:39+09:00	2026-04-06T07:11:39+09:00	15	45	60	no_bigwig_output	0
SRX044016	ce11	TFs and others	3180686	failed	15898446		2026-04-06T07:10:42+09:00	2026-04-06T07:11:40+09:00	30	28	58	no_bigwig_output	0
SRX054251	ce11	TFs and others	3852108	running	15898463		2026-04-06T07:11:41+09:00	2026-04-06T07:11:41+09:00					0
SRX054252	ce11	TFs and others	2829693	running	15898464		2026-04-06T07:11:41+09:00	2026-04-06T07:11:41+09:00					0
SRX043991	ce11	TFs and others	5006120	failed	15898421		2026-04-06T07:10:39+09:00	2026-04-06T07:11:42+09:00	11	52	63	no_bigwig_output	0
SRX044000	ce11	TFs and others	6981933	failed	15898430		2026-04-06T07:10:39+09:00	2026-04-06T07:11:43+09:00	10	29	39	no_bigwig_output	0
SRX054254	ce11	TFs and others	5858168	running	15898466		2026-04-06T07:11:44+09:00	2026-04-06T07:11:44+09:00					0
SRX054253	ce11	TFs and others	3535784	running	15898465		2026-04-06T07:11:44+09:00	2026-04-06T07:11:44+09:00					0
SRX043996	ce11	TFs and others	2863365	failed	15898426		2026-04-06T07:10:39+09:00	2026-04-06T07:11:44+09:00	23	42	65	no_bigwig_output	0
SRX054210	ce11	TFs and others	2182021	failed	15898458		2026-04-06T07:10:42+09:00	2026-04-06T07:11:44+09:00	35	27	62	no_bigwig_output	0
SRX054255	ce11	TFs and others	4832460	running	15898467		2026-04-06T07:11:47+09:00	2026-04-06T07:11:47+09:00					0
SRX054256	ce11	TFs and others	2727720	running	15898468		2026-04-06T07:11:47+09:00	2026-04-06T07:11:47+09:00					0
SRX043988	ce11	TFs and others	4379799	failed	15898418		2026-04-06T07:10:39+09:00	2026-04-06T07:11:47+09:00	14	54	68	no_bigwig_output	0
SRX054257	ce11	TFs and others	3573958	running	15898469		2026-04-06T07:11:50+09:00	2026-04-06T07:11:50+09:00					0
SRX044008	ce11	TFs and others	4291179	failed	15898438		2026-04-06T07:10:39+09:00	2026-04-06T07:11:52+09:00	15	58	73	no_bigwig_output	0
SRX054258	ce11	TFs and others	1934794	running	15898470		2026-04-06T07:11:54+09:00	2026-04-06T07:11:54+09:00					0
SRX044003	ce11	TFs and others	3242196	failed	15898433		2026-04-06T07:10:39+09:00	2026-04-06T07:11:54+09:00	10	50	60	no_bigwig_output	0
SRX044013	ce11	TFs and others	1894556	failed	15898443		2026-04-06T07:10:42+09:00	2026-04-06T07:11:54+09:00	33	39	72	no_bigwig_output	0
SRX054259	ce11	TFs and others	2438831	running	15898471		2026-04-06T07:11:56+09:00	2026-04-06T07:11:56+09:00					0
SRX054260	ce11	TFs and others	4173453	running	15898472		2026-04-06T07:11:56+09:00	2026-04-06T07:11:56+09:00					0
SRX044005	ce11	TFs and others	4031127	failed	15898435		2026-04-06T07:10:39+09:00	2026-04-06T07:11:57+09:00	13	65	78	no_bigwig_output	0
SRX054261	ce11	TFs and others	7119810	running	15898473		2026-04-06T07:11:59+09:00	2026-04-06T07:11:59+09:00					0
SRX043987	ce11	TFs and others	4732745	failed	15898417		2026-04-06T07:10:39+09:00	2026-04-06T07:11:59+09:00	16	64	80	no_bigwig_output	0
DRX325735	ce11	TFs and others	4893573	submitted	15898509	2026-04-06T07:12:00+09:00							0
DRX325736	ce11	Histone	14310611	submitted	15898510	2026-04-06T07:12:00+09:00							0
DRX325737	ce11	Histone	11448610	submitted	15898511	2026-04-06T07:12:00+09:00							0
DRX325738	ce11	Histone	5860851	submitted	15898512	2026-04-06T07:12:00+09:00							0
SRX044009	ce11	TFs and others	5195866	failed	15898439		2026-04-06T07:10:39+09:00	2026-04-06T07:12:00+09:00	21	60	81	no_bigwig_output	0
DRX325739	ce11	TFs and others	5711305	submitted	15898513	2026-04-06T07:12:00+09:00							0
DRX325740	ce11	TFs and others	8345806	submitted	15898514	2026-04-06T07:12:00+09:00							0
DRX325741	ce11	TFs and others	5935756	submitted	15898515	2026-04-06T07:12:00+09:00							0
SRX002673	ce11	TFs and others	11330473	submitted	15898516	2026-04-06T07:12:00+09:00							0
SRX002675	ce11	TFs and others	13766925	submitted	15898517	2026-04-06T07:12:00+09:00							0
SRX003816	ce11	RNA polymerase	11736857	submitted	15898518	2026-04-06T07:12:00+09:00							0
SRX003817	ce11	RNA polymerase	1634666	submitted	15898519	2026-04-06T07:12:00+09:00							0
SRX003818	ce11	RNA polymerase	15218948	submitted	15898520	2026-04-06T07:12:01+09:00							0
SRX003819	ce11	RNA polymerase	1427608	submitted	15898521	2026-04-06T07:12:01+09:00							0
SRX003820	ce11	RNA polymerase	15150543	submitted	15898522	2026-04-06T07:12:01+09:00							0
SRX003821	ce11	RNA polymerase	11374329	submitted	15898523	2026-04-06T07:12:01+09:00							0
SRX003822	ce11	RNA polymerase	11975152	submitted	15898524	2026-04-06T07:12:01+09:00							0
SRX003823	ce11	RNA polymerase	1124137	submitted	15898525	2026-04-06T07:12:01+09:00							0
SRX054262	ce11	TFs and others	2973812	running	15898474		2026-04-06T07:12:02+09:00	2026-04-06T07:12:02+09:00					0
SRX054263	ce11	TFs and others	2872705	running	15898475		2026-04-06T07:12:02+09:00	2026-04-06T07:12:02+09:00					0
SRX044001	ce11	TFs and others	3951440	failed	15898431		2026-04-06T07:10:39+09:00	2026-04-06T07:12:03+09:00	18	65	83	no_bigwig_output	0
SRX054208	ce11	TFs and others	857311	failed	15898456		2026-04-06T07:10:42+09:00	2026-04-06T07:12:03+09:00	6	16	22	no_bigwig_output	0
SRX043998	ce11	TFs and others	9803146	failed	15898428		2026-04-06T07:10:39+09:00	2026-04-06T07:12:04+09:00	17	68	85	no_bigwig_output	0
SRX054265	ce11	TFs and others	3994945	running	15898477		2026-04-06T07:12:05+09:00	2026-04-06T07:12:05+09:00					0
SRX054264	ce11	TFs and others	1060761	running	15898476		2026-04-06T07:12:05+09:00	2026-04-06T07:12:05+09:00					0
SRX054266	ce11	TFs and others	858599	running	15898478		2026-04-06T07:12:05+09:00	2026-04-06T07:12:05+09:00					0
SRX054249	ce11	TFs and others	1817076	failed	15898461		2026-04-06T07:11:31+09:00	2026-04-06T07:12:06+09:00	9	26	35	no_bigwig_output	0
SRX054303	ce11	TFs and others	4693546	running	15898479		2026-04-06T07:12:08+09:00	2026-04-06T07:12:08+09:00					0
SRX043995	ce11	TFs and others	5161232	failed	15898425		2026-04-06T07:10:39+09:00	2026-04-06T07:12:10+09:00	25	66	91	no_bigwig_output	0
SRX044004	ce11	TFs and others	4107237	failed	15898434		2026-04-06T07:10:39+09:00	2026-04-06T07:12:10+09:00	15	76	91	no_bigwig_output	0
SRX054305	ce11	TFs and others	2488882	running	15898481		2026-04-06T07:12:12+09:00	2026-04-06T07:12:12+09:00					0
SRX054304	ce11	TFs and others	3180657	running	15898480		2026-04-06T07:12:12+09:00	2026-04-06T07:12:12+09:00					0
SRX043989	ce11	TFs and others	5494920	failed	15898419		2026-04-06T07:10:39+09:00	2026-04-06T07:12:16+09:00	25	72	97	no_bigwig_output	0
SRX043994	ce11	TFs and others	9149187	failed	15898424		2026-04-06T07:10:39+09:00	2026-04-06T07:12:16+09:00	12	85	97	no_bigwig_output	0
SRX054307	ce11	TFs and others	5195407	running	15898483		2026-04-06T07:12:18+09:00	2026-04-06T07:12:18+09:00					0
SRX054306	ce11	TFs and others	4042196	running	15898482		2026-04-06T07:12:18+09:00	2026-04-06T07:12:18+09:00					0
SRX044002	ce11	TFs and others	4377247	failed	15898432		2026-04-06T07:10:39+09:00	2026-04-06T07:12:18+09:00	17	82	99	no_bigwig_output	0
SRX043999	ce11	TFs and others	4797823	failed	15898429		2026-04-06T07:10:39+09:00	2026-04-06T07:12:18+09:00	24	75	99	no_bigwig_output	0
SRX043992	ce11	TFs and others	6877445	failed	15898422		2026-04-06T07:10:39+09:00	2026-04-06T07:12:19+09:00	10	65	75	no_bigwig_output	0
SRX054308	ce11	TFs and others	2804733	running	15898484		2026-04-06T07:12:21+09:00	2026-04-06T07:12:21+09:00					0
SRX054310	ce11	TFs and others	1387623	running	15898486		2026-04-06T07:12:21+09:00	2026-04-06T07:12:21+09:00					0
SRX054309	ce11	TFs and others	3419652	running	15898485		2026-04-06T07:12:21+09:00	2026-04-06T07:12:21+09:00					0
SRX054266	ce11	TFs and others	858599	failed	15898478		2026-04-06T07:12:05+09:00	2026-04-06T07:12:22+09:00	6	11	17	no_bigwig_output	0
SRX054211	ce11	TFs and others	3671631	failed	15898459		2026-04-06T07:11:26+09:00	2026-04-06T07:12:22+09:00	20	36	56	no_bigwig_output	0
SRX054250	ce11	TFs and others	5712711	failed	15898462		2026-04-06T07:11:36+09:00	2026-04-06T07:12:23+09:00	13	34	47	no_bigwig_output	0
SRX054311	ce11	TFs and others	4502986	running	15898487		2026-04-06T07:12:24+09:00	2026-04-06T07:12:24+09:00					0
SRX059223	ce11	Histone	17396159	running	15898488		2026-04-06T07:12:24+09:00	2026-04-06T07:12:24+09:00					0
DRX184549	ce11	Histone	26291984	running	15898490		2026-04-06T07:12:24+09:00	2026-04-06T07:12:24+09:00					0
SRX054258	ce11	TFs and others	1934794	failed	15898470		2026-04-06T07:11:54+09:00	2026-04-06T07:12:25+09:00	8	23	31	no_bigwig_output	0
SRX054253	ce11	TFs and others	3535784	failed	15898465		2026-04-06T07:11:44+09:00	2026-04-06T07:12:26+09:00	11	30	41	no_bigwig_output	0
SRX054264	ce11	TFs and others	1060761	failed	15898476		2026-04-06T07:12:05+09:00	2026-04-06T07:12:26+09:00	6	15	21	no_bigwig_output	0
DRX184550	ce11	Histone	23827690	running	15898491		2026-04-06T07:12:27+09:00	2026-04-06T07:12:27+09:00					0
DRX184552	ce11	Histone	28391575	running	15898492		2026-04-06T07:12:27+09:00	2026-04-06T07:12:27+09:00					0
SRX054248	ce11	TFs and others	2689326	failed	15898460		2026-04-06T07:11:29+09:00	2026-04-06T07:12:27+09:00	17	41	58	no_bigwig_output	0
DRX184553	ce11	Histone	29549494	running	15898493		2026-04-06T07:12:27+09:00	2026-04-06T07:12:27+09:00					0
SRX054252	ce11	TFs and others	2829693	failed	15898464		2026-04-06T07:11:41+09:00	2026-04-06T07:12:28+09:00	11	36	47	no_bigwig_output	0
SRX044006	ce11	TFs and others	4786851	failed	15898436		2026-04-06T07:10:39+09:00	2026-04-06T07:12:29+09:00	21	88	109	no_bigwig_output	0
SRX044015	ce11	TFs and others	4109787	failed	15898445		2026-04-06T07:10:42+09:00	2026-04-06T07:12:29+09:00	53	54	107	no_bigwig_output	0
DRX325721	ce11	TFs and others	8866489	running	15898497		2026-04-06T07:12:30+09:00	2026-04-06T07:12:30+09:00					0
DRX325720	ce11	TFs and others	11514675	running	15898496		2026-04-06T07:12:30+09:00	2026-04-06T07:12:30+09:00					0
DRX325719	ce11	TFs and others	8702767	running	15898495		2026-04-06T07:12:30+09:00	2026-04-06T07:12:30+09:00					0
DRX184554	ce11	Histone	28727719	running	15898494		2026-04-06T07:12:30+09:00	2026-04-06T07:12:30+09:00					0
SRX054207	ce11	TFs and others	4220063	failed	15898455		2026-04-06T07:10:42+09:00	2026-04-06T07:12:33+09:00	53	58	111	no_bigwig_output	0
DRX325722	ce11	TFs and others	6786223	running	15898498		2026-04-06T07:12:34+09:00	2026-04-06T07:12:34+09:00					0
SRX054259	ce11	TFs and others	2438831	failed	15898471		2026-04-06T07:11:56+09:00	2026-04-06T07:12:37+09:00	8	33	41	no_bigwig_output	0
DRX325723	ce11	Histone	12457621	running	15898499		2026-04-06T07:12:38+09:00	2026-04-06T07:12:38+09:00					0
SRX054257	ce11	TFs and others	3573958	failed	15898469		2026-04-06T07:11:50+09:00	2026-04-06T07:12:38+09:00	17	31	48	no_bigwig_output	0
SRX054263	ce11	TFs and others	2872705	failed	15898475		2026-04-06T07:12:02+09:00	2026-04-06T07:12:40+09:00	9	29	38	no_bigwig_output	0
DRX325724	ce11	Histone	10465047	running	15898500		2026-04-06T07:12:41+09:00	2026-04-06T07:12:41+09:00					0
DRX325725	ce11	Histone	9898854	running	15898501		2026-04-06T07:12:41+09:00	2026-04-06T07:12:41+09:00					0
DRX325724	ce11	Histone	10465047	failed	15898500		2026-04-06T07:12:41+09:00	2026-04-06T07:12:41+09:00	0			no_fastq_found	0
SRX044012	ce11	TFs and others	3021900	failed	15898442		2026-04-06T07:10:42+09:00	2026-04-06T07:12:42+09:00	10	47	57	no_bigwig_output	0
SRX054251	ce11	TFs and others	3852108	failed	15898463		2026-04-06T07:11:41+09:00	2026-04-06T07:12:42+09:00	11	50	61	no_bigwig_output	0
SRX054262	ce11	TFs and others	2973812	failed	15898474		2026-04-06T07:12:02+09:00	2026-04-06T07:12:42+09:00	9	31	40	no_bigwig_output	0
SRX054310	ce11	TFs and others	1387623	failed	15898486		2026-04-06T07:12:21+09:00	2026-04-06T07:12:43+09:00	7	14	21	no_bigwig_output	0
DRX325726	ce11	TFs and others	8969932	running	15898502		2026-04-06T07:12:43+09:00	2026-04-06T07:12:43+09:00					0
DRX325727	ce11	TFs and others	7081179	running	15898503		2026-04-06T07:12:43+09:00	2026-04-06T07:12:43+09:00					0
DRX325732	ce11	TFs and others	9752273	running	15898505		2026-04-06T07:12:43+09:00	2026-04-06T07:12:43+09:00					0
DRX325728	ce11	TFs and others	8994806	running	15898504		2026-04-06T07:12:43+09:00	2026-04-06T07:12:43+09:00					0
SRX044018	ce11	TFs and others	5072408	failed	15898448		2026-04-06T07:10:42+09:00	2026-04-06T07:12:44+09:00	60	62	122	no_bigwig_output	0
SRX054256	ce11	TFs and others	2727720	failed	15898468		2026-04-06T07:11:47+09:00	2026-04-06T07:12:44+09:00	12	45	57	no_bigwig_output	0
DRX325733	ce11	TFs and others	9468639	running	15898506		2026-04-06T07:12:46+09:00	2026-04-06T07:12:46+09:00					0
DRX325734	ce11	TFs and others	11868273	running	15898507		2026-04-06T07:12:46+09:00	2026-04-06T07:12:46+09:00					0
DRX325735	ce11	TFs and others	4893573	running	15898509		2026-04-06T07:12:46+09:00	2026-04-06T07:12:46+09:00					0
SRX044014	ce11	TFs and others	4416551	failed	15898444		2026-04-06T07:10:42+09:00	2026-04-06T07:12:46+09:00	55	69	124	no_bigwig_output	0
SRX054305	ce11	TFs and others	2488882	failed	15898481		2026-04-06T07:12:12+09:00	2026-04-06T07:12:48+09:00	8	28	36	no_bigwig_output	0
DRX325737	ce11	Histone	11448610	running	15898511		2026-04-06T07:12:50+09:00	2026-04-06T07:12:50+09:00					0
DRX325736	ce11	Histone	14310611	running	15898510		2026-04-06T07:12:50+09:00	2026-04-06T07:12:50+09:00					0
SRX054260	ce11	TFs and others	4173453	failed	15898472		2026-04-06T07:11:56+09:00	2026-04-06T07:12:51+09:00	13	42	55	no_bigwig_output	0
DRX325738	ce11	Histone	5860851	running	15898512		2026-04-06T07:12:52+09:00	2026-04-06T07:12:52+09:00					0
SRX054304	ce11	TFs and others	3180657	failed	15898480		2026-04-06T07:12:12+09:00	2026-04-06T07:12:54+09:00	10	32	42	no_bigwig_output	0
DRX325739	ce11	TFs and others	5711305	running	15898513		2026-04-06T07:12:55+09:00	2026-04-06T07:12:55+09:00					0
SRX054205	ce11	TFs and others	5395132	failed	15898453		2026-04-06T07:10:42+09:00	2026-04-06T07:12:55+09:00	66	67	133	no_bigwig_output	0
SRX044010	ce11	TFs and others	5285403	failed	15898440		2026-04-06T07:10:42+09:00	2026-04-06T07:12:57+09:00	63	72	135	no_bigwig_output	0
DRX325740	ce11	TFs and others	8345806	running	15898514		2026-04-06T07:12:58+09:00	2026-04-06T07:12:58+09:00					0
DRX325741	ce11	TFs and others	5935756	running	15898515		2026-04-06T07:12:58+09:00	2026-04-06T07:12:58+09:00					0
SRX054254	ce11	TFs and others	5858168	failed	15898466		2026-04-06T07:11:44+09:00	2026-04-06T07:12:59+09:00	14	61	75	no_bigwig_output	0
SRX054209	ce11	TFs and others	4918197	failed	15898457		2026-04-06T07:10:42+09:00	2026-04-06T07:12:59+09:00	59	78	137	no_bigwig_output	0
SRX002675	ce11	TFs and others	13766925	running	15898517		2026-04-06T07:13:01+09:00	2026-04-06T07:13:01+09:00					0
SRX002673	ce11	TFs and others	11330473	running	15898516		2026-04-06T07:13:01+09:00	2026-04-06T07:13:01+09:00					0
SRX054303	ce11	TFs and others	4693546	failed	15898479		2026-04-06T07:12:08+09:00	2026-04-06T07:13:01+09:00	11	42	53	no_bigwig_output	0
SRX003816	ce11	RNA polymerase	11736857	running	15898518		2026-04-06T07:13:04+09:00	2026-04-06T07:13:04+09:00					0
SRX054255	ce11	TFs and others	4832460	failed	15898467		2026-04-06T07:11:47+09:00	2026-04-06T07:13:04+09:00	16	61	77	no_bigwig_output	0
SRX003817	ce11	RNA polymerase	1634666	running	15898519		2026-04-06T07:13:07+09:00	2026-04-06T07:13:07+09:00					0
SRX044017	ce11	TFs and others	5399491	failed	15898447		2026-04-06T07:10:42+09:00	2026-04-06T07:13:07+09:00	65	80	145	no_bigwig_output	0
SRX054309	ce11	TFs and others	3419652	failed	15898485		2026-04-06T07:12:21+09:00	2026-04-06T07:13:09+09:00	9	39	48	no_bigwig_output	0
SRX003819	ce11	RNA polymerase	1427608	running	15898521		2026-04-06T07:13:10+09:00	2026-04-06T07:13:10+09:00					0
SRX003818	ce11	RNA polymerase	15218948	running	15898520		2026-04-06T07:13:10+09:00	2026-04-06T07:13:10+09:00					0
SRX054306	ce11	TFs and others	4042196	failed	15898482		2026-04-06T07:12:18+09:00	2026-04-06T07:13:11+09:00	11	42	53	no_bigwig_output	0
SRX054308	ce11	TFs and others	2804733	failed	15898484		2026-04-06T07:12:21+09:00	2026-04-06T07:13:11+09:00	9	41	50	no_bigwig_output	0
SRX054206	ce11	TFs and others	6132744	failed	15898454		2026-04-06T07:10:42+09:00	2026-04-06T07:13:13+09:00	74	76	150	no_bigwig_output	0
SRX003820	ce11	RNA polymerase	15150543	running	15898522		2026-04-06T07:13:13+09:00	2026-04-06T07:13:13+09:00					0
SRX003821	ce11	RNA polymerase	11374329	running	15898523		2026-04-06T07:13:13+09:00	2026-04-06T07:13:13+09:00					0
SRX054265	ce11	TFs and others	3994945	failed	15898477		2026-04-06T07:12:05+09:00	2026-04-06T07:13:14+09:00	19	50	69	no_bigwig_output	0
SRX054307	ce11	TFs and others	5195407	failed	15898483		2026-04-06T07:12:18+09:00	2026-04-06T07:13:14+09:00	12	44	56	no_bigwig_output	0
SRX003822	ce11	RNA polymerase	11975152	running	15898524		2026-04-06T07:13:16+09:00	2026-04-06T07:13:16+09:00					0
SRX003823	ce11	RNA polymerase	1124137	running	15898525		2026-04-06T07:13:16+09:00	2026-04-06T07:13:16+09:00					0
SRX054261	ce11	TFs and others	7119810	failed	15898473		2026-04-06T07:11:59+09:00	2026-04-06T07:13:17+09:00	15	63	78	no_bigwig_output	0
SRX054311	ce11	TFs and others	4502986	failed	15898487		2026-04-06T07:12:24+09:00	2026-04-06T07:13:21+09:00	13	44	57	no_bigwig_output	0
SRX044024	ce11	TFs and others	8501634	failed	15898452		2026-04-06T07:10:42+09:00	2026-04-06T07:13:32+09:00	95	74	169	no_bigwig_output	0
SRX002675	ce11	TFs and others	13766925	done	15898517		2026-04-06T07:13:01+09:00	2026-04-06T07:13:33+09:00	9	23	32		0
SRX003817	ce11	RNA polymerase	1634666	done	15898519		2026-04-06T07:13:07+09:00	2026-04-06T07:13:33+09:00	6	20	26		0
SRX003819	ce11	RNA polymerase	1427608	done	15898521		2026-04-06T07:13:10+09:00	2026-04-06T07:13:35+09:00	7	18	25		0
SRX044021	ce11	TFs and others	14244415	failed	15898449		2026-04-06T07:10:42+09:00	2026-04-06T07:13:36+09:00	26	117	143	no_bigwig_output	0
SRX003823	ce11	RNA polymerase	1124137	done	15898525		2026-04-06T07:13:16+09:00	2026-04-06T07:13:37+09:00	8	13	21		0
SRX002673	ce11	TFs and others	11330473	done	15898516		2026-04-06T07:13:01+09:00	2026-04-06T07:14:02+09:00	11	50	61		0
SRX003816	ce11	RNA polymerase	11736857	done	15898518		2026-04-06T07:13:04+09:00	2026-04-06T07:14:09+09:00	23	42	65		0
SRX044022	ce11	TFs and others	11454976	failed	15898450		2026-04-06T07:10:42+09:00	2026-04-06T07:14:18+09:00	120	96	216	no_bigwig_output	0
SRX044023	ce11	TFs and others	28993063	failed	15898451		2026-04-06T07:10:42+09:00	2026-04-06T07:14:30+09:00	128	100	228	no_bigwig_output	0
SRX003821	ce11	RNA polymerase	11374329	done	15898523		2026-04-06T07:13:13+09:00	2026-04-06T07:14:43+09:00	23	66	89		0
SRX003818	ce11	RNA polymerase	15218948	done	15898520		2026-04-06T07:13:10+09:00	2026-04-06T07:15:12+09:00	27	94	121		0
SRX003822	ce11	RNA polymerase	11975152	done	15898524		2026-04-06T07:13:16+09:00	2026-04-06T07:15:15+09:00	25	94	119		0
SRX003820	ce11	RNA polymerase	15150543	done	15898522		2026-04-06T07:13:13+09:00	2026-04-06T07:16:07+09:00	28	145	173		0
SRX059223	ce11	Histone	17396159	failed	15898488		2026-04-06T07:12:24+09:00	2026-04-06T07:18:25+09:00	38	322	360	no_bigwig_output	0
DRX325735	ce11	TFs and others	4893573	done	15898509		2026-04-06T07:12:46+09:00	2026-04-06T07:18:38+09:00	0	351	351		0
DRX325741	ce11	TFs and others	5935756	done	15898515		2026-04-06T07:12:58+09:00	2026-04-06T07:18:55+09:00	0	357	357		0
DRX325722	ce11	TFs and others	6786223	done	15898498		2026-04-06T07:12:34+09:00	2026-04-06T07:19:11+09:00	0	396	396		0
DRX325739	ce11	TFs and others	5711305	done	15898513		2026-04-06T07:12:55+09:00	2026-04-06T07:19:32+09:00	38	359	397		0
DRX184550	ce11	Histone	23827690	done	15898491		2026-04-06T07:12:27+09:00	2026-04-06T07:19:38+09:00	0	431	431		0
DRX325719	ce11	TFs and others	8702767	done	15898495		2026-04-06T07:12:30+09:00	2026-04-06T07:19:54+09:00	0	443	443		0
DRX325738	ce11	Histone	5860851	done	15898512		2026-04-06T07:12:52+09:00	2026-04-06T07:20:02+09:00	0	429	429		0
DRX325727	ce11	TFs and others	7081179	done	15898503		2026-04-06T07:12:43+09:00	2026-04-06T07:20:08+09:00	0	444	444		0
DRX184549	ce11	Histone	26291984	done	15898490		2026-04-06T07:12:24+09:00	2026-04-06T07:20:31+09:00	0	487	487		0
DRX184553	ce11	Histone	29549494	done	15898493		2026-04-06T07:12:27+09:00	2026-04-06T07:20:55+09:00	0	508	508		0
DRX184554	ce11	Histone	28727719	done	15898494		2026-04-06T07:12:30+09:00	2026-04-06T07:20:58+09:00	0	507	507		0
DRX184552	ce11	Histone	28391575	done	15898492		2026-04-06T07:12:27+09:00	2026-04-06T07:21:03+09:00	0	516	516		0
DRX325732	ce11	TFs and others	9752273	done	15898505		2026-04-06T07:12:43+09:00	2026-04-06T07:21:19+09:00	0	515	515		0
DRX325725	ce11	Histone	9898854	done	15898501		2026-04-06T07:12:41+09:00	2026-04-06T07:22:25+09:00	0	583	583		0
DRX325740	ce11	TFs and others	8345806	done	15898514		2026-04-06T07:12:58+09:00	2026-04-06T07:22:43+09:00	52	532	584		0
DRX325721	ce11	TFs and others	8866489	done	15898497		2026-04-06T07:12:30+09:00	2026-04-06T07:23:01+09:00	0	631	631		0
DRX325728	ce11	TFs and others	8994806	done	15898504		2026-04-06T07:12:43+09:00	2026-04-06T07:23:29+09:00	0	646	646		0
DRX325720	ce11	TFs and others	11514675	done	15898496		2026-04-06T07:12:30+09:00	2026-04-06T07:23:31+09:00	0	660	660		0
DRX325733	ce11	TFs and others	9468639	done	15898506		2026-04-06T07:12:46+09:00	2026-04-06T07:23:57+09:00	0	669	669		0
DRX325726	ce11	TFs and others	8969932	done	15898502		2026-04-06T07:12:43+09:00	2026-04-06T07:24:06+09:00	0	683	683		0
DRX325723	ce11	Histone	12457621	done	15898499		2026-04-06T07:12:38+09:00	2026-04-06T07:25:22+09:00	0	763	763		0
DRX325737	ce11	Histone	11448610	done	15898511		2026-04-06T07:12:50+09:00	2026-04-06T07:27:00+09:00	0	850	850		0
DRX325736	ce11	Histone	14310611	done	15898510		2026-04-06T07:12:50+09:00	2026-04-06T07:27:19+09:00	0	869	869		0
DRX325734	ce11	TFs and others	11868273	done	15898507		2026-04-06T07:12:46+09:00	2026-04-06T07:28:26+09:00	81	859	940		0
DRX184548	ce11	Histone	32033954	submitted	15899628	2026-04-06T10:59:55+09:00							0
DRX325724	ce11	Histone	10465047	submitted	15899629	2026-04-06T10:59:55+09:00							0
SRX003824	ce11	RNA polymerase	14069076	submitted	15899630	2026-04-06T10:59:55+09:00							0
SRX003825	ce11	RNA polymerase	8444506	submitted	15899631	2026-04-06T10:59:55+09:00							0
SRX003830	ce11	TFs and others	3085377	submitted	15899632	2026-04-06T10:59:55+09:00							0
SRX003832	ce11	TFs and others	1465710	submitted	15899633	2026-04-06T10:59:55+09:00							0
SRX005625	ce11	TFs and others	5707229	submitted	15899634	2026-04-06T10:59:55+09:00							0
SRX005626	ce11	RNA polymerase	4820475	submitted	15899635	2026-04-06T10:59:56+09:00							0
SRX005628	ce11	TFs and others	7403385	submitted	15899636	2026-04-06T10:59:56+09:00							0
SRX005629	ce11	RNA polymerase	4040048	submitted	15899637	2026-04-06T10:59:56+09:00							0
SRX005631	ce11	TFs and others	3482818	submitted	15899638	2026-04-06T10:59:56+09:00							0
SRX003830	ce11	TFs and others	3085377	running	15899632		2026-04-06T10:59:56+09:00	2026-04-06T10:59:56+09:00					0
DRX184548	ce11	Histone	32033954	running	15899628		2026-04-06T10:59:56+09:00	2026-04-06T10:59:56+09:00					0
SRX003824	ce11	RNA polymerase	14069076	running	15899630		2026-04-06T10:59:56+09:00	2026-04-06T10:59:56+09:00					0
SRX003832	ce11	TFs and others	1465710	running	15899633		2026-04-06T10:59:56+09:00	2026-04-06T10:59:56+09:00					0
SRX005625	ce11	TFs and others	5707229	running	15899634		2026-04-06T10:59:56+09:00	2026-04-06T10:59:56+09:00					0
DRX325724	ce11	Histone	10465047	running	15899629		2026-04-06T10:59:56+09:00	2026-04-06T10:59:56+09:00					0
SRX005632	ce11	RNA polymerase	4652073	submitted	15899639	2026-04-06T10:59:56+09:00							0
DRX325724	ce11	Histone	10465047	failed	15899629		2026-04-06T10:59:56+09:00	2026-04-06T10:59:56+09:00	0			no_fastq_found	0
SRX003825	ce11	RNA polymerase	8444506	running	15899631		2026-04-06T10:59:56+09:00	2026-04-06T10:59:56+09:00					0
SRX005634	ce11	TFs and others	4418118	submitted	15899640	2026-04-06T10:59:56+09:00							0
SRX005635	ce11	RNA polymerase	1958846	submitted	15899641	2026-04-06T10:59:56+09:00							0
SRX005628	ce11	TFs and others	7403385	running	15899636		2026-04-06T10:59:56+09:00	2026-04-06T10:59:56+09:00					0
SRX005632	ce11	RNA polymerase	4652073	running	15899639		2026-04-06T10:59:56+09:00	2026-04-06T10:59:56+09:00					0
SRX005626	ce11	RNA polymerase	4820475	running	15899635		2026-04-06T10:59:56+09:00	2026-04-06T10:59:56+09:00					0
SRX005631	ce11	TFs and others	3482818	running	15899638		2026-04-06T10:59:56+09:00	2026-04-06T10:59:56+09:00					0
SRX005629	ce11	RNA polymerase	4040048	running	15899637		2026-04-06T10:59:56+09:00	2026-04-06T10:59:56+09:00					0
SRX005637	ce11	TFs and others	2245066	submitted	15899642	2026-04-06T10:59:56+09:00							0
SRX005639	ce11	TFs and others	5286180	submitted	15899643	2026-04-06T10:59:56+09:00							0
SRX005648	ce11	RNA polymerase	4134711	submitted	15899644	2026-04-06T10:59:56+09:00							0
SRX005649	ce11	RNA polymerase	5019687	submitted	15899645	2026-04-06T10:59:56+09:00							0
SRX005650	ce11	RNA polymerase	2855301	submitted	15899646	2026-04-06T10:59:56+09:00							0
SRX005651	ce11	RNA polymerase	12672720	submitted	15899647	2026-04-06T10:59:56+09:00							0
SRX012297	ce11	Histone	8379722	submitted	15899648	2026-04-06T10:59:56+09:00							0
SRX012298	ce11	Histone	7829986	submitted	15899649	2026-04-06T10:59:56+09:00							0
SRX012300	ce11	Histone	13402463	submitted	15899650	2026-04-06T10:59:56+09:00							0
SRX015093	ce11	TFs and others	4009487	submitted	15899651	2026-04-06T10:59:57+09:00							0
SRX015094	ce11	TFs and others	4453409	submitted	15899652	2026-04-06T10:59:57+09:00							0
SRX015096	ce11	TFs and others	5078643	submitted	15899653	2026-04-06T10:59:57+09:00							0
SRX015098	ce11	TFs and others	4816763	submitted	15899654	2026-04-06T10:59:57+09:00							0
SRX015100	ce11	TFs and others	25901	submitted	15899655	2026-04-06T10:59:57+09:00							0
SRX015102	ce11	TFs and others	19233	submitted	15899656	2026-04-06T10:59:57+09:00							0
SRX027098	ce11	TFs and others	10435718	submitted	15899657	2026-04-06T10:59:57+09:00							0
SRX027210	ce11	Histone	21006018	submitted	15899658	2026-04-06T10:59:57+09:00							0
SRX027211	ce11	Histone	16264926	submitted	15899659	2026-04-06T10:59:57+09:00							0
SRX043843	ce11	RNA polymerase	2045900	submitted	15899660	2026-04-06T10:59:57+09:00							0
SRX043844	ce11	RNA polymerase	7488173	submitted	15899661	2026-04-06T10:59:57+09:00							0
SRX043845	ce11	RNA polymerase	4001586	submitted	15899662	2026-04-06T10:59:57+09:00							0
SRX043846	ce11	RNA polymerase	4359117	submitted	15899663	2026-04-06T10:59:57+09:00							0
SRX043847	ce11	TFs and others	11728071	submitted	15899664	2026-04-06T10:59:57+09:00							0
SRX043848	ce11	TFs and others	7291448	submitted	15899665	2026-04-06T10:59:57+09:00							0
SRX043849	ce11	TFs and others	3514796	submitted	15899666	2026-04-06T10:59:57+09:00							0
SRX005637	ce11	TFs and others	2245066	running	15899642		2026-04-06T10:59:58+09:00	2026-04-06T10:59:58+09:00					0
SRX005635	ce11	RNA polymerase	1958846	running	15899641		2026-04-06T10:59:58+09:00	2026-04-06T10:59:58+09:00					0
SRX005634	ce11	TFs and others	4418118	running	15899640		2026-04-06T10:59:58+09:00	2026-04-06T10:59:58+09:00					0
SRX043850	ce11	TFs and others	3287005	submitted	15899667	2026-04-06T10:59:58+09:00							0
SRX005648	ce11	RNA polymerase	4134711	running	15899644		2026-04-06T10:59:58+09:00	2026-04-06T10:59:58+09:00					0
SRX005651	ce11	RNA polymerase	12672720	running	15899647		2026-04-06T10:59:58+09:00	2026-04-06T10:59:58+09:00					0
SRX012298	ce11	Histone	7829986	running	15899649		2026-04-06T10:59:58+09:00	2026-04-06T10:59:58+09:00					0
SRX005650	ce11	RNA polymerase	2855301	running	15899646		2026-04-06T10:59:58+09:00	2026-04-06T10:59:58+09:00					0
SRX043849	ce11	TFs and others	3514796	running	15899666		2026-04-06T10:59:58+09:00	2026-04-06T10:59:58+09:00					0
SRX012297	ce11	Histone	8379722	running	15899648		2026-04-06T10:59:58+09:00	2026-04-06T10:59:58+09:00					0
SRX043848	ce11	TFs and others	7291448	running	15899665		2026-04-06T10:59:58+09:00	2026-04-06T10:59:58+09:00					0
SRX015096	ce11	TFs and others	5078643	running	15899653		2026-04-06T10:59:58+09:00	2026-04-06T10:59:58+09:00					0
SRX005649	ce11	RNA polymerase	5019687	running	15899645		2026-04-06T10:59:58+09:00	2026-04-06T10:59:58+09:00					0
SRX043847	ce11	TFs and others	11728071	running	15899664		2026-04-06T10:59:58+09:00	2026-04-06T10:59:58+09:00					0
SRX012300	ce11	Histone	13402463	running	15899650		2026-04-06T10:59:58+09:00	2026-04-06T10:59:58+09:00					0
SRX015098	ce11	TFs and others	4816763	running	15899654		2026-04-06T10:59:58+09:00	2026-04-06T10:59:58+09:00					0
SRX015094	ce11	TFs and others	4453409	running	15899652		2026-04-06T10:59:58+09:00	2026-04-06T10:59:58+09:00					0
SRX043844	ce11	RNA polymerase	7488173	running	15899661		2026-04-06T10:59:58+09:00	2026-04-06T10:59:58+09:00					0
SRX043845	ce11	RNA polymerase	4001586	running	15899662		2026-04-06T10:59:58+09:00	2026-04-06T10:59:58+09:00					0
SRX027098	ce11	TFs and others	10435718	running	15899657		2026-04-06T10:59:58+09:00	2026-04-06T10:59:58+09:00					0
SRX043846	ce11	RNA polymerase	4359117	running	15899663		2026-04-06T10:59:58+09:00	2026-04-06T10:59:58+09:00					0
SRX027210	ce11	Histone	21006018	running	15899658		2026-04-06T10:59:58+09:00	2026-04-06T10:59:58+09:00					0
SRX043843	ce11	RNA polymerase	2045900	running	15899660		2026-04-06T10:59:58+09:00	2026-04-06T10:59:58+09:00					0
SRX027211	ce11	Histone	16264926	running	15899659		2026-04-06T10:59:58+09:00	2026-04-06T10:59:58+09:00					0
SRX043851	ce11	TFs and others	4453021	submitted	15899668	2026-04-06T10:59:58+09:00							0
SRX005639	ce11	TFs and others	5286180	running	15899643		2026-04-06T10:59:58+09:00	2026-04-06T10:59:58+09:00					0
SRX015102	ce11	TFs and others	19233	running	15899656		2026-04-06T10:59:58+09:00	2026-04-06T10:59:58+09:00					0
SRX015100	ce11	TFs and others	25901	running	15899655		2026-04-06T10:59:58+09:00	2026-04-06T10:59:58+09:00					0
SRX015093	ce11	TFs and others	4009487	running	15899651		2026-04-06T10:59:58+09:00	2026-04-06T10:59:58+09:00					0
SRX043852	ce11	TFs and others	3814569	submitted	15899669	2026-04-06T10:59:58+09:00							0
SRX043853	ce11	TFs and others	4175238	submitted	15899670	2026-04-06T10:59:58+09:00							0
SRX043854	ce11	TFs and others	3382293	submitted	15899671	2026-04-06T10:59:58+09:00							0
SRX043855	ce11	TFs and others	1826485	submitted	15899672	2026-04-06T10:59:58+09:00							0
SRX043856	ce11	TFs and others	1320973	submitted	15899673	2026-04-06T10:59:58+09:00							0
SRX043857	ce11	TFs and others	1463940	submitted	15899674	2026-04-06T10:59:58+09:00							0
SRX043858	ce11	TFs and others	7132310	submitted	15899675	2026-04-06T10:59:58+09:00							0
SRX043859	ce11	TFs and others	8510752	submitted	15899676	2026-04-06T10:59:58+09:00							0
SRX043860	ce11	TFs and others	6078507	submitted	15899677	2026-04-06T10:59:58+09:00							0
SRX043861	ce11	TFs and others	10748447	submitted	15899678	2026-04-06T10:59:58+09:00							0
SRX043862	ce11	TFs and others	11262656	submitted	15899679	2026-04-06T10:59:58+09:00							0
SRX043863	ce11	RNA polymerase	4304838	submitted	15899680	2026-04-06T10:59:58+09:00							0
SRX043864	ce11	RNA polymerase	4157862	submitted	15899681	2026-04-06T10:59:59+09:00							0
SRX043865	ce11	RNA polymerase	3999191	submitted	15899682	2026-04-06T10:59:59+09:00							0
SRX043866	ce11	RNA polymerase	3435784	submitted	15899683	2026-04-06T10:59:59+09:00							0
SRX043867	ce11	RNA polymerase	2762967	submitted	15899684	2026-04-06T10:59:59+09:00							0
SRX043868	ce11	RNA polymerase	5066974	submitted	15899685	2026-04-06T10:59:59+09:00							0
SRX043869	ce11	RNA polymerase	3075775	submitted	15899686	2026-04-06T10:59:59+09:00							0
SRX043870	ce11	RNA polymerase	2643487	submitted	15899687	2026-04-06T10:59:59+09:00							0
SRX043871	ce11	RNA polymerase	1960399	submitted	15899688	2026-04-06T10:59:59+09:00							0
SRX043872	ce11	RNA polymerase	3046025	submitted	15899689	2026-04-06T10:59:59+09:00							0
SRX043873	ce11	RNA polymerase	6195176	submitted	15899690	2026-04-06T10:59:59+09:00							0
SRX043874	ce11	RNA polymerase	1982871	submitted	15899691	2026-04-06T10:59:59+09:00							0
SRX043875	ce11	RNA polymerase	7475940	submitted	15899692	2026-04-06T10:59:59+09:00							0
SRX043876	ce11	RNA polymerase	3599715	submitted	15899693	2026-04-06T10:59:59+09:00							0
SRX043877	ce11	RNA polymerase	2360699	submitted	15899694	2026-04-06T10:59:59+09:00							0
SRX043878	ce11	RNA polymerase	3432445	submitted	15899695	2026-04-06T10:59:59+09:00							0
SRX043879	ce11	RNA polymerase	10071493	submitted	15899696	2026-04-06T10:59:59+09:00							0
SRX043880	ce11	RNA polymerase	7075959	submitted	15899697	2026-04-06T11:00:00+09:00							0
SRX043881	ce11	RNA polymerase	16766619	submitted	15899698	2026-04-06T11:00:00+09:00							0
SRX043882	ce11	RNA polymerase	4267892	submitted	15899699	2026-04-06T11:00:00+09:00							0
SRX043963	ce11	RNA polymerase	4549636	submitted	15899700	2026-04-06T11:00:00+09:00							0
SRX043964	ce11	RNA polymerase	2183551	submitted	15899701	2026-04-06T11:00:00+09:00							0
SRX043965	ce11	RNA polymerase	3926903	submitted	15899702	2026-04-06T11:00:00+09:00							0
SRX043966	ce11	RNA polymerase	3599010	submitted	15899703	2026-04-06T11:00:00+09:00							0
SRX043967	ce11	RNA polymerase	12256900	submitted	15899704	2026-04-06T11:00:00+09:00							0
SRX043968	ce11	RNA polymerase	4103691	submitted	15899705	2026-04-06T11:00:00+09:00							0
SRX043969	ce11	RNA polymerase	3528845	submitted	15899706	2026-04-06T11:00:00+09:00							0
SRX043970	ce11	RNA polymerase	2798572	submitted	15899707	2026-04-06T11:00:00+09:00							0
SRX043971	ce11	TFs and others	4294421	submitted	15899708	2026-04-06T11:00:00+09:00							0
SRX043972	ce11	TFs and others	3197636	submitted	15899709	2026-04-06T11:00:00+09:00							0
SRX043973	ce11	TFs and others	3303542	submitted	15899710	2026-04-06T11:00:00+09:00							0
SRX043974	ce11	TFs and others	3398599	submitted	15899711	2026-04-06T11:00:00+09:00							0
SRX043975	ce11	TFs and others	4302276	submitted	15899712	2026-04-06T11:00:01+09:00							0
SRX043850	ce11	TFs and others	3287005	running	15899667		2026-04-06T11:00:01+09:00	2026-04-06T11:00:01+09:00					0
SRX043853	ce11	TFs and others	4175238	running	15899670		2026-04-06T11:00:01+09:00	2026-04-06T11:00:01+09:00					0
SRX043851	ce11	TFs and others	4453021	running	15899668		2026-04-06T11:00:01+09:00	2026-04-06T11:00:01+09:00					0
SRX043852	ce11	TFs and others	3814569	running	15899669		2026-04-06T11:00:01+09:00	2026-04-06T11:00:01+09:00					0
SRX043976	ce11	TFs and others	2875667	submitted	15899713	2026-04-06T11:00:01+09:00							0
SRX043977	ce11	TFs and others	4078616	submitted	15899714	2026-04-06T11:00:01+09:00							0
SRX043978	ce11	TFs and others	4078616	submitted	15899715	2026-04-06T11:00:01+09:00							0
SRX043979	ce11	TFs and others	4095660	submitted	15899716	2026-04-06T11:00:01+09:00							0
SRX043980	ce11	TFs and others	2422483	submitted	15899717	2026-04-06T11:00:01+09:00							0
SRX043981	ce11	TFs and others	4793412	submitted	15899718	2026-04-06T11:00:01+09:00							0
SRX043982	ce11	TFs and others	4849260	submitted	15899719	2026-04-06T11:00:01+09:00							0
SRX043983	ce11	TFs and others	2937474	submitted	15899720	2026-04-06T11:00:01+09:00							0
SRX043984	ce11	TFs and others	3793195	submitted	15899721	2026-04-06T11:00:01+09:00							0
SRX043985	ce11	TFs and others	6024710	submitted	15899722	2026-04-06T11:00:01+09:00							0
SRX043986	ce11	TFs and others	4785340	submitted	15899723	2026-04-06T11:00:01+09:00							0
SRX043987	ce11	TFs and others	4732745	submitted	15899724	2026-04-06T11:00:01+09:00							0
SRX043988	ce11	TFs and others	4379799	submitted	15899725	2026-04-06T11:00:01+09:00							0
SRX043989	ce11	TFs and others	5494920	submitted	15899726	2026-04-06T11:00:02+09:00							0
SRX043990	ce11	TFs and others	2703485	submitted	15899727	2026-04-06T11:00:02+09:00							0
SRX043991	ce11	TFs and others	5006120	submitted	15899728	2026-04-06T11:00:02+09:00							0
SRX043992	ce11	TFs and others	6877445	submitted	15899729	2026-04-06T11:00:02+09:00							0
SRX043993	ce11	TFs and others	4165583	submitted	15899730	2026-04-06T11:00:02+09:00							0
SRX043994	ce11	TFs and others	9149187	submitted	15899731	2026-04-06T11:00:02+09:00							0
SRX043995	ce11	TFs and others	5161232	submitted	15899732	2026-04-06T11:00:02+09:00							0
SRX043996	ce11	TFs and others	2863365	submitted	15899733	2026-04-06T11:00:02+09:00							0
SRX043997	ce11	TFs and others	6342158	submitted	15899734	2026-04-06T11:00:02+09:00							0
SRX043998	ce11	TFs and others	9803146	submitted	15899735	2026-04-06T11:00:02+09:00							0
SRX043999	ce11	TFs and others	4797823	submitted	15899736	2026-04-06T11:00:02+09:00							0
SRX044000	ce11	TFs and others	6981933	submitted	15899737	2026-04-06T11:00:02+09:00							0
SRX044001	ce11	TFs and others	3951440	submitted	15899738	2026-04-06T11:00:02+09:00							0
SRX044002	ce11	TFs and others	4377247	submitted	15899739	2026-04-06T11:00:02+09:00							0
SRX044003	ce11	TFs and others	3242196	submitted	15899740	2026-04-06T11:00:02+09:00							0
SRX044004	ce11	TFs and others	4107237	submitted	15899741	2026-04-06T11:00:03+09:00							0
SRX044005	ce11	TFs and others	4031127	submitted	15899742	2026-04-06T11:00:03+09:00							0
SRX044006	ce11	TFs and others	4786851	submitted	15899743	2026-04-06T11:00:03+09:00							0
SRX044007	ce11	TFs and others	3061161	submitted	15899744	2026-04-06T11:00:03+09:00							0
SRX044008	ce11	TFs and others	4291179	submitted	15899745	2026-04-06T11:00:03+09:00							0
SRX044009	ce11	TFs and others	5195866	submitted	15899746	2026-04-06T11:00:03+09:00							0
SRX044010	ce11	TFs and others	5285403	submitted	15899747	2026-04-06T11:00:03+09:00							0
SRX044011	ce11	TFs and others	1068726	submitted	15899748	2026-04-06T11:00:03+09:00							0
SRX044012	ce11	TFs and others	3021900	submitted	15899749	2026-04-06T11:00:03+09:00							0
SRX044013	ce11	TFs and others	1894556	submitted	15899750	2026-04-06T11:00:03+09:00							0
SRX044014	ce11	TFs and others	4416551	submitted	15899751	2026-04-06T11:00:03+09:00							0
SRX044015	ce11	TFs and others	4109787	submitted	15899752	2026-04-06T11:00:03+09:00							0
SRX044016	ce11	TFs and others	3180686	submitted	15899753	2026-04-06T11:00:03+09:00							0
SRX044017	ce11	TFs and others	5399491	submitted	15899754	2026-04-06T11:00:03+09:00							0
SRX044018	ce11	TFs and others	5072408	submitted	15899755	2026-04-06T11:00:03+09:00							0
SRX044021	ce11	TFs and others	14244415	submitted	15899756	2026-04-06T11:00:03+09:00							0
SRX044022	ce11	TFs and others	11454976	submitted	15899758	2026-04-06T11:00:04+09:00							0
SRX044023	ce11	TFs and others	28993063	submitted	15899759	2026-04-06T11:00:04+09:00							0
SRX044024	ce11	TFs and others	8501634	submitted	15899760	2026-04-06T11:00:04+09:00							0
SRX054205	ce11	TFs and others	5395132	submitted	15899761	2026-04-06T11:00:04+09:00							0
SRX054206	ce11	TFs and others	6132744	submitted	15899762	2026-04-06T11:00:04+09:00							0
SRX054207	ce11	TFs and others	4220063	submitted	15899763	2026-04-06T11:00:04+09:00							0
SRX054208	ce11	TFs and others	857311	submitted	15899764	2026-04-06T11:00:04+09:00							0
SRX054209	ce11	TFs and others	4918197	submitted	15899765	2026-04-06T11:00:04+09:00							0
SRX054210	ce11	TFs and others	2182021	submitted	15899766	2026-04-06T11:00:04+09:00							0
SRX054211	ce11	TFs and others	3671631	submitted	15899767	2026-04-06T11:00:04+09:00							0
SRX054248	ce11	TFs and others	2689326	submitted	15899768	2026-04-06T11:00:04+09:00							0
SRX054249	ce11	TFs and others	1817076	submitted	15899769	2026-04-06T11:00:04+09:00							0
SRX054250	ce11	TFs and others	5712711	submitted	15899770	2026-04-06T11:00:04+09:00							0
SRX054251	ce11	TFs and others	3852108	submitted	15899771	2026-04-06T11:00:04+09:00							0
SRX054252	ce11	TFs and others	2829693	submitted	15899772	2026-04-06T11:00:04+09:00							0
SRX054253	ce11	TFs and others	3535784	submitted	15899773	2026-04-06T11:00:05+09:00							0
SRX015102	ce11	TFs and others	19233	done	15899656		2026-04-06T10:59:58+09:00	2026-04-06T11:00:05+09:00	4	3	7		0
SRX054254	ce11	TFs and others	5858168	submitted	15899774	2026-04-06T11:00:05+09:00							0
SRX015100	ce11	TFs and others	25901	done	15899655		2026-04-06T10:59:58+09:00	2026-04-06T11:00:05+09:00	4	3	7		0
SRX054255	ce11	TFs and others	4832460	submitted	15899775	2026-04-06T11:00:05+09:00							0
SRX054256	ce11	TFs and others	2727720	submitted	15899776	2026-04-06T11:00:05+09:00							0
SRX054257	ce11	TFs and others	3573958	submitted	15899777	2026-04-06T11:00:05+09:00							0
SRX054258	ce11	TFs and others	1934794	submitted	15899778	2026-04-06T11:00:05+09:00							0
SRX054259	ce11	TFs and others	2438831	submitted	15899779	2026-04-06T11:00:05+09:00							0
SRX054260	ce11	TFs and others	4173453	submitted	15899780	2026-04-06T11:00:05+09:00							0
SRX054261	ce11	TFs and others	7119810	submitted	15899781	2026-04-06T11:00:05+09:00							0
SRX054262	ce11	TFs and others	2973812	submitted	15899782	2026-04-06T11:00:05+09:00							0
SRX054263	ce11	TFs and others	2872705	submitted	15899783	2026-04-06T11:00:05+09:00							0
SRX054264	ce11	TFs and others	1060761	submitted	15899784	2026-04-06T11:00:05+09:00							0
SRX054265	ce11	TFs and others	3994945	submitted	15899785	2026-04-06T11:00:05+09:00							0
SRX054266	ce11	TFs and others	858599	submitted	15899786	2026-04-06T11:00:05+09:00							0
SRX054303	ce11	TFs and others	4693546	submitted	15899787	2026-04-06T11:00:05+09:00							0
SRX054304	ce11	TFs and others	3180657	submitted	15899788	2026-04-06T11:00:06+09:00							0
SRX054305	ce11	TFs and others	2488882	submitted	15899789	2026-04-06T11:00:06+09:00							0
SRX054306	ce11	TFs and others	4042196	submitted	15899790	2026-04-06T11:00:06+09:00							0
SRX054307	ce11	TFs and others	5195407	submitted	15899791	2026-04-06T11:00:06+09:00							0
SRX054308	ce11	TFs and others	2804733	submitted	15899792	2026-04-06T11:00:06+09:00							0
SRX054309	ce11	TFs and others	3419652	submitted	15899793	2026-04-06T11:00:06+09:00							0
SRX054310	ce11	TFs and others	1387623	submitted	15899794	2026-04-06T11:00:06+09:00							0
SRX054311	ce11	TFs and others	4502986	submitted	15899795	2026-04-06T11:00:06+09:00							0
SRX059223	ce11	Histone	17396159	submitted	15899796	2026-04-06T11:00:06+09:00							0
SRX059224	ce11	Histone	19829939	submitted	15899797	2026-04-06T11:00:06+09:00							0
SRX059225	ce11	Histone	15118307	submitted	15899798	2026-04-06T11:00:06+09:00							0
SRX059226	ce11	TFs and others	4855812	submitted	15899799	2026-04-06T11:00:06+09:00							0
SRX059227	ce11	TFs and others	16535439	submitted	15899800	2026-04-06T11:00:06+09:00							0
SRX059228	ce11	Histone	19141045	submitted	15899801	2026-04-06T11:00:06+09:00							0
SRX059229	ce11	Histone	20333805	submitted	15899802	2026-04-06T11:00:06+09:00							0
SRX059230	ce11	TFs and others	4429111	submitted	15899803	2026-04-06T11:00:06+09:00							0
SRX059231	ce11	TFs and others	9199053	submitted	15899804	2026-04-06T11:00:07+09:00							0
SRX043855	ce11	TFs and others	1826485	running	15899672		2026-04-06T11:00:07+09:00	2026-04-06T11:00:07+09:00					0
SRX043854	ce11	TFs and others	3382293	running	15899671		2026-04-06T11:00:07+09:00	2026-04-06T11:00:07+09:00					0
SRX059232	ce11	TFs and others	2456763	submitted	15899805	2026-04-06T11:00:07+09:00							0
SRX059233	ce11	TFs and others	15907024	submitted	15899806	2026-04-06T11:00:07+09:00							0
SRX059234	ce11	TFs and others	3402069	submitted	15899807	2026-04-06T11:00:07+09:00							0
SRX059235	ce11	TFs and others	15514273	submitted	15899808	2026-04-06T11:00:07+09:00							0
SRX059237	ce11	Histone	15322250	submitted	15899809	2026-04-06T11:00:07+09:00							0
SRX059238	ce11	Histone	27166289	submitted	15899810	2026-04-06T11:00:07+09:00							0
SRX059239	ce11	Histone	27183911	submitted	15899811	2026-04-06T11:00:07+09:00							0
SRX059240	ce11	TFs and others	7976699	submitted	15899812	2026-04-06T11:00:07+09:00							0
SRX059241	ce11	TFs and others	15415791	submitted	15899813	2026-04-06T11:00:07+09:00							0
SRX059242	ce11	TFs and others	15638416	submitted	15899814	2026-04-06T11:00:07+09:00							0
SRX059243	ce11	TFs and others	7751700	submitted	15899815	2026-04-06T11:00:07+09:00							0
SRX059244	ce11	Histone	16597845	submitted	15899816	2026-04-06T11:00:07+09:00							0
SRX059245	ce11	Histone	25360297	submitted	15899817	2026-04-06T11:00:07+09:00							0
SRX059246	ce11	TFs and others	4391606	submitted	15899818	2026-04-06T11:00:07+09:00							0
SRX059248	ce11	TFs and others	8114172	submitted	15899819	2026-04-06T11:00:08+09:00							0
SRX059250	ce11	TFs and others	16864948	submitted	15899820	2026-04-06T11:00:08+09:00							0
SRX059251	ce11	TFs and others	16560194	submitted	15899821	2026-04-06T11:00:08+09:00							0
SRX059252	ce11	TFs and others	15991314	submitted	15899822	2026-04-06T11:00:08+09:00							0
SRX059253	ce11	TFs and others	17674323	submitted	15899823	2026-04-06T11:00:08+09:00							0
SRX059254	ce11	Histone	11592789	submitted	15899824	2026-04-06T11:00:08+09:00							0
SRX059255	ce11	Histone	25891064	submitted	15899825	2026-04-06T11:00:08+09:00							0
SRX059256	ce11	TFs and others	3578976	submitted	15899826	2026-04-06T11:00:08+09:00							0
SRX059257	ce11	TFs and others	14398666	submitted	15899827	2026-04-06T11:00:08+09:00							0
SRX059264	ce11	Histone	19253374	submitted	15899828	2026-04-06T11:00:08+09:00							0
SRX059265	ce11	Histone	23070060	submitted	15899829	2026-04-06T11:00:08+09:00							0
SRX059267	ce11	TFs and others	8845185	submitted	15899830	2026-04-06T11:00:08+09:00							0
SRX059268	ce11	TFs and others	7389099	submitted	15899831	2026-04-06T11:00:08+09:00							0
SRX059269	ce11	TFs and others	8549506	submitted	15899832	2026-04-06T11:00:08+09:00							0
SRX059270	ce11	TFs and others	10785689	submitted	15899833	2026-04-06T11:00:08+09:00							0
SRX059271	ce11	RNA polymerase	3133532	submitted	15899834	2026-04-06T11:00:09+09:00							0
SRX059272	ce11	RNA polymerase	8055605	submitted	15899835	2026-04-06T11:00:09+09:00							0
SRX059273	ce11	Histone	21006018	submitted	15899836	2026-04-06T11:00:09+09:00							0
SRX059274	ce11	Histone	16264926	submitted	15899837	2026-04-06T11:00:09+09:00							0
SRX063957	ce11	Histone	25891064	submitted	15899838	2026-04-06T11:00:09+09:00							0
SRX063958	ce11	Histone	8463151	submitted	15899839	2026-04-06T11:00:09+09:00							0
SRX063959	ce11	Histone	8103294	submitted	15899840	2026-04-06T11:00:09+09:00							0
SRX063960	ce11	TFs and others	17659150	submitted	15899841	2026-04-06T11:00:09+09:00							0
SRX065624	ce11	TFs and others	3506992	submitted	15899842	2026-04-06T11:00:09+09:00							0
SRX065625	ce11	TFs and others	5547738	submitted	15899843	2026-04-06T11:00:09+09:00							0
SRX065628	ce11	TFs and others	5037643	submitted	15899844	2026-04-06T11:00:09+09:00							0
SRX065629	ce11	TFs and others	6202620	submitted	15899845	2026-04-06T11:00:09+09:00							0
SRX065632	ce11	TFs and others	5463422	submitted	15899846	2026-04-06T11:00:09+09:00							0
SRX065633	ce11	TFs and others	5717141	submitted	15899847	2026-04-06T11:00:09+09:00							0
SRX065636	ce11	TFs and others	5310923	submitted	15899848	2026-04-06T11:00:09+09:00							0
SRX065637	ce11	TFs and others	5719110	submitted	15899849	2026-04-06T11:00:10+09:00							0
SRX065640	ce11	TFs and others	4247556	submitted	15899850	2026-04-06T11:00:10+09:00							0
SRX065641	ce11	TFs and others	8765642	submitted	15899851	2026-04-06T11:00:10+09:00							0
SRX065644	ce11	TFs and others	6535960	submitted	15899852	2026-04-06T11:00:10+09:00							0
SRX065645	ce11	TFs and others	4851771	submitted	15899853	2026-04-06T11:00:10+09:00							0
SRX065648	ce11	TFs and others	4753341	submitted	15899854	2026-04-06T11:00:10+09:00							0
SRX065649	ce11	TFs and others	6346433	submitted	15899855	2026-04-06T11:00:10+09:00							0
SRX065652	ce11	TFs and others	6565644	submitted	15899856	2026-04-06T11:00:10+09:00							0
SRX065653	ce11	TFs and others	4773284	submitted	15899857	2026-04-06T11:00:10+09:00							0
SRX065656	ce11	TFs and others	6363241	submitted	15899858	2026-04-06T11:00:10+09:00							0
SRX065657	ce11	TFs and others	4582326	submitted	15899859	2026-04-06T11:00:10+09:00							0
SRX065660	ce11	TFs and others	7263691	submitted	15899860	2026-04-06T11:00:10+09:00							0
SRX065661	ce11	TFs and others	5134187	submitted	15899861	2026-04-06T11:00:10+09:00							0
SRX065664	ce11	TFs and others	7947887	submitted	15899862	2026-04-06T11:00:10+09:00							0
SRX065665	ce11	TFs and others	4189170	submitted	15899863	2026-04-06T11:00:10+09:00							0
SRX065677	ce11	TFs and others	6611858	submitted	15899864	2026-04-06T11:00:11+09:00							0
SRX065678	ce11	TFs and others	6518274	submitted	15899865	2026-04-06T11:00:11+09:00							0
SRX065681	ce11	TFs and others	7350402	submitted	15899866	2026-04-06T11:00:11+09:00							0
SRX065682	ce11	TFs and others	5456507	submitted	15899867	2026-04-06T11:00:11+09:00							0
SRX065685	ce11	TFs and others	4949042	submitted	15899868	2026-04-06T11:00:11+09:00							0
SRX065686	ce11	TFs and others	7562402	submitted	15899869	2026-04-06T11:00:11+09:00							0
SRX065689	ce11	TFs and others	9851248	submitted	15899870	2026-04-06T11:00:11+09:00							0
SRX065690	ce11	TFs and others	3673862	submitted	15899871	2026-04-06T11:00:11+09:00							0
SRX065693	ce11	TFs and others	4470745	submitted	15899872	2026-04-06T11:00:11+09:00							0
SRX065694	ce11	TFs and others	5025753	submitted	15899873	2026-04-06T11:00:11+09:00							0
SRX065697	ce11	TFs and others	3661211	submitted	15899874	2026-04-06T11:00:11+09:00							0
SRX065698	ce11	TFs and others	4542835	submitted	15899875	2026-04-06T11:00:11+09:00							0
SRX065701	ce11	TFs and others	7187808	submitted	15899876	2026-04-06T11:00:11+09:00							0
SRX065702	ce11	TFs and others	4912880	submitted	15899877	2026-04-06T11:00:11+09:00							0
SRX065705	ce11	TFs and others	6455317	submitted	15899878	2026-04-06T11:00:11+09:00							0
SRX065706	ce11	TFs and others	8952230	submitted	15899879	2026-04-06T11:00:12+09:00							0
SRX065709	ce11	TFs and others	5679829	submitted	15899880	2026-04-06T11:00:12+09:00							0
SRX065710	ce11	TFs and others	6286196	submitted	15899881	2026-04-06T11:00:12+09:00							0
SRX065713	ce11	TFs and others	5788678	submitted	15899882	2026-04-06T11:00:12+09:00							0
SRX065714	ce11	TFs and others	2439120	submitted	15899883	2026-04-06T11:00:12+09:00							0
SRX065717	ce11	TFs and others	6148093	submitted	15899884	2026-04-06T11:00:12+09:00							0
SRX065718	ce11	TFs and others	6153186	submitted	15899885	2026-04-06T11:00:12+09:00							0
SRX065721	ce11	TFs and others	9517145	submitted	15899886	2026-04-06T11:00:12+09:00							0
SRX065722	ce11	TFs and others	8304966	submitted	15899887	2026-04-06T11:00:12+09:00							0
SRX065725	ce11	TFs and others	8960112	submitted	15899888	2026-04-06T11:00:12+09:00							0
SRX065726	ce11	TFs and others	8990633	submitted	15899889	2026-04-06T11:00:12+09:00							0
SRX076077	ce11	Histone	16917825	submitted	15899890	2026-04-06T11:00:12+09:00							0
SRX076078	ce11	Histone	12676822	submitted	15899891	2026-04-06T11:00:12+09:00							0
SRX076079	ce11	Histone	12806974	submitted	15899892	2026-04-06T11:00:12+09:00							0
SRX080059	ce11	TFs and others	3638904	submitted	15899893	2026-04-06T11:00:12+09:00							0
SRX080061	ce11	TFs and others	5371132	submitted	15899894	2026-04-06T11:00:13+09:00							0
SRX080063	ce11	TFs and others	3273507	submitted	15899896	2026-04-06T11:00:13+09:00							0
SRX080065	ce11	TFs and others	4285296	submitted	15899897	2026-04-06T11:00:13+09:00							0
SRX080067	ce11	TFs and others	1161234	submitted	15899898	2026-04-06T11:00:13+09:00							0
SRX080068	ce11	TFs and others	1799780	submitted	15899899	2026-04-06T11:00:13+09:00							0
SRX080070	ce11	TFs and others	4382589	submitted	15899900	2026-04-06T11:00:13+09:00							0
SRX080072	ce11	TFs and others	4764680	submitted	15899901	2026-04-06T11:00:13+09:00							0
SRX080074	ce11	TFs and others	3689890	submitted	15899902	2026-04-06T11:00:13+09:00							0
SRX080076	ce11	TFs and others	4285635	submitted	15899903	2026-04-06T11:00:13+09:00							0
SRX080078	ce11	TFs and others	5303031	submitted	15899904	2026-04-06T11:00:13+09:00							0
SRX080080	ce11	TFs and others	2341051	submitted	15899905	2026-04-06T11:00:13+09:00							0
SRX080082	ce11	TFs and others	6303653	submitted	15899906	2026-04-06T11:00:13+09:00							0
SRX080084	ce11	TFs and others	1573914	submitted	15899907	2026-04-06T11:00:13+09:00							0
SRX080085	ce11	TFs and others	2502361	submitted	15899908	2026-04-06T11:00:13+09:00							0
SRX080087	ce11	TFs and others	4800550	submitted	15899909	2026-04-06T11:00:13+09:00							0
SRX080088	ce11	TFs and others	5992012	submitted	15899910	2026-04-06T11:00:13+09:00							0
SRX080090	ce11	TFs and others	5139276	submitted	15899911	2026-04-06T11:00:14+09:00							0
SRX080092	ce11	TFs and others	2955703	submitted	15899912	2026-04-06T11:00:14+09:00							0
SRX080094	ce11	TFs and others	6016478	submitted	15899913	2026-04-06T11:00:14+09:00							0
SRX080096	ce11	TFs and others	4663656	submitted	15899914	2026-04-06T11:00:14+09:00							0
SRX080098	ce11	TFs and others	7035155	submitted	15899915	2026-04-06T11:00:14+09:00							0
SRX080100	ce11	TFs and others	2751348	submitted	15899916	2026-04-06T11:00:14+09:00							0
SRX080102	ce11	TFs and others	6275526	submitted	15899917	2026-04-06T11:00:14+09:00							0
SRX080104	ce11	TFs and others	6438791	submitted	15899918	2026-04-06T11:00:14+09:00							0
SRX080106	ce11	TFs and others	5315157	submitted	15899919	2026-04-06T11:00:14+09:00							0
SRX094473	ce11	Histone	10356199	submitted	15899920	2026-04-06T11:00:14+09:00							0
SRX094475	ce11	Histone	12796605	submitted	15899921	2026-04-06T11:00:14+09:00							0
SRX094514	ce11	TFs and others	17659150	submitted	15899922	2026-04-06T11:00:14+09:00							0
SRX094515	ce11	TFs and others	3221462	submitted	15899923	2026-04-06T11:00:14+09:00							0
SRX1007131	ce11	RNA polymerase	6085075	submitted	15899924	2026-04-06T11:00:14+09:00							0
SRX1007132	ce11	RNA polymerase	2905382	submitted	15899925	2026-04-06T11:00:14+09:00							0
SRX1007133	ce11	RNA polymerase	9065402	submitted	15899926	2026-04-06T11:00:15+09:00							0
SRX1007135	ce11	RNA polymerase	44398214	submitted	15899927	2026-04-06T11:00:15+09:00							0
SRX1007136	ce11	RNA polymerase	34711485	submitted	15899928	2026-04-06T11:00:15+09:00							0
SRX1007137	ce11	RNA polymerase	37064023	submitted	15899929	2026-04-06T11:00:15+09:00							0
SRX1007138	ce11	RNA polymerase	38254702	submitted	15899930	2026-04-06T11:00:15+09:00							0
SRX1010104	ce11	RNA polymerase	47790140	submitted	15899931	2026-04-06T11:00:15+09:00							0
SRX1010106	ce11	RNA polymerase	1846797	submitted	15899932	2026-04-06T11:00:15+09:00							0
SRX1010108	ce11	RNA polymerase	4692533	submitted	15899933	2026-04-06T11:00:15+09:00							0
SRX10144728	ce11	ATAC-Seq	53318775	submitted	15899934	2026-04-06T11:00:15+09:00							0
SRX10144729	ce11	ATAC-Seq	69225522	submitted	15899935	2026-04-06T11:00:15+09:00							0
SRX10144730	ce11	ATAC-Seq	82331130	submitted	15899936	2026-04-06T11:00:15+09:00							0
SRX10144731	ce11	ATAC-Seq	66095729	submitted	15899937	2026-04-06T11:00:15+09:00							0
SRX10144732	ce11	ATAC-Seq	94001427	submitted	15899938	2026-04-06T11:00:15+09:00							0
SRX10144733	ce11	ATAC-Seq	74504288	submitted	15899939	2026-04-06T11:00:15+09:00							0
SRX10144734	ce11	ATAC-Seq	56172329	submitted	15899940	2026-04-06T11:00:15+09:00							0
SRX10144735	ce11	ATAC-Seq	79047962	submitted	15899941	2026-04-06T11:00:16+09:00							0
SRX10144736	ce11	ATAC-Seq	65409952	submitted	15899942	2026-04-06T11:00:16+09:00							0
SRX10144737	ce11	ATAC-Seq	71692877	submitted	15899943	2026-04-06T11:00:16+09:00							0
SRX10144738	ce11	ATAC-Seq	93407826	submitted	15899944	2026-04-06T11:00:16+09:00							0
SRX10144739	ce11	ATAC-Seq	76927674	submitted	15899945	2026-04-06T11:00:16+09:00							0
SRX10171460	ce11	Histone	9459939	submitted	15899946	2026-04-06T11:00:16+09:00							0
SRX10171471	ce11	Histone	17146943	submitted	15899947	2026-04-06T11:00:16+09:00							0
SRX10171472	ce11	Histone	13357392	submitted	15899948	2026-04-06T11:00:16+09:00							0
SRX10171473	ce11	Histone	7807636	submitted	15899949	2026-04-06T11:00:16+09:00							0
SRX10171474	ce11	Histone	13105655	submitted	15899950	2026-04-06T11:00:16+09:00							0
SRX10171475	ce11	Histone	9996650	submitted	15899951	2026-04-06T11:00:16+09:00							0
SRX10171476	ce11	Histone	6091584	submitted	15899952	2026-04-06T11:00:16+09:00							0
SRX10171477	ce11	Histone	7767055	submitted	15899953	2026-04-06T11:00:16+09:00							0
SRX10171478	ce11	Histone	7405822	submitted	15899954	2026-04-06T11:00:16+09:00							0
SRX1030169	ce11	TFs and others	29502971	submitted	15899955	2026-04-06T11:00:17+09:00							0
SRX10342574	ce11	Histone	31994480	submitted	15899956	2026-04-06T11:00:17+09:00							0
SRX10342575	ce11	Histone	33852201	submitted	15899957	2026-04-06T11:00:17+09:00							0
SRX10342576	ce11	Histone	43166998	submitted	15899958	2026-04-06T11:00:17+09:00							0
SRX10342577	ce11	Histone	40204217	submitted	15899959	2026-04-06T11:00:17+09:00							0
SRX10342590	ce11	Histone	17978083	submitted	15899960	2026-04-06T11:00:17+09:00							0
SRX10342591	ce11	Histone	19971878	submitted	15899961	2026-04-06T11:00:17+09:00							0
SRX10342592	ce11	Histone	24536500	submitted	15899962	2026-04-06T11:00:17+09:00							0
SRX10342593	ce11	Histone	21968333	submitted	15899963	2026-04-06T11:00:17+09:00							0
SRX10342594	ce11	Histone	20325733	submitted	15899964	2026-04-06T11:00:17+09:00							0
SRX10342595	ce11	Histone	21539394	submitted	15899965	2026-04-06T11:00:17+09:00							0
SRX10342596	ce11	Histone	22931718	submitted	15899966	2026-04-06T11:00:17+09:00							0
SRX10342597	ce11	Histone	20823464	submitted	15899967	2026-04-06T11:00:17+09:00							0
SRX10342598	ce11	Histone	22711499	submitted	15899968	2026-04-06T11:00:17+09:00							0
SRX10342599	ce11	Histone	22815753	submitted	15899969	2026-04-06T11:00:17+09:00							0
SRX10342600	ce11	Histone	20409694	submitted	15899970	2026-04-06T11:00:17+09:00							0
SRX10342601	ce11	Histone	21049530	submitted	15899971	2026-04-06T11:00:18+09:00							0
SRX10398999	ce11	TFs and others	17744254	submitted	15899972	2026-04-06T11:00:18+09:00							0
SRX10399000	ce11	TFs and others	3543318	submitted	15899973	2026-04-06T11:00:18+09:00							0
SRX10399002	ce11	TFs and others	10134276	submitted	15899974	2026-04-06T11:00:18+09:00							0
SRX10399003	ce11	TFs and others	11520084	submitted	15899975	2026-04-06T11:00:18+09:00							0
SRX10399006	ce11	TFs and others	6324800	submitted	15899976	2026-04-06T11:00:18+09:00							0
SRX10399007	ce11	TFs and others	7823566	submitted	15899977	2026-04-06T11:00:18+09:00							0
SRX10399012	ce11	TFs and others	12931999	submitted	15899978	2026-04-06T11:00:18+09:00							0
SRX10399013	ce11	TFs and others	26032717	submitted	15899979	2026-04-06T11:00:18+09:00							0
SRX10399015	ce11	TFs and others	19274405	submitted	15899980	2026-04-06T11:00:18+09:00							0
SRX10399016	ce11	TFs and others	16652358	submitted	15899981	2026-04-06T11:00:18+09:00							0
SRX10399019	ce11	TFs and others	10584561	submitted	15899982	2026-04-06T11:00:18+09:00							0
SRX10399020	ce11	TFs and others	9344915	submitted	15899983	2026-04-06T11:00:18+09:00							0
SRX10399023	ce11	TFs and others	30237542	submitted	15899984	2026-04-06T11:00:18+09:00							0
SRX10399024	ce11	TFs and others	10514863	submitted	15899985	2026-04-06T11:00:19+09:00							0
SRX10399027	ce11	TFs and others	13755672	submitted	15899986	2026-04-06T11:00:19+09:00							0
SRX10399028	ce11	TFs and others	11513557	submitted	15899987	2026-04-06T11:00:19+09:00							0
SRX10399029	ce11	TFs and others	12305094	submitted	15899988	2026-04-06T11:00:19+09:00							0
SRX10399033	ce11	TFs and others	12727087	submitted	15899989	2026-04-06T11:00:19+09:00							0
SRX10399035	ce11	TFs and others	15240550	submitted	15899990	2026-04-06T11:00:19+09:00							0
SRX10399036	ce11	TFs and others	9752445	submitted	15899991	2026-04-06T11:00:19+09:00							0
SRX10435504	ce11	TFs and others	28415103	submitted	15899992	2026-04-06T11:00:19+09:00							0
SRX10435505	ce11	TFs and others	26879836	submitted	15899993	2026-04-06T11:00:19+09:00							0
SRX10435506	ce11	TFs and others	13134824	submitted	15899994	2026-04-06T11:00:19+09:00							0
SRX10435507	ce11	TFs and others	15101882	submitted	15899995	2026-04-06T11:00:19+09:00							0
SRX10435508	ce11	TFs and others	6835838	submitted	15899996	2026-04-06T11:00:19+09:00							0
SRX10435509	ce11	TFs and others	21224863	submitted	15899997	2026-04-06T11:00:19+09:00							0
SRX10435510	ce11	TFs and others	22508594	submitted	15899998	2026-04-06T11:00:19+09:00							0
SRX10435511	ce11	TFs and others	11456007	submitted	15899999	2026-04-06T11:00:19+09:00							0
SRX10435522	ce11	TFs and others	19737524	submitted	15900000	2026-04-06T11:00:20+09:00							0
SRX10435523	ce11	TFs and others	17374353	submitted	15900001	2026-04-06T11:00:20+09:00							0
SRX10435524	ce11	TFs and others	17673881	submitted	15900002	2026-04-06T11:00:20+09:00							0
SRX10435525	ce11	TFs and others	21755740	submitted	15900003	2026-04-06T11:00:20+09:00							0
SRX10435526	ce11	TFs and others	26895587	submitted	15900004	2026-04-06T11:00:20+09:00							0
SRX10435527	ce11	TFs and others	16193821	submitted	15900005	2026-04-06T11:00:20+09:00							0
SRX10435528	ce11	TFs and others	15770325	submitted	15900006	2026-04-06T11:00:20+09:00							0
SRX10435529	ce11	TFs and others	21391298	submitted	15900007	2026-04-06T11:00:20+09:00							0
SRX10435530	ce11	TFs and others	15548551	submitted	15900008	2026-04-06T11:00:20+09:00							0
SRX10435531	ce11	TFs and others	14873708	submitted	15900009	2026-04-06T11:00:20+09:00							0
SRX10435532	ce11	TFs and others	13590622	submitted	15900010	2026-04-06T11:00:20+09:00							0
SRX10435533	ce11	TFs and others	23068113	submitted	15900011	2026-04-06T11:00:20+09:00							0
SRX10435534	ce11	TFs and others	10997362	submitted	15900012	2026-04-06T11:00:20+09:00							0
SRX10435535	ce11	TFs and others	18842116	submitted	15900013	2026-04-06T11:00:20+09:00							0
SRX10435536	ce11	TFs and others	16581305	submitted	15900014	2026-04-06T11:00:20+09:00							0
SRX10435537	ce11	TFs and others	9949032	submitted	15900015	2026-04-06T11:00:21+09:00							0
SRX10680855	ce11	TFs and others	13636350	submitted	15900016	2026-04-06T11:00:21+09:00							0
SRX10680856	ce11	TFs and others	14110734	submitted	15900017	2026-04-06T11:00:21+09:00							0
SRX10680858	ce11	TFs and others	6669380	submitted	15900018	2026-04-06T11:00:21+09:00							0
SRX10680859	ce11	TFs and others	9853605	submitted	15900019	2026-04-06T11:00:21+09:00							0
SRX10925641	ce11	Histone	20770353	submitted	15900020	2026-04-06T11:00:21+09:00							0
SRX10925642	ce11	Histone	21701825	submitted	15900021	2026-04-06T11:00:21+09:00							0
SRX10925643	ce11	Histone	22745630	submitted	15900022	2026-04-06T11:00:21+09:00							0
SRX10925644	ce11	Histone	22996189	submitted	15900023	2026-04-06T11:00:21+09:00							0
SRX10925645	ce11	Histone	20799027	submitted	15900024	2026-04-06T11:00:21+09:00							0
SRX10925646	ce11	Histone	23165936	submitted	15900025	2026-04-06T11:00:21+09:00							0
SRX10925647	ce11	Histone	22878026	submitted	15900026	2026-04-06T11:00:21+09:00							0
SRX10925648	ce11	Histone	22236561	submitted	15900027	2026-04-06T11:00:21+09:00							0
SRX10925649	ce11	Histone	23424289	submitted	15900028	2026-04-06T11:00:21+09:00							0
SRX10925650	ce11	Histone	23421007	submitted	15900029	2026-04-06T11:00:21+09:00							0
SRX10925653	ce11	Histone	20163185	submitted	15900030	2026-04-06T11:00:22+09:00							0
SRX10925654	ce11	Histone	22079937	submitted	15900031	2026-04-06T11:00:22+09:00							0
SRX10925655	ce11	Histone	24657757	submitted	15900032	2026-04-06T11:00:22+09:00							0
SRX10925656	ce11	Histone	22645149	submitted	15900033	2026-04-06T11:00:22+09:00							0
SRX10925679	ce11	Histone	21745646	submitted	15900034	2026-04-06T11:00:22+09:00							0
SRX10925680	ce11	Histone	21684131	submitted	15900035	2026-04-06T11:00:22+09:00							0
SRX10925681	ce11	Histone	22685309	submitted	15900036	2026-04-06T11:00:22+09:00							0
SRX10925682	ce11	Histone	23185339	submitted	15900037	2026-04-06T11:00:22+09:00							0
SRX10925683	ce11	Histone	23315447	submitted	15900038	2026-04-06T11:00:22+09:00							0
SRX10925684	ce11	Histone	23505606	submitted	15900039	2026-04-06T11:00:22+09:00							0
SRX1099836	ce11	TFs and others	6675524	submitted	15900040	2026-04-06T11:00:22+09:00							0
SRX1099837	ce11	TFs and others	20043959	submitted	15900041	2026-04-06T11:00:22+09:00							0
SRX1099838	ce11	TFs and others	12979175	submitted	15900042	2026-04-06T11:00:22+09:00							0
SRX1099839	ce11	TFs and others	9521857	submitted	15900043	2026-04-06T11:00:22+09:00							0
SRX1099840	ce11	TFs and others	18006842	submitted	15900044	2026-04-06T11:00:22+09:00							0
SRX1099841	ce11	TFs and others	10264029	submitted	15900045	2026-04-06T11:00:23+09:00							0
SRX11322242	ce11	RNA polymerase	8119087	submitted	15900046	2026-04-06T11:00:23+09:00							0
SRX11322243	ce11	RNA polymerase	8727747	submitted	15900047	2026-04-06T11:00:23+09:00							0
SRX11322244	ce11	Histone	10584893	submitted	15900048	2026-04-06T11:00:23+09:00							0
SRX11322245	ce11	Histone	6526657	submitted	15900049	2026-04-06T11:00:23+09:00							0
SRX1132912	ce11	TFs and others	14191303	submitted	15900050	2026-04-06T11:00:23+09:00							0
SRX1132915	ce11	Histone	22878101	submitted	15900051	2026-04-06T11:00:23+09:00							0
SRX1132916	ce11	TFs and others	29558379	submitted	15900052	2026-04-06T11:00:23+09:00							0
SRX1132918	ce11	Histone	25944757	submitted	15900053	2026-04-06T11:00:23+09:00							0
SRX1132919	ce11	TFs and others	12232138	submitted	15900054	2026-04-06T11:00:23+09:00							0
SRX113600	ce11	Histone	7970866	submitted	15900055	2026-04-06T11:00:23+09:00							0
SRX113601	ce11	Histone	12127846	submitted	15900056	2026-04-06T11:00:23+09:00							0
SRX113602	ce11	Histone	12375428	submitted	15900057	2026-04-06T11:00:23+09:00							0
SRX113603	ce11	Histone	23808649	submitted	15900058	2026-04-06T11:00:23+09:00							0
SRX113604	ce11	Histone	11039671	submitted	15900059	2026-04-06T11:00:23+09:00							0
SRX113605	ce11	Histone	11435261	submitted	15900060	2026-04-06T11:00:24+09:00							0
SRX113606	ce11	Histone	9740995	submitted	15900061	2026-04-06T11:00:24+09:00							0
SRX113607	ce11	Histone	8241670	submitted	15900062	2026-04-06T11:00:24+09:00							0
SRX113608	ce11	Histone	6956186	submitted	15900063	2026-04-06T11:00:24+09:00							0
SRX113609	ce11	Histone	14958099	submitted	15900064	2026-04-06T11:00:24+09:00							0
SRX113610	ce11	Histone	14341616	submitted	15900065	2026-04-06T11:00:24+09:00							0
SRX113611	ce11	Histone	15876751	submitted	15900066	2026-04-06T11:00:24+09:00							0
SRX113616	ce11	Histone	7097223	submitted	15900067	2026-04-06T11:00:24+09:00							0
SRX113617	ce11	Histone	6857333	submitted	15900068	2026-04-06T11:00:24+09:00							0
SRX113618	ce11	Histone	7627245	submitted	15900069	2026-04-06T11:00:24+09:00							0
SRX113619	ce11	Histone	7562954	submitted	15900070	2026-04-06T11:00:24+09:00							0
SRX113620	ce11	Histone	6873247	submitted	15900071	2026-04-06T11:00:24+09:00							0
SRX113621	ce11	Histone	7751200	submitted	15900072	2026-04-06T11:00:24+09:00							0
SRX11633392	ce11	TFs and others	11159475	submitted	15900073	2026-04-06T11:00:24+09:00							0
SRX11633393	ce11	TFs and others	14335432	submitted	15900074	2026-04-06T11:00:24+09:00							0
SRX11633394	ce11	TFs and others	9798601	submitted	15900075	2026-04-06T11:00:25+09:00							0
SRX11633395	ce11	TFs and others	11081177	submitted	15900076	2026-04-06T11:00:25+09:00							0
SRX11633396	ce11	TFs and others	14804697	submitted	15900077	2026-04-06T11:00:25+09:00							0
SRX11633400	ce11	TFs and others	13997378	submitted	15900078	2026-04-06T11:00:25+09:00							0
SRX11633401	ce11	TFs and others	18428596	submitted	15900079	2026-04-06T11:00:25+09:00							0
SRX11633402	ce11	TFs and others	22364902	submitted	15900080	2026-04-06T11:00:25+09:00							0
SRX11633403	ce11	TFs and others	10732127	submitted	15900081	2026-04-06T11:00:25+09:00							0
SRX11633404	ce11	TFs and others	17038881	submitted	15900082	2026-04-06T11:00:25+09:00							0
SRX11633405	ce11	TFs and others	27402976	submitted	15900083	2026-04-06T11:00:25+09:00							0
SRX118221	ce11	TFs and others	3773496	submitted	15900084	2026-04-06T11:00:25+09:00							0
SRX118222	ce11	TFs and others	3560372	submitted	15900085	2026-04-06T11:00:25+09:00							0
SRX118226	ce11	TFs and others	7426844	submitted	15900086	2026-04-06T11:00:25+09:00							0
SRX118227	ce11	TFs and others	11242035	submitted	15900087	2026-04-06T11:00:25+09:00							0
SRX120286	ce11	TFs and others	6307945	submitted	15900088	2026-04-06T11:00:25+09:00							0
SRX120287	ce11	TFs and others	6005290	submitted	15900089	2026-04-06T11:00:26+09:00							0
SRX1299429	ce11	Histone	8967527	submitted	15900090	2026-04-06T11:00:26+09:00							0
SRX13110309	ce11	RNA polymerase	9205537	submitted	15900091	2026-04-06T11:00:26+09:00							0
SRX13110311	ce11	RNA polymerase	10742112	submitted	15900092	2026-04-06T11:00:26+09:00							0
SRX13110313	ce11	RNA polymerase	7352008	submitted	15900093	2026-04-06T11:00:26+09:00							0
SRX13110314	ce11	RNA polymerase	18087252	submitted	15900095	2026-04-06T11:00:26+09:00							0
SRX13110315	ce11	RNA polymerase	21198851	submitted	15900096	2026-04-06T11:00:26+09:00							0
SRX13110319	ce11	TFs and others	16705645	submitted	15900097	2026-04-06T11:00:26+09:00							0
SRX13110320	ce11	TFs and others	16561614	submitted	15900098	2026-04-06T11:00:26+09:00							0
SRX13110321	ce11	TFs and others	19007906	submitted	15900099	2026-04-06T11:00:26+09:00							0
SRX13110322	ce11	TFs and others	14600942	submitted	15900100	2026-04-06T11:00:26+09:00							0
SRX13110324	ce11	TFs and others	16808427	submitted	15900101	2026-04-06T11:00:26+09:00							0
SRX13110326	ce11	TFs and others	13613036	submitted	15900102	2026-04-06T11:00:26+09:00							0
SRX13110327	ce11	TFs and others	17825908	submitted	15900103	2026-04-06T11:00:26+09:00							0
SRX13110328	ce11	TFs and others	18467068	submitted	15900104	2026-04-06T11:00:27+09:00							0
SRX13110329	ce11	TFs and others	13248824	submitted	15900105	2026-04-06T11:00:27+09:00							0
SRX13110330	ce11	TFs and others	13049705	submitted	15900106	2026-04-06T11:00:27+09:00							0
SRX13110341	ce11	TFs and others	16667868	submitted	15900107	2026-04-06T11:00:27+09:00							0
SRX13110342	ce11	TFs and others	17870653	submitted	15900108	2026-04-06T11:00:27+09:00							0
SRX13110343	ce11	TFs and others	16519686	submitted	15900109	2026-04-06T11:00:27+09:00							0
SRX13110344	ce11	TFs and others	17904533	submitted	15900110	2026-04-06T11:00:27+09:00							0
SRX13110345	ce11	TFs and others	13003194	submitted	15900111	2026-04-06T11:00:27+09:00							0
SRX13110346	ce11	TFs and others	11741156	submitted	15900112	2026-04-06T11:00:27+09:00							0
SRX13110347	ce11	TFs and others	19147033	submitted	15900113	2026-04-06T11:00:27+09:00							0
SRX13110348	ce11	TFs and others	15860083	submitted	15900114	2026-04-06T11:00:27+09:00							0
SRX13110349	ce11	TFs and others	20522787	submitted	15900115	2026-04-06T11:00:27+09:00							0
SRX13110350	ce11	TFs and others	15997017	submitted	15900116	2026-04-06T11:00:27+09:00							0
SRX13110351	ce11	TFs and others	12742419	submitted	15900117	2026-04-06T11:00:27+09:00							0
SRX13110352	ce11	TFs and others	8256086	submitted	15900118	2026-04-06T11:00:27+09:00							0
SRX13110354	ce11	TFs and others	20710289	submitted	15900119	2026-04-06T11:00:28+09:00							0
SRX13110356	ce11	TFs and others	15902738	submitted	15900120	2026-04-06T11:00:28+09:00							0
SRX13496419	ce11	TFs and others	12054970	submitted	15900121	2026-04-06T11:00:28+09:00							0
SRX13496420	ce11	TFs and others	16285563	submitted	15900122	2026-04-06T11:00:28+09:00							0
SRX1353663	ce11	TFs and others	14006131	submitted	15900123	2026-04-06T11:00:28+09:00							0
SRX1353664	ce11	TFs and others	15191543	submitted	15900124	2026-04-06T11:00:28+09:00							0
SRX1353665	ce11	TFs and others	14247449	submitted	15900125	2026-04-06T11:00:28+09:00							0
SRX1353666	ce11	TFs and others	14547030	submitted	15900126	2026-04-06T11:00:28+09:00							0
SRX1353667	ce11	TFs and others	15113259	submitted	15900127	2026-04-06T11:00:28+09:00							0
SRX1353668	ce11	TFs and others	14864045	submitted	15900128	2026-04-06T11:00:28+09:00							0
SRX1388756	ce11	RNA polymerase	4071852	submitted	15900129	2026-04-06T11:00:28+09:00							0
SRX1388757	ce11	RNA polymerase	4094047	submitted	15900130	2026-04-06T11:00:28+09:00							0
SRX1388758	ce11	RNA polymerase	4494469	submitted	15900131	2026-04-06T11:00:28+09:00							0
SRX1388759	ce11	RNA polymerase	4178244	submitted	15900132	2026-04-06T11:00:28+09:00							0
SRX1388760	ce11	RNA polymerase	3999906	submitted	15900133	2026-04-06T11:00:29+09:00							0
SRX1388761	ce11	RNA polymerase	6278884	submitted	15900134	2026-04-06T11:00:29+09:00							0
SRX1388762	ce11	RNA polymerase	3585613	submitted	15900135	2026-04-06T11:00:29+09:00							0
SRX1388763	ce11	RNA polymerase	4976690	submitted	15900136	2026-04-06T11:00:29+09:00							0
SRX1388764	ce11	RNA polymerase	6061718	submitted	15900137	2026-04-06T11:00:29+09:00							0
SRX1388765	ce11	RNA polymerase	4012072	submitted	15900138	2026-04-06T11:00:29+09:00							0
SRX1388766	ce11	RNA polymerase	3615269	submitted	15900139	2026-04-06T11:00:29+09:00							0
SRX1388767	ce11	RNA polymerase	5332698	submitted	15900140	2026-04-06T11:00:29+09:00							0
SRX1388768	ce11	Histone	3322867	submitted	15900141	2026-04-06T11:00:29+09:00							0
SRX1388769	ce11	Histone	3183642	submitted	15900142	2026-04-06T11:00:29+09:00							0
SRX1388770	ce11	Histone	3272186	submitted	15900143	2026-04-06T11:00:29+09:00							0
SRX1388771	ce11	Histone	8786527	submitted	15900144	2026-04-06T11:00:29+09:00							0
SRX1388772	ce11	Histone	6307347	submitted	15900145	2026-04-06T11:00:29+09:00							0
SRX1388773	ce11	Histone	6497093	submitted	15900146	2026-04-06T11:00:29+09:00							0
SRX1388774	ce11	Histone	3261040	submitted	15900147	2026-04-06T11:00:29+09:00							0
SRX1388775	ce11	Histone	2257065	submitted	15900148	2026-04-06T11:00:30+09:00							0
SRX1388776	ce11	Histone	3633709	submitted	15900149	2026-04-06T11:00:30+09:00							0
SRX1388777	ce11	Histone	6335686	submitted	15900150	2026-04-06T11:00:30+09:00							0
SRX1388778	ce11	Histone	7341639	submitted	15900151	2026-04-06T11:00:30+09:00							0
SRX1388779	ce11	Histone	6755648	submitted	15900152	2026-04-06T11:00:30+09:00							0
SRX146415	ce11	TFs and others	1834890	submitted	15900153	2026-04-06T11:00:30+09:00							0
SRX146416	ce11	TFs and others	5042449	submitted	15900154	2026-04-06T11:00:30+09:00							0
SRX146419	ce11	TFs and others	4285635	submitted	15900155	2026-04-06T11:00:30+09:00							0
SRX146420	ce11	TFs and others	5303031	submitted	15900156	2026-04-06T11:00:30+09:00							0
SRX146423	ce11	TFs and others	3273507	submitted	15900157	2026-04-06T11:00:30+09:00							0
SRX146424	ce11	TFs and others	4285296	submitted	15900158	2026-04-06T11:00:30+09:00							0
SRX146460	ce11	TFs and others	4285635	submitted	15900159	2026-04-06T11:00:30+09:00							0
SRX146461	ce11	TFs and others	5303031	submitted	15900160	2026-04-06T11:00:30+09:00							0
SRX146464	ce11	TFs and others	2341051	submitted	15900161	2026-04-06T11:00:30+09:00							0
SRX146465	ce11	TFs and others	6303653	submitted	15900162	2026-04-06T11:00:30+09:00							0
SRX146468	ce11	TFs and others	3174139	submitted	15900163	2026-04-06T11:00:31+09:00							0
SRX146469	ce11	TFs and others	5185898	submitted	15900164	2026-04-06T11:00:31+09:00							0
SRX146489	ce11	TFs and others	3730166	submitted	15900165	2026-04-06T11:00:31+09:00							0
SRX146490	ce11	TFs and others	5700331	submitted	15900166	2026-04-06T11:00:31+09:00							0
SRX146500	ce11	TFs and others	5078643	submitted	15900167	2026-04-06T11:00:31+09:00							0
SRX146501	ce11	TFs and others	4816763	submitted	15900168	2026-04-06T11:00:31+09:00							0
SRX146504	ce11	TFs and others	5650319	submitted	15900169	2026-04-06T11:00:31+09:00							0
SRX146505	ce11	TFs and others	3071171	submitted	15900170	2026-04-06T11:00:31+09:00							0
SRX146506	ce11	TFs and others	3783726	submitted	15900171	2026-04-06T11:00:31+09:00							0
SRX146507	ce11	TFs and others	3189324	submitted	15900172	2026-04-06T11:00:31+09:00							0
SRX146512	ce11	TFs and others	4723194	submitted	15900173	2026-04-06T11:00:31+09:00							0
SRX146513	ce11	TFs and others	5605041	submitted	15900174	2026-04-06T11:00:31+09:00							0
SRX003832	ce11	TFs and others	1465710	done	15899633		2026-04-06T10:59:56+09:00	2026-04-06T11:00:31+09:00	10	25	35		0
SRX146516	ce11	TFs and others	4080576	submitted	15900175	2026-04-06T11:00:31+09:00							0
SRX146517	ce11	TFs and others	2598529	submitted	15900176	2026-04-06T11:00:31+09:00							0
SRX146520	ce11	TFs and others	5908241	submitted	15900177	2026-04-06T11:00:32+09:00							0
SRX146521	ce11	TFs and others	6376741	submitted	15900178	2026-04-06T11:00:32+09:00							0
SRX147613	ce11	TFs and others	4718103	submitted	15900179	2026-04-06T11:00:32+09:00							0
SRX147614	ce11	TFs and others	3450416	submitted	15900180	2026-04-06T11:00:32+09:00							0
SRX147617	ce11	TFs and others	5170353	submitted	15900181	2026-04-06T11:00:32+09:00							0
SRX147618	ce11	TFs and others	5324899	submitted	15900182	2026-04-06T11:00:32+09:00							0
SRX147621	ce11	TFs and others	4893961	submitted	15900183	2026-04-06T11:00:32+09:00							0
SRX147622	ce11	TFs and others	5197141	submitted	15900184	2026-04-06T11:00:32+09:00							0
SRX147625	ce11	TFs and others	3323286	submitted	15900185	2026-04-06T11:00:32+09:00							0
SRX147626	ce11	TFs and others	5175048	submitted	15900186	2026-04-06T11:00:32+09:00							0
SRX147629	ce11	TFs and others	8275721	submitted	15900187	2026-04-06T11:00:32+09:00							0
SRX147630	ce11	TFs and others	6036969	submitted	15900188	2026-04-06T11:00:32+09:00							0
SRX147633	ce11	TFs and others	7153813	submitted	15900189	2026-04-06T11:00:32+09:00							0
SRX147634	ce11	TFs and others	8800954	submitted	15900190	2026-04-06T11:00:32+09:00							0
SRX147637	ce11	TFs and others	5025604	submitted	15900191	2026-04-06T11:00:33+09:00							0
SRX147638	ce11	TFs and others	4358445	submitted	15900192	2026-04-06T11:00:33+09:00							0
SRX043856	ce11	TFs and others	1320973	running	15899673		2026-04-06T11:00:33+09:00	2026-04-06T11:00:33+09:00					0
SRX147641	ce11	TFs and others	7461455	submitted	15900193	2026-04-06T11:00:33+09:00							0
SRX147642	ce11	TFs and others	6026182	submitted	15900194	2026-04-06T11:00:33+09:00							0
SRX147645	ce11	TFs and others	6410115	submitted	15900195	2026-04-06T11:00:33+09:00							0
SRX147646	ce11	TFs and others	5672599	submitted	15900196	2026-04-06T11:00:33+09:00							0
SRX148637	ce11	Histone	15301248	submitted	15900197	2026-04-06T11:00:33+09:00							0
SRX005637	ce11	TFs and others	2245066	done	15899642		2026-04-06T10:59:58+09:00	2026-04-06T11:00:33+09:00	11	24	35		0
SRX148638	ce11	Histone	9883662	submitted	15900198	2026-04-06T11:00:33+09:00							0
SRX148639	ce11	Histone	14860990	submitted	15900199	2026-04-06T11:00:33+09:00							0
SRX151402	ce11	TFs and others	6620262	submitted	15900200	2026-04-06T11:00:33+09:00							0
SRX151403	ce11	TFs and others	5821931	submitted	15900201	2026-04-06T11:00:33+09:00							0
SRX151406	ce11	TFs and others	8913638	submitted	15900202	2026-04-06T11:00:33+09:00							0
SRX151407	ce11	TFs and others	4892808	submitted	15900203	2026-04-06T11:00:33+09:00							0
SRX15407768	ce11	TFs and others	9758566	submitted	15900204	2026-04-06T11:00:33+09:00							0
SRX15407769	ce11	TFs and others	11193660	submitted	15900205	2026-04-06T11:00:34+09:00							0
SRX15407770	ce11	TFs and others	11771068	submitted	15900206	2026-04-06T11:00:34+09:00							0
SRX15407771	ce11	TFs and others	10957458	submitted	15900207	2026-04-06T11:00:34+09:00							0
SRX003830	ce11	TFs and others	3085377	done	15899632		2026-04-06T10:59:56+09:00	2026-04-06T11:00:34+09:00	12	26	38		0
SRX15407772	ce11	TFs and others	31442701	submitted	15900208	2026-04-06T11:00:34+09:00							0
SRX15407773	ce11	TFs and others	29489415	submitted	15900209	2026-04-06T11:00:34+09:00							0
SRX15407774	ce11	TFs and others	31369868	submitted	15900210	2026-04-06T11:00:34+09:00							0
SRX15407775	ce11	TFs and others	11737620	submitted	15900211	2026-04-06T11:00:34+09:00							0
SRX15407776	ce11	TFs and others	18679526	submitted	15900212	2026-04-06T11:00:34+09:00							0
SRX15407777	ce11	TFs and others	20540584	submitted	15900213	2026-04-06T11:00:34+09:00							0
SRX15407778	ce11	TFs and others	20407605	submitted	15900214	2026-04-06T11:00:34+09:00							0
SRX15407779	ce11	TFs and others	19314090	submitted	15900215	2026-04-06T11:00:34+09:00							0
SRX15407780	ce11	TFs and others	16524259	submitted	15900216	2026-04-06T11:00:34+09:00							0
SRX15407781	ce11	TFs and others	19171822	submitted	15900217	2026-04-06T11:00:34+09:00							0
SRX15625451	ce11	TFs and others	372219041	submitted	15900218	2026-04-06T11:00:34+09:00							0
SRX15887167	ce11	TFs and others	41359758	submitted	15900219	2026-04-06T11:00:35+09:00							0
SRX15887168	ce11	TFs and others	22188057	submitted	15900220	2026-04-06T11:00:35+09:00							0
SRX15887169	ce11	TFs and others	23556759	submitted	15900221	2026-04-06T11:00:35+09:00							0
SRX15887170	ce11	TFs and others	35799607	submitted	15900222	2026-04-06T11:00:35+09:00							0
SRX15887172	ce11	TFs and others	12931999	submitted	15900223	2026-04-06T11:00:35+09:00							0
SRX15887173	ce11	TFs and others	26032717	submitted	15900224	2026-04-06T11:00:35+09:00							0
SRX15887175	ce11	TFs and others	19274405	submitted	15900225	2026-04-06T11:00:35+09:00							0
SRX15887176	ce11	TFs and others	16652358	submitted	15900226	2026-04-06T11:00:35+09:00							0
SRX15887178	ce11	TFs and others	12727087	submitted	15900227	2026-04-06T11:00:35+09:00							0
SRX15887179	ce11	TFs and others	42920540	submitted	15900228	2026-04-06T11:00:35+09:00							0
SRX15887181	ce11	TFs and others	15240550	submitted	15900229	2026-04-06T11:00:35+09:00							0
SRX15887182	ce11	TFs and others	9752445	submitted	15900230	2026-04-06T11:00:35+09:00							0
SRX15887187	ce11	TFs and others	23011225	submitted	15900231	2026-04-06T11:00:35+09:00							0
SRX15887188	ce11	TFs and others	11520084	submitted	15900232	2026-04-06T11:00:35+09:00							0
SRX15887191	ce11	TFs and others	13755672	submitted	15900233	2026-04-06T11:00:36+09:00							0
SRX043858	ce11	TFs and others	7132310	running	15899675		2026-04-06T11:00:36+09:00	2026-04-06T11:00:36+09:00					0
SRX043857	ce11	TFs and others	1463940	running	15899674		2026-04-06T11:00:36+09:00	2026-04-06T11:00:36+09:00					0
SRX15887194	ce11	TFs and others	10514863	submitted	15900234	2026-04-06T11:00:36+09:00							0
SRX15887195	ce11	TFs and others	30237542	submitted	15900235	2026-04-06T11:00:36+09:00							0
SRX15887197	ce11	TFs and others	22496276	submitted	15900236	2026-04-06T11:00:36+09:00							0
SRX15887198	ce11	TFs and others	9243704	submitted	15900237	2026-04-06T11:00:36+09:00							0
SRX15887200	ce11	TFs and others	11513557	submitted	15900238	2026-04-06T11:00:36+09:00							0
SRX15887201	ce11	TFs and others	12305094	submitted	15900239	2026-04-06T11:00:36+09:00							0
SRX15887204	ce11	TFs and others	14915841	submitted	15900240	2026-04-06T11:00:36+09:00							0
SRX15887205	ce11	TFs and others	12212805	submitted	15900241	2026-04-06T11:00:36+09:00							0
SRX15887206	ce11	TFs and others	15171167	submitted	15900242	2026-04-06T11:00:36+09:00							0
SRX15887210	ce11	TFs and others	17327293	submitted	15900243	2026-04-06T11:00:36+09:00							0
SRX15887211	ce11	TFs and others	22013041	submitted	15900244	2026-04-06T11:00:36+09:00							0
SRX15887215	ce11	TFs and others	14135831	submitted	15900245	2026-04-06T11:00:36+09:00							0
SRX15887216	ce11	TFs and others	19485839	submitted	15900246	2026-04-06T11:00:36+09:00							0
SRX15887217	ce11	TFs and others	15058684	submitted	15900247	2026-04-06T11:00:37+09:00							0
SRX15887221	ce11	TFs and others	18101822	submitted	15900248	2026-04-06T11:00:37+09:00							0
SRX15887222	ce11	TFs and others	8234750	submitted	15900249	2026-04-06T11:00:37+09:00							0
SRX15887227	ce11	TFs and others	3543318	submitted	15900250	2026-04-06T11:00:37+09:00							0
SRX15887228	ce11	TFs and others	17744254	submitted	15900251	2026-04-06T11:00:37+09:00							0
SRX15887231	ce11	TFs and others	10134276	submitted	15900252	2026-04-06T11:00:37+09:00							0
SRX1674090	ce11	RNA polymerase	50879695	submitted	15900253	2026-04-06T11:00:37+09:00							0
SRX1674093	ce11	RNA polymerase	103005862	submitted	15900254	2026-04-06T11:00:37+09:00							0
SRX1674094	ce11	RNA polymerase	56496066	submitted	15900255	2026-04-06T11:00:37+09:00							0
SRX1674098	ce11	RNA polymerase	100922140	submitted	15900256	2026-04-06T11:00:37+09:00							0
SRX1674099	ce11	RNA polymerase	104108339	submitted	15900257	2026-04-06T11:00:37+09:00							0
SRX1674100	ce11	RNA polymerase	57625311	submitted	15900258	2026-04-06T11:00:37+09:00							0
SRX1674101	ce11	RNA polymerase	58288493	submitted	15900259	2026-04-06T11:00:37+09:00							0
SRX1674102	ce11	Histone	36972865	submitted	15900260	2026-04-06T11:00:37+09:00							0
SRX17187270	ce11	ATAC-Seq	26857339	submitted	15900261	2026-04-06T11:00:38+09:00							0
SRX005632	ce11	RNA polymerase	4652073	done	15899639		2026-04-06T10:59:56+09:00	2026-04-06T11:00:38+09:00	14	27	41		0
SRX17187271	ce11	ATAC-Seq	37059032	submitted	15900262	2026-04-06T11:00:38+09:00							0
SRX17187274	ce11	ATAC-Seq	51345758	submitted	15900263	2026-04-06T11:00:38+09:00							0
SRX17187275	ce11	ATAC-Seq	18992890	submitted	15900264	2026-04-06T11:00:38+09:00							0
SRX043843	ce11	RNA polymerase	2045900	done	15899660		2026-04-06T10:59:58+09:00	2026-04-06T11:00:38+09:00	20	20	40		0
SRX17187279	ce11	ATAC-Seq	44597260	submitted	15900265	2026-04-06T11:00:38+09:00							0
SRX17187281	ce11	ATAC-Seq	25121166	submitted	15900266	2026-04-06T11:00:38+09:00							0
SRX17187287	ce11	ATAC-Seq	50491908	submitted	15900267	2026-04-06T11:00:38+09:00							0
SRX17187289	ce11	ATAC-Seq	24864294	submitted	15900268	2026-04-06T11:00:38+09:00							0
SRX17187292	ce11	ATAC-Seq	18555740	submitted	15900269	2026-04-06T11:00:38+09:00							0
SRX17187294	ce11	ATAC-Seq	23392419	submitted	15900270	2026-04-06T11:00:38+09:00							0
SRX17187296	ce11	ATAC-Seq	13526778	submitted	15900271	2026-04-06T11:00:38+09:00							0
SRX172525	ce11	Histone	15886021	submitted	15900272	2026-04-06T11:00:38+09:00							0
SRX172526	ce11	Histone	32252152	submitted	15900273	2026-04-06T11:00:38+09:00							0
SRX172527	ce11	Histone	23992486	submitted	15900274	2026-04-06T11:00:38+09:00							0
SRX17392620	ce11	Histone	35516656	submitted	15900275	2026-04-06T11:00:39+09:00							0
SRX043859	ce11	TFs and others	8510752	running	15899676		2026-04-06T11:00:39+09:00	2026-04-06T11:00:39+09:00					0
SRX043860	ce11	TFs and others	6078507	running	15899677		2026-04-06T11:00:39+09:00	2026-04-06T11:00:39+09:00					0
SRX17392621	ce11	Histone	51727448	submitted	15900276	2026-04-06T11:00:39+09:00							0
SRX17392622	ce11	Histone	47195563	submitted	15900277	2026-04-06T11:00:39+09:00							0
SRX17392623	ce11	Histone	46827749	submitted	15900278	2026-04-06T11:00:39+09:00							0
SRX17392624	ce11	Histone	42304940	submitted	15900279	2026-04-06T11:00:39+09:00							0
SRX17392625	ce11	Histone	42399887	submitted	15900280	2026-04-06T11:00:39+09:00							0
SRX17605265	ce11	TFs and others	50210686	submitted	15900281	2026-04-06T11:00:39+09:00							0
SRX17605266	ce11	TFs and others	59307901	submitted	15900282	2026-04-06T11:00:39+09:00							0
SRX17605267	ce11	TFs and others	57387970	submitted	15900283	2026-04-06T11:00:39+09:00							0
SRX17605290	ce11	TFs and others	27465369	submitted	15900284	2026-04-06T11:00:39+09:00							0
SRX17605291	ce11	TFs and others	31798736	submitted	15900285	2026-04-06T11:00:39+09:00							0
SRX1769982	ce11	TFs and others	3470371	submitted	15900286	2026-04-06T11:00:39+09:00							0
SRX1769983	ce11	TFs and others	19445923	submitted	15900287	2026-04-06T11:00:39+09:00							0
SRX005635	ce11	RNA polymerase	1958846	done	15899641		2026-04-06T10:59:58+09:00	2026-04-06T11:00:39+09:00	8	17	25		0
SRX1769984	ce11	TFs and others	11140655	submitted	15900288	2026-04-06T11:00:40+09:00							0
SRX1769985	ce11	TFs and others	20141515	submitted	15900289	2026-04-06T11:00:40+09:00							0
SRX1769986	ce11	TFs and others	7949569	submitted	15900290	2026-04-06T11:00:40+09:00							0
SRX1769987	ce11	TFs and others	1629672	submitted	15900291	2026-04-06T11:00:40+09:00							0
SRX1769988	ce11	TFs and others	6113677	submitted	15900292	2026-04-06T11:00:40+09:00							0
SRX1769989	ce11	TFs and others	5084782	submitted	15900293	2026-04-06T11:00:40+09:00							0
SRX1769990	ce11	TFs and others	14525466	submitted	15900294	2026-04-06T11:00:40+09:00							0
SRX1769991	ce11	TFs and others	22271448	submitted	15900295	2026-04-06T11:00:40+09:00							0
SRX1769992	ce11	TFs and others	6174995	submitted	15900296	2026-04-06T11:00:40+09:00							0
SRX1769993	ce11	TFs and others	18925488	submitted	15900297	2026-04-06T11:00:40+09:00							0
SRX1769994	ce11	TFs and others	54569107	submitted	15900298	2026-04-06T11:00:40+09:00							0
SRX1769995	ce11	TFs and others	7133376	submitted	15900299	2026-04-06T11:00:40+09:00							0
SRX1769996	ce11	TFs and others	87175889	submitted	15900300	2026-04-06T11:00:40+09:00							0
SRX1769997	ce11	TFs and others	53147964	submitted	15900301	2026-04-06T11:00:40+09:00							0
SRX18303534	ce11	ATAC-Seq	14660316	submitted	15900302	2026-04-06T11:00:40+09:00							0
SRX18303535	ce11	ATAC-Seq	15803636	submitted	15900303	2026-04-06T11:00:41+09:00							0
SRX015096	ce11	TFs and others	5078643	done	15899653		2026-04-06T10:59:58+09:00	2026-04-06T11:00:41+09:00	13	30	43		0
SRX18303536	ce11	ATAC-Seq	8684764	submitted	15900304	2026-04-06T11:00:41+09:00							0
SRX18303537	ce11	ATAC-Seq	5906324	submitted	15900305	2026-04-06T11:00:41+09:00							0
SRX18303538	ce11	ATAC-Seq	11437689	submitted	15900306	2026-04-06T11:00:41+09:00							0
SRX18303539	ce11	ATAC-Seq	18051887	submitted	15900307	2026-04-06T11:00:41+09:00							0
SRX005650	ce11	RNA polymerase	2855301	done	15899646		2026-04-06T10:59:58+09:00	2026-04-06T11:00:41+09:00	17	26	43		0
SRX18303540	ce11	ATAC-Seq	5323987	submitted	15900308	2026-04-06T11:00:41+09:00							0
SRX18303541	ce11	ATAC-Seq	10736284	submitted	15900309	2026-04-06T11:00:41+09:00							0
SRX18303542	ce11	ATAC-Seq	17158167	submitted	15900310	2026-04-06T11:00:41+09:00							0
SRX18303543	ce11	ATAC-Seq	24012629	submitted	15900311	2026-04-06T11:00:41+09:00							0
SRX18303544	ce11	ATAC-Seq	13315761	submitted	15900312	2026-04-06T11:00:41+09:00							0
SRX18303545	ce11	ATAC-Seq	7617178	submitted	15900313	2026-04-06T11:00:41+09:00							0
SRX18303546	ce11	ATAC-Seq	32658691	submitted	15900314	2026-04-06T11:00:41+09:00							0
SRX18303547	ce11	ATAC-Seq	21629179	submitted	15900315	2026-04-06T11:00:41+09:00							0
SRX18303548	ce11	ATAC-Seq	28994666	submitted	15900316	2026-04-06T11:00:42+09:00							0
SRX18303549	ce11	ATAC-Seq	6794643	submitted	15900317	2026-04-06T11:00:42+09:00							0
SRX043862	ce11	TFs and others	11262656	running	15899679		2026-04-06T11:00:42+09:00	2026-04-06T11:00:42+09:00					0
SRX043861	ce11	TFs and others	10748447	running	15899678		2026-04-06T11:00:42+09:00	2026-04-06T11:00:42+09:00					0
SRX043863	ce11	RNA polymerase	4304838	running	15899680		2026-04-06T11:00:42+09:00	2026-04-06T11:00:42+09:00					0
SRX188613	ce11	RNA polymerase	4666552	submitted	15900318	2026-04-06T11:00:42+09:00							0
SRX188614	ce11	RNA polymerase	6486474	submitted	15900319	2026-04-06T11:00:42+09:00							0
SRX188617	ce11	RNA polymerase	4922526	submitted	15900320	2026-04-06T11:00:42+09:00							0
SRX188618	ce11	RNA polymerase	4144392	submitted	15900321	2026-04-06T11:00:42+09:00							0
SRX19312603	ce11	ATAC-Seq	15982381	submitted	15900322	2026-04-06T11:00:42+09:00							0
SRX19312604	ce11	ATAC-Seq	18064937	submitted	15900323	2026-04-06T11:00:42+09:00							0
SRX19312605	ce11	ATAC-Seq	16276519	submitted	15900324	2026-04-06T11:00:42+09:00							0
SRX19312606	ce11	ATAC-Seq	17903531	submitted	15900325	2026-04-06T11:00:42+09:00							0
SRX19312607	ce11	ATAC-Seq	16352658	submitted	15900326	2026-04-06T11:00:42+09:00							0
SRX19312608	ce11	ATAC-Seq	15096490	submitted	15900327	2026-04-06T11:00:42+09:00							0
SRX19312661	ce11	TFs and others	32169120	submitted	15900328	2026-04-06T11:00:42+09:00							0
SRX19312662	ce11	TFs and others	29237604	submitted	15900329	2026-04-06T11:00:42+09:00							0
SRX19312663	ce11	TFs and others	24313284	submitted	15900330	2026-04-06T11:00:43+09:00							0
SRX005634	ce11	TFs and others	4418118	done	15899640		2026-04-06T10:59:58+09:00	2026-04-06T11:00:43+09:00	12	32	44		0
SRX19312664	ce11	TFs and others	28602884	submitted	15900331	2026-04-06T11:00:43+09:00							0
SRX005631	ce11	TFs and others	3482818	done	15899638		2026-04-06T10:59:56+09:00	2026-04-06T11:00:43+09:00	19	28	47		0
SRX1949396	ce11	TFs and others	11238748	submitted	15900332	2026-04-06T11:00:43+09:00							0
SRX1949397	ce11	TFs and others	12492161	submitted	15900333	2026-04-06T11:00:43+09:00							0
SRX1949398	ce11	TFs and others	20859731	submitted	15900334	2026-04-06T11:00:43+09:00							0
SRX19856960	ce11	TFs and others	40013894	submitted	15900335	2026-04-06T11:00:43+09:00							0
SRX19856962	ce11	TFs and others	45539975	submitted	15900336	2026-04-06T11:00:43+09:00							0
SRX2011722	ce11	TFs and others	17446004	submitted	15900337	2026-04-06T11:00:43+09:00							0
SRX2011723	ce11	TFs and others	11867230	submitted	15900338	2026-04-06T11:00:43+09:00							0
SRX2011724	ce11	TFs and others	12623036	submitted	15900339	2026-04-06T11:00:43+09:00							0
SRX2011725	ce11	TFs and others	14269660	submitted	15900340	2026-04-06T11:00:43+09:00							0
SRX20276861	ce11	ATAC-Seq	99630303	submitted	15900341	2026-04-06T11:00:43+09:00							0
SRX20276862	ce11	ATAC-Seq	87310820	submitted	15900342	2026-04-06T11:00:43+09:00							0
SRX20276863	ce11	ATAC-Seq	95954850	submitted	15900343	2026-04-06T11:00:43+09:00							0
SRX20276864	ce11	ATAC-Seq	101184494	submitted	15900344	2026-04-06T11:00:44+09:00							0
SRX20276865	ce11	ATAC-Seq	92055004	submitted	15900345	2026-04-06T11:00:44+09:00							0
SRX20276866	ce11	ATAC-Seq	87586715	submitted	15900346	2026-04-06T11:00:44+09:00							0
SRX20276910	ce11	Histone	18013783	submitted	15900347	2026-04-06T11:00:44+09:00							0
SRX20276914	ce11	Histone	21176345	submitted	15900348	2026-04-06T11:00:44+09:00							0
SRX20276915	ce11	Histone	29726278	submitted	15900349	2026-04-06T11:00:44+09:00							0
SRX20276916	ce11	Histone	20397924	submitted	15900350	2026-04-06T11:00:44+09:00							0
SRX20276917	ce11	Histone	29977448	submitted	15900351	2026-04-06T11:00:44+09:00							0
SRX20276922	ce11	Histone	39655937	submitted	15900352	2026-04-06T11:00:44+09:00							0
SRX20276923	ce11	Histone	37957801	submitted	15900353	2026-04-06T11:00:44+09:00							0
SRX20276924	ce11	Histone	50091762	submitted	15900354	2026-04-06T11:00:44+09:00							0
SRX20276925	ce11	Histone	34743022	submitted	15900355	2026-04-06T11:00:44+09:00							0
SRX20276927	ce11	Histone	16993439	submitted	15900356	2026-04-06T11:00:44+09:00							0
SRX20276930	ce11	Histone	32915775	submitted	15900357	2026-04-06T11:00:44+09:00							0
SRX20276931	ce11	Histone	23253143	submitted	15900358	2026-04-06T11:00:45+09:00							0
SRX043865	ce11	RNA polymerase	3999191	running	15899682		2026-04-06T11:00:45+09:00	2026-04-06T11:00:45+09:00					0
SRX043864	ce11	RNA polymerase	4157862	running	15899681		2026-04-06T11:00:45+09:00	2026-04-06T11:00:45+09:00					0
SRX20276932	ce11	Histone	31466814	submitted	15900359	2026-04-06T11:00:45+09:00							0
SRX20276933	ce11	Histone	26337244	submitted	15900360	2026-04-06T11:00:45+09:00							0
SRX20276938	ce11	Histone	34182338	submitted	15900361	2026-04-06T11:00:45+09:00							0
SRX20276939	ce11	Histone	42505710	submitted	15900362	2026-04-06T11:00:45+09:00							0
SRX20276940	ce11	Histone	40752427	submitted	15900363	2026-04-06T11:00:45+09:00							0
SRX20276941	ce11	Histone	40909282	submitted	15900364	2026-04-06T11:00:45+09:00							0
SRX2035133	ce11	Histone	7076912	submitted	15900365	2026-04-06T11:00:45+09:00							0
SRX2035134	ce11	Histone	6829144	submitted	15900366	2026-04-06T11:00:45+09:00							0
SRX2035136	ce11	Histone	6460224	submitted	15900367	2026-04-06T11:00:45+09:00							0
SRX2035137	ce11	Histone	6426854	submitted	15900368	2026-04-06T11:00:45+09:00							0
SRX20811767	ce11	Histone	28779848	submitted	15900369	2026-04-06T11:00:45+09:00							0
SRX20811768	ce11	Histone	18748114	submitted	15900370	2026-04-06T11:00:45+09:00							0
SRX208755	ce11	TFs and others	19595990	submitted	15900371	2026-04-06T11:00:45+09:00							0
SRX208756	ce11	TFs and others	6972845	submitted	15900372	2026-04-06T11:00:46+09:00							0
SRX208763	ce11	TFs and others	11756944	submitted	15900373	2026-04-06T11:00:46+09:00							0
SRX208764	ce11	TFs and others	14746480	submitted	15900374	2026-04-06T11:00:46+09:00							0
SRX208767	ce11	TFs and others	8273591	submitted	15900375	2026-04-06T11:00:46+09:00							0
SRX208768	ce11	TFs and others	12785509	submitted	15900376	2026-04-06T11:00:46+09:00							0
SRX208769	ce11	TFs and others	13454005	submitted	15900377	2026-04-06T11:00:46+09:00							0
SRX208770	ce11	TFs and others	18415218	submitted	15900378	2026-04-06T11:00:46+09:00							0
SRX208771	ce11	RNA polymerase	14095169	submitted	15900379	2026-04-06T11:00:46+09:00							0
SRX208772	ce11	RNA polymerase	13827258	submitted	15900380	2026-04-06T11:00:46+09:00							0
SRX208773	ce11	RNA polymerase	17247211	submitted	15900381	2026-04-06T11:00:46+09:00							0
SRX208774	ce11	RNA polymerase	19098144	submitted	15900382	2026-04-06T11:00:46+09:00							0
SRX208775	ce11	TFs and others	15778723	submitted	15900383	2026-04-06T11:00:46+09:00							0
SRX208776	ce11	TFs and others	11387508	submitted	15900384	2026-04-06T11:00:46+09:00							0
SRX208777	ce11	TFs and others	10320462	submitted	15900385	2026-04-06T11:00:46+09:00							0
SRX208778	ce11	TFs and others	11715770	submitted	15900386	2026-04-06T11:00:47+09:00							0
SRX21064582	ce11	TFs and others	4052356	submitted	15900387	2026-04-06T11:00:47+09:00							0
SRX21064583	ce11	TFs and others	14553950	submitted	15900388	2026-04-06T11:00:47+09:00							0
SRX21064584	ce11	TFs and others	13209219	submitted	15900389	2026-04-06T11:00:47+09:00							0
SRX21064585	ce11	TFs and others	14402133	submitted	15900390	2026-04-06T11:00:47+09:00							0
SRX21064586	ce11	TFs and others	17583852	submitted	15900391	2026-04-06T11:00:47+09:00							0
SRX21064587	ce11	TFs and others	23081685	submitted	15900392	2026-04-06T11:00:47+09:00							0
SRX21064588	ce11	TFs and others	9654916	submitted	15900393	2026-04-06T11:00:47+09:00							0
SRX21064589	ce11	TFs and others	15631996	submitted	15900394	2026-04-06T11:00:47+09:00							0
SRX21064590	ce11	TFs and others	15897607	submitted	15900395	2026-04-06T11:00:47+09:00							0
SRX21064591	ce11	TFs and others	15670415	submitted	15900396	2026-04-06T11:00:47+09:00							0
SRX21064592	ce11	TFs and others	17231087	submitted	15900397	2026-04-06T11:00:47+09:00							0
SRX005648	ce11	RNA polymerase	4134711	done	15899644		2026-04-06T10:59:58+09:00	2026-04-06T11:00:47+09:00	14	35	49		0
SRX21064593	ce11	TFs and others	21942316	submitted	15900398	2026-04-06T11:00:47+09:00							0
SRX21064600	ce11	TFs and others	11175253	submitted	15900399	2026-04-06T11:00:47+09:00							0
SRX21064601	ce11	TFs and others	9294136	submitted	15900400	2026-04-06T11:00:48+09:00							0
SRX043866	ce11	RNA polymerase	3435784	running	15899683		2026-04-06T11:00:48+09:00	2026-04-06T11:00:48+09:00					0
SRX21064602	ce11	TFs and others	7936231	submitted	15900401	2026-04-06T11:00:48+09:00							0
SRX21064603	ce11	TFs and others	2583721	submitted	15900402	2026-04-06T11:00:48+09:00							0
SRX21064608	ce11	TFs and others	5878468	submitted	15900403	2026-04-06T11:00:48+09:00							0
SRX21064609	ce11	TFs and others	9095654	submitted	15900405	2026-04-06T11:00:48+09:00							0
SRX21064610	ce11	TFs and others	25338318	submitted	15900406	2026-04-06T11:00:48+09:00							0
SRX21064611	ce11	TFs and others	21509217	submitted	15900407	2026-04-06T11:00:48+09:00							0
SRX212235	ce11	TFs and others	12552249	submitted	15900408	2026-04-06T11:00:48+09:00							0
SRX2144165	ce11	Histone	4913051	submitted	15900409	2026-04-06T11:00:48+09:00							0
SRX2144166	ce11	Histone	3651845	submitted	15900410	2026-04-06T11:00:48+09:00							0
SRX2144167	ce11	Histone	5401926	submitted	15900411	2026-04-06T11:00:48+09:00							0
SRX2144168	ce11	Histone	8669264	submitted	15900412	2026-04-06T11:00:48+09:00							0
SRX2144169	ce11	Histone	4267483	submitted	15900413	2026-04-06T11:00:48+09:00							0
SRX2144170	ce11	RNA polymerase	5531968	submitted	15900414	2026-04-06T11:00:49+09:00							0
SRX2144171	ce11	RNA polymerase	9709567	submitted	15900415	2026-04-06T11:00:49+09:00							0
SRX2144172	ce11	RNA polymerase	5477242	submitted	15900416	2026-04-06T11:00:49+09:00							0
SRX2144173	ce11	RNA polymerase	9595716	submitted	15900417	2026-04-06T11:00:49+09:00							0
SRX2144174	ce11	RNA polymerase	4398420	submitted	15900418	2026-04-06T11:00:49+09:00							0
SRX2144175	ce11	Histone	6518497	submitted	15900419	2026-04-06T11:00:49+09:00							0
SRX2144176	ce11	Histone	5032150	submitted	15900420	2026-04-06T11:00:49+09:00							0
SRX043845	ce11	RNA polymerase	4001586	done	15899662		2026-04-06T10:59:58+09:00	2026-04-06T11:00:49+09:00	16	35	51		0
SRX2144177	ce11	Histone	5173938	submitted	15900421	2026-04-06T11:00:49+09:00							0
SRX2144178	ce11	Histone	8786701	submitted	15900422	2026-04-06T11:00:49+09:00							0
SRX2144179	ce11	Histone	6820219	submitted	15900423	2026-04-06T11:00:49+09:00							0
SRX2144180	ce11	RNA polymerase	6729731	submitted	15900424	2026-04-06T11:00:49+09:00							0
SRX2144181	ce11	RNA polymerase	8842349	submitted	15900425	2026-04-06T11:00:49+09:00							0
SRX2144182	ce11	RNA polymerase	7550443	submitted	15900426	2026-04-06T11:00:49+09:00							0
SRX2144183	ce11	RNA polymerase	6715360	submitted	15900427	2026-04-06T11:00:49+09:00							0
SRX2144184	ce11	RNA polymerase	5526585	submitted	15900428	2026-04-06T11:00:50+09:00							0
SRX2144190	ce11	Histone	3444666	submitted	15900429	2026-04-06T11:00:50+09:00							0
SRX2144191	ce11	Histone	6821424	submitted	15900430	2026-04-06T11:00:50+09:00							0
SRX2144192	ce11	Histone	2717461	submitted	15900431	2026-04-06T11:00:50+09:00							0
SRX2144193	ce11	Histone	4009970	submitted	15900432	2026-04-06T11:00:50+09:00							0
SRX2144194	ce11	Histone	3823058	submitted	15900433	2026-04-06T11:00:50+09:00							0
SRX2163949	ce11	Histone	41298351	submitted	15900434	2026-04-06T11:00:50+09:00							0
SRX2163950	ce11	Histone	50549812	submitted	15900435	2026-04-06T11:00:50+09:00							0
SRX005629	ce11	RNA polymerase	4040048	done	15899637		2026-04-06T10:59:56+09:00	2026-04-06T11:00:50+09:00	20	34	54		0
SRX2170085	ce11	Bisulfite-Seq	326964	submitted	15900436	2026-04-06T11:00:50+09:00							0
SRX21762554	ce11	TFs and others	8682734	submitted	15900437	2026-04-06T11:00:50+09:00							0
SRX21762555	ce11	TFs and others	13829214	submitted	15900438	2026-04-06T11:00:50+09:00							0
SRX21762556	ce11	TFs and others	6195493	submitted	15900439	2026-04-06T11:00:50+09:00							0
SRX21762557	ce11	TFs and others	11531890	submitted	15900440	2026-04-06T11:00:50+09:00							0
SRX21762560	ce11	RNA polymerase	22669304	submitted	15900441	2026-04-06T11:00:50+09:00							0
SRX21762561	ce11	RNA polymerase	18073472	submitted	15900442	2026-04-06T11:00:51+09:00							0
SRX043867	ce11	RNA polymerase	2762967	running	15899684		2026-04-06T11:00:51+09:00	2026-04-06T11:00:51+09:00					0
SRX043868	ce11	RNA polymerase	5066974	running	15899685		2026-04-06T11:00:51+09:00	2026-04-06T11:00:51+09:00					0
SRX21762562	ce11	RNA polymerase	26006759	submitted	15900443	2026-04-06T11:00:51+09:00							0
SRX21762563	ce11	RNA polymerase	8465221	submitted	15900444	2026-04-06T11:00:51+09:00							0
SRX21762564	ce11	RNA polymerase	7171321	submitted	15900445	2026-04-06T11:00:51+09:00							0
SRX21762565	ce11	RNA polymerase	14774536	submitted	15900446	2026-04-06T11:00:51+09:00							0
SRX21762566	ce11	RNA polymerase	11155204	submitted	15900447	2026-04-06T11:00:51+09:00							0
SRX21804016	ce11	ATAC-Seq	13361761	submitted	15900448	2026-04-06T11:00:51+09:00							0
SRX21804017	ce11	ATAC-Seq	11913759	submitted	15900449	2026-04-06T11:00:51+09:00							0
SRX21804018	ce11	ATAC-Seq	16675512	submitted	15900450	2026-04-06T11:00:51+09:00							0
SRX21804019	ce11	ATAC-Seq	17948282	submitted	15900451	2026-04-06T11:00:51+09:00							0
SRX21804020	ce11	ATAC-Seq	13800295	submitted	15900452	2026-04-06T11:00:51+09:00							0
SRX21804021	ce11	ATAC-Seq	21897656	submitted	15900453	2026-04-06T11:00:51+09:00							0
SRX21804022	ce11	ATAC-Seq	17090101	submitted	15900454	2026-04-06T11:00:51+09:00							0
SRX21804023	ce11	ATAC-Seq	17809067	submitted	15900455	2026-04-06T11:00:52+09:00							0
SRX21804024	ce11	ATAC-Seq	25456261	submitted	15900456	2026-04-06T11:00:52+09:00							0
SRX2202775	ce11	Histone	16937099	submitted	15900457	2026-04-06T11:00:52+09:00							0
SRX2202776	ce11	Histone	16007623	submitted	15900458	2026-04-06T11:00:52+09:00							0
SRX2202779	ce11	TFs and others	20981917	submitted	15900459	2026-04-06T11:00:52+09:00							0
SRX2202780	ce11	TFs and others	19386364	submitted	15900460	2026-04-06T11:00:52+09:00							0
SRX2202781	ce11	TFs and others	22115537	submitted	15900461	2026-04-06T11:00:52+09:00							0
SRX2202782	ce11	TFs and others	23888948	submitted	15900462	2026-04-06T11:00:52+09:00							0
SRX2202783	ce11	TFs and others	20182598	submitted	15900463	2026-04-06T11:00:52+09:00							0
SRX2202784	ce11	TFs and others	23824880	submitted	15900464	2026-04-06T11:00:52+09:00							0
SRX2202785	ce11	TFs and others	22406252	submitted	15900465	2026-04-06T11:00:52+09:00							0
SRX2202786	ce11	TFs and others	19485470	submitted	15900466	2026-04-06T11:00:52+09:00							0
SRX2202787	ce11	TFs and others	20837923	submitted	15900467	2026-04-06T11:00:52+09:00							0
SRX2202788	ce11	TFs and others	24890077	submitted	15900468	2026-04-06T11:00:53+09:00							0
SRX222634	ce11	TFs and others	6220459	submitted	15900469	2026-04-06T11:00:53+09:00							0
SRX222635	ce11	TFs and others	3974082	submitted	15900470	2026-04-06T11:00:53+09:00							0
SRX222638	ce11	TFs and others	7552112	submitted	15900471	2026-04-06T11:00:53+09:00							0
SRX222639	ce11	TFs and others	6976383	submitted	15900472	2026-04-06T11:00:53+09:00							0
SRX222642	ce11	TFs and others	5641350	submitted	15900473	2026-04-06T11:00:53+09:00							0
SRX043854	ce11	TFs and others	3382293	done	15899671		2026-04-06T11:00:07+09:00	2026-04-06T11:00:53+09:00	9	37	46		0
SRX222643	ce11	TFs and others	6024147	submitted	15900474	2026-04-06T11:00:53+09:00							0
SRX2228847	ce11	TFs and others	20144069	submitted	15900475	2026-04-06T11:00:53+09:00							0
SRX2228848	ce11	TFs and others	23585231	submitted	15900476	2026-04-06T11:00:53+09:00							0
SRX015098	ce11	TFs and others	4816763	done	15899654		2026-04-06T10:59:58+09:00	2026-04-06T11:00:53+09:00	21	34	55		0
SRX2228849	ce11	TFs and others	8154140	submitted	15900477	2026-04-06T11:00:53+09:00							0
SRX2228850	ce11	TFs and others	10569347	submitted	15900478	2026-04-06T11:00:53+09:00							0
SRX2228851	ce11	TFs and others	5733878	submitted	15900479	2026-04-06T11:00:53+09:00							0
SRX2228852	ce11	TFs and others	8992104	submitted	15900480	2026-04-06T11:00:53+09:00							0
SRX2228853	ce11	TFs and others	5242953	submitted	15900481	2026-04-06T11:00:53+09:00							0
SRX2228854	ce11	TFs and others	5119300	submitted	15900482	2026-04-06T11:00:54+09:00							0
SRX2228855	ce11	TFs and others	6196375	submitted	15900483	2026-04-06T11:00:54+09:00							0
SRX043870	ce11	RNA polymerase	2643487	running	15899687		2026-04-06T11:00:54+09:00	2026-04-06T11:00:54+09:00					0
SRX043869	ce11	RNA polymerase	3075775	running	15899686		2026-04-06T11:00:54+09:00	2026-04-06T11:00:54+09:00					0
SRX043869	ce11	RNA polymerase	3075775	failed	15899686		2026-04-06T11:00:54+09:00	2026-04-06T11:00:54+09:00	0			no_fastq_found	0
SRX2228856	ce11	TFs and others	10710100	submitted	15900484	2026-04-06T11:00:54+09:00							0
SRX2228857	ce11	TFs and others	11801157	submitted	15900485	2026-04-06T11:00:54+09:00							0
SRX2228858	ce11	TFs and others	12429446	submitted	15900486	2026-04-06T11:00:54+09:00							0
SRX2228859	ce11	TFs and others	12255316	submitted	15900487	2026-04-06T11:00:54+09:00							0
SRX2228860	ce11	TFs and others	15555360	submitted	15900488	2026-04-06T11:00:54+09:00							0
SRX2228861	ce11	TFs and others	9436772	submitted	15900489	2026-04-06T11:00:54+09:00							0
SRX2228862	ce11	TFs and others	30487356	submitted	15900490	2026-04-06T11:00:54+09:00							0
SRX2228863	ce11	TFs and others	11982884	submitted	15900491	2026-04-06T11:00:54+09:00							0
SRX2228864	ce11	TFs and others	10064622	submitted	15900492	2026-04-06T11:00:54+09:00							0
SRX2228865	ce11	TFs and others	18668481	submitted	15900493	2026-04-06T11:00:54+09:00							0
SRX2228866	ce11	Histone	18406714	submitted	15900494	2026-04-06T11:00:54+09:00							0
SRX2228867	ce11	Histone	14827846	submitted	15900495	2026-04-06T11:00:54+09:00							0
SRX2228868	ce11	Histone	7769658	submitted	15900496	2026-04-06T11:00:55+09:00							0
SRX2228869	ce11	Histone	14221404	submitted	15900497	2026-04-06T11:00:55+09:00							0
SRX2228870	ce11	Histone	9142363	submitted	15900498	2026-04-06T11:00:55+09:00							0
SRX2228871	ce11	Histone	18247478	submitted	15900499	2026-04-06T11:00:55+09:00							0
SRX2228872	ce11	Histone	7312239	submitted	15900500	2026-04-06T11:00:55+09:00							0
SRX2228873	ce11	TFs and others	17467837	submitted	15900501	2026-04-06T11:00:55+09:00							0
SRX2228874	ce11	TFs and others	33038431	submitted	15900502	2026-04-06T11:00:55+09:00							0
SRX2228875	ce11	TFs and others	11043257	submitted	15900503	2026-04-06T11:00:55+09:00							0
SRX2228876	ce11	TFs and others	14851943	submitted	15900504	2026-04-06T11:00:55+09:00							0
SRX2228877	ce11	TFs and others	9681803	submitted	15900505	2026-04-06T11:00:55+09:00							0
SRX2228878	ce11	TFs and others	19257180	submitted	15900506	2026-04-06T11:00:55+09:00							0
SRX2228879	ce11	TFs and others	19204008	submitted	15900507	2026-04-06T11:00:55+09:00							0
SRX043846	ce11	RNA polymerase	4359117	done	15899663		2026-04-06T10:59:58+09:00	2026-04-06T11:00:55+09:00	26	31	57		0
SRX2228880	ce11	TFs and others	18386343	submitted	15900508	2026-04-06T11:00:55+09:00							0
SRX005626	ce11	RNA polymerase	4820475	done	15899635		2026-04-06T10:59:56+09:00	2026-04-06T11:00:55+09:00	18	41	59		0
SRX2228881	ce11	TFs and others	14706632	submitted	15900509	2026-04-06T11:00:56+09:00							0
SRX2228882	ce11	TFs and others	20627992	submitted	15900510	2026-04-06T11:00:56+09:00							0
SRX2228883	ce11	TFs and others	18646407	submitted	15900511	2026-04-06T11:00:56+09:00							0
SRX2228884	ce11	TFs and others	11973503	submitted	15900512	2026-04-06T11:00:56+09:00							0
SRX2228885	ce11	TFs and others	20205412	submitted	15900513	2026-04-06T11:00:56+09:00							0
SRX043873	ce11	RNA polymerase	6195176	running	15899690		2026-04-06T11:00:56+09:00	2026-04-06T11:00:56+09:00					0
SRX043871	ce11	RNA polymerase	1960399	running	15899688		2026-04-06T11:00:56+09:00	2026-04-06T11:00:56+09:00					0
SRX043872	ce11	RNA polymerase	3046025	running	15899689		2026-04-06T11:00:56+09:00	2026-04-06T11:00:56+09:00					0
SRX2228886	ce11	TFs and others	6284733	submitted	15900515	2026-04-06T11:00:56+09:00							0
SRX2228887	ce11	TFs and others	10397250	submitted	15900516	2026-04-06T11:00:56+09:00							0
SRX2228888	ce11	TFs and others	10153262	submitted	15900517	2026-04-06T11:00:56+09:00							0
SRX2228889	ce11	TFs and others	6864509	submitted	15900518	2026-04-06T11:00:56+09:00							0
SRX2228890	ce11	TFs and others	13966004	submitted	15900519	2026-04-06T11:00:56+09:00							0
SRX2228891	ce11	TFs and others	15404718	submitted	15900520	2026-04-06T11:00:56+09:00							0
SRX2228892	ce11	TFs and others	7805545	submitted	15900521	2026-04-06T11:00:56+09:00							0
SRX2249334	ce11	Histone	162820502	submitted	15900522	2026-04-06T11:00:57+09:00							0
SRX2249335	ce11	Histone	53777861	submitted	15900523	2026-04-06T11:00:57+09:00							0
SRX2332995	ce11	ATAC-Seq	26099622	submitted	15900524	2026-04-06T11:00:57+09:00							0
SRX2332996	ce11	ATAC-Seq	36024207	submitted	15900525	2026-04-06T11:00:57+09:00							0
SRX043855	ce11	TFs and others	1826485	done	15899672		2026-04-06T11:00:07+09:00	2026-04-06T11:00:57+09:00	7	34	41		0
SRX2332997	ce11	ATAC-Seq	44833479	submitted	15900526	2026-04-06T11:00:57+09:00							0
SRX2332998	ce11	ATAC-Seq	22946693	submitted	15900527	2026-04-06T11:00:57+09:00							0
SRX2332999	ce11	ATAC-Seq	29523880	submitted	15900528	2026-04-06T11:00:57+09:00							0
SRX2333000	ce11	ATAC-Seq	21258521	submitted	15900529	2026-04-06T11:00:57+09:00							0
SRX2333001	ce11	ATAC-Seq	21992224	submitted	15900530	2026-04-06T11:00:57+09:00							0
SRX2333002	ce11	ATAC-Seq	43457363	submitted	15900531	2026-04-06T11:00:57+09:00							0
SRX2333003	ce11	ATAC-Seq	49739109	submitted	15900532	2026-04-06T11:00:57+09:00							0
SRX2333004	ce11	ATAC-Seq	31364016	submitted	15900533	2026-04-06T11:00:57+09:00							0
SRX233417	ce11	TFs and others	6560280	submitted	15900534	2026-04-06T11:00:57+09:00							0
SRX233418	ce11	TFs and others	9081688	submitted	15900535	2026-04-06T11:00:57+09:00							0
SRX233441	ce11	TFs and others	5623226	submitted	15900536	2026-04-06T11:00:58+09:00							0
SRX233442	ce11	TFs and others	6158254	submitted	15900537	2026-04-06T11:00:58+09:00							0
SRX233445	ce11	TFs and others	6316368	submitted	15900538	2026-04-06T11:00:58+09:00							0
SRX233446	ce11	TFs and others	7490240	submitted	15900539	2026-04-06T11:00:58+09:00							0
SRX233449	ce11	TFs and others	5725492	submitted	15900540	2026-04-06T11:00:58+09:00							0
SRX233450	ce11	TFs and others	8380457	submitted	15900541	2026-04-06T11:00:58+09:00							0
SRX233453	ce11	TFs and others	7931160	submitted	15900542	2026-04-06T11:00:58+09:00							0
SRX233454	ce11	TFs and others	3043619	submitted	15900543	2026-04-06T11:00:58+09:00							0
SRX233457	ce11	TFs and others	9931760	submitted	15900544	2026-04-06T11:00:58+09:00							0
SRX233458	ce11	TFs and others	9036519	submitted	15900545	2026-04-06T11:00:58+09:00							0
SRX233461	ce11	TFs and others	7035155	submitted	15900546	2026-04-06T11:00:58+09:00							0
SRX233462	ce11	TFs and others	2751348	submitted	15900547	2026-04-06T11:00:58+09:00							0
SRX233695	ce11	TFs and others	6839888	submitted	15900548	2026-04-06T11:00:58+09:00							0
SRX233696	ce11	TFs and others	6721950	submitted	15900549	2026-04-06T11:00:59+09:00							0
SRX234912	ce11	TFs and others	9348157	submitted	15900550	2026-04-06T11:00:59+09:00							0
SRX005649	ce11	RNA polymerase	5019687	done	15899645		2026-04-06T10:59:58+09:00	2026-04-06T11:00:59+09:00	18	43	61		0
SRX234913	ce11	TFs and others	7325114	submitted	15900551	2026-04-06T11:00:59+09:00							0
SRX234916	ce11	TFs and others	1318376	submitted	15900552	2026-04-06T11:00:59+09:00							0
SRX234917	ce11	TFs and others	5094897	submitted	15900553	2026-04-06T11:00:59+09:00							0
SRX234920	ce11	TFs and others	4124429	submitted	15900554	2026-04-06T11:00:59+09:00							0
SRX234921	ce11	TFs and others	8505498	submitted	15900555	2026-04-06T11:00:59+09:00							0
SRX234924	ce11	TFs and others	6275526	submitted	15900556	2026-04-06T11:00:59+09:00							0
SRX234925	ce11	TFs and others	6438791	submitted	15900557	2026-04-06T11:00:59+09:00							0
SRX2350718	ce11	Histone	17660826	submitted	15900558	2026-04-06T11:00:59+09:00							0
SRX2350719	ce11	Histone	10290698	submitted	15900559	2026-04-06T11:00:59+09:00							0
SRX2350720	ce11	Histone	14168528	submitted	15900560	2026-04-06T11:00:59+09:00							0
SRX2350721	ce11	Histone	9815437	submitted	15900561	2026-04-06T11:00:59+09:00							0
SRX043847	ce11	TFs and others	11728071	done	15899664		2026-04-06T10:59:58+09:00	2026-04-06T11:00:59+09:00	18	43	61		0
SRX2350722	ce11	Histone	9424627	submitted	15900562	2026-04-06T11:00:59+09:00							0
SRX2350723	ce11	Histone	15486368	submitted	15900563	2026-04-06T11:01:00+09:00							0
SRX043875	ce11	RNA polymerase	7475940	running	15899692		2026-04-06T11:01:00+09:00	2026-04-06T11:01:00+09:00					0
SRX043874	ce11	RNA polymerase	1982871	running	15899691		2026-04-06T11:01:00+09:00	2026-04-06T11:01:00+09:00					0
SRX043876	ce11	RNA polymerase	3599715	running	15899693		2026-04-06T11:01:00+09:00	2026-04-06T11:01:00+09:00					0
SRX2350724	ce11	Histone	13790395	submitted	15900564	2026-04-06T11:01:00+09:00							0
SRX2350725	ce11	Histone	11321125	submitted	15900565	2026-04-06T11:01:00+09:00							0
SRX2350738	ce11	Histone	12272558	submitted	15900566	2026-04-06T11:01:00+09:00							0
SRX2350739	ce11	Histone	8201532	submitted	15900567	2026-04-06T11:01:00+09:00							0
SRX2350740	ce11	Histone	11618832	submitted	15900568	2026-04-06T11:01:00+09:00							0
SRX2350741	ce11	Histone	10864382	submitted	15900569	2026-04-06T11:01:00+09:00							0
SRX2350742	ce11	Histone	13132196	submitted	15900570	2026-04-06T11:01:00+09:00							0
SRX2350743	ce11	Histone	11940186	submitted	15900571	2026-04-06T11:01:00+09:00							0
SRX2350744	ce11	Histone	10506268	submitted	15900572	2026-04-06T11:01:00+09:00							0
SRX2350745	ce11	Histone	10351924	submitted	15900573	2026-04-06T11:01:00+09:00							0
SRX2350746	ce11	Histone	13170882	submitted	15900574	2026-04-06T11:01:00+09:00							0
SRX2350747	ce11	Histone	11329297	submitted	15900575	2026-04-06T11:01:00+09:00							0
SRX2350748	ce11	Histone	10173885	submitted	15900576	2026-04-06T11:01:01+09:00							0
SRX2350749	ce11	Histone	13747279	submitted	15900577	2026-04-06T11:01:01+09:00							0
SRX2350750	ce11	Histone	10069535	submitted	15900578	2026-04-06T11:01:01+09:00							0
SRX2350751	ce11	Histone	10961380	submitted	15900579	2026-04-06T11:01:01+09:00							0
SRX2350752	ce11	Histone	12454882	submitted	15900580	2026-04-06T11:01:01+09:00							0
SRX2350753	ce11	Histone	9953156	submitted	15900581	2026-04-06T11:01:01+09:00							0
SRX2350754	ce11	Histone	12237325	submitted	15900582	2026-04-06T11:01:01+09:00							0
SRX2350755	ce11	Histone	11427736	submitted	15900583	2026-04-06T11:01:01+09:00							0
SRX2350756	ce11	Histone	12463337	submitted	15900584	2026-04-06T11:01:01+09:00							0
SRX235168	ce11	TFs and others	2961014	submitted	15900585	2026-04-06T11:01:01+09:00							0
SRX235169	ce11	TFs and others	4382589	submitted	15900586	2026-04-06T11:01:01+09:00							0
SRX235172	ce11	TFs and others	8426839	submitted	15900587	2026-04-06T11:01:01+09:00							0
SRX235173	ce11	TFs and others	7870475	submitted	15900588	2026-04-06T11:01:01+09:00							0
SRX2370184	ce11	Histone	7181124	submitted	15900589	2026-04-06T11:01:02+09:00							0
SRX005625	ce11	TFs and others	5707229	done	15899634		2026-04-06T10:59:56+09:00	2026-04-06T11:01:02+09:00	19	46	65		0
SRX2370185	ce11	Histone	20236840	submitted	15900590	2026-04-06T11:01:02+09:00							0
SRX2370186	ce11	Histone	20098596	submitted	15900591	2026-04-06T11:01:02+09:00							0
SRX23914022	ce11	TFs and others	30603436	submitted	15900592	2026-04-06T11:01:02+09:00							0
SRX23914023	ce11	TFs and others	19677081	submitted	15900593	2026-04-06T11:01:02+09:00							0
SRX23914024	ce11	TFs and others	34275659	submitted	15900594	2026-04-06T11:01:02+09:00							0
SRX23914025	ce11	TFs and others	15969206	submitted	15900595	2026-04-06T11:01:02+09:00							0
SRX245912	ce11	TFs and others	17073633	submitted	15900596	2026-04-06T11:01:02+09:00							0
SRX245913	ce11	TFs and others	17988956	submitted	15900597	2026-04-06T11:01:02+09:00							0
SRX245914	ce11	TFs and others	21734004	submitted	15900598	2026-04-06T11:01:02+09:00							0
SRX245915	ce11	TFs and others	28225540	submitted	15900599	2026-04-06T11:01:02+09:00							0
SRX245916	ce11	TFs and others	25703370	submitted	15900600	2026-04-06T11:01:02+09:00							0
SRX245917	ce11	TFs and others	26558615	submitted	15900601	2026-04-06T11:01:02+09:00							0
SRX246024	ce11	Histone	142888234	submitted	15900602	2026-04-06T11:01:03+09:00							0
SRX246025	ce11	Histone	55841810	submitted	15900603	2026-04-06T11:01:03+09:00							0
SRX043877	ce11	RNA polymerase	2360699	running	15899694		2026-04-06T11:01:03+09:00	2026-04-06T11:01:03+09:00					0
SRX246026	ce11	Histone	79541570	submitted	15900604	2026-04-06T11:01:03+09:00							0
SRX246027	ce11	Histone	134468528	submitted	15900605	2026-04-06T11:01:03+09:00							0
SRX246028	ce11	Histone	98247369	submitted	15900606	2026-04-06T11:01:03+09:00							0
SRX246029	ce11	Histone	109996620	submitted	15900607	2026-04-06T11:01:03+09:00							0
SRX246038	ce11	Histone	184789812	submitted	15900608	2026-04-06T11:01:03+09:00							0
SRX25185840	ce11	Histone	37134727	submitted	15900609	2026-04-06T11:01:03+09:00							0
SRX25185841	ce11	Histone	34624652	submitted	15900610	2026-04-06T11:01:03+09:00							0
SRX25185842	ce11	Histone	35483675	submitted	15900611	2026-04-06T11:01:03+09:00							0
SRX25185843	ce11	Histone	34178704	submitted	15900612	2026-04-06T11:01:03+09:00							0
SRX25185848	ce11	Histone	30675869	submitted	15900613	2026-04-06T11:01:03+09:00							0
SRX25185849	ce11	Histone	35291270	submitted	15900614	2026-04-06T11:01:03+09:00							0
SRX25185850	ce11	Histone	35093249	submitted	15900615	2026-04-06T11:01:03+09:00							0
SRX25185851	ce11	Histone	35265419	submitted	15900616	2026-04-06T11:01:04+09:00							0
SRX257640	ce11	TFs and others	25082505	submitted	15900617	2026-04-06T11:01:04+09:00							0
SRX257641	ce11	TFs and others	24186825	submitted	15900618	2026-04-06T11:01:04+09:00							0
SRX257642	ce11	TFs and others	6511216	submitted	15900619	2026-04-06T11:01:04+09:00							0
SRX257643	ce11	TFs and others	8060704	submitted	15900620	2026-04-06T11:01:04+09:00							0
SRX257644	ce11	TFs and others	9699963	submitted	15900621	2026-04-06T11:01:04+09:00							0
SRX257645	ce11	TFs and others	16172133	submitted	15900622	2026-04-06T11:01:04+09:00							0
SRX257646	ce11	TFs and others	18091038	submitted	15900623	2026-04-06T11:01:04+09:00							0
SRX257647	ce11	TFs and others	17594324	submitted	15900624	2026-04-06T11:01:04+09:00							0
SRX257648	ce11	TFs and others	18816016	submitted	15900625	2026-04-06T11:01:04+09:00							0
SRX257649	ce11	TFs and others	15435145	submitted	15900626	2026-04-06T11:01:04+09:00							0
SRX043857	ce11	TFs and others	1463940	done	15899674		2026-04-06T11:00:36+09:00	2026-04-06T11:01:04+09:00	6	22	28		0
SRX257650	ce11	TFs and others	16562205	submitted	15900627	2026-04-06T11:01:04+09:00							0
SRX257651	ce11	TFs and others	12994743	submitted	15900628	2026-04-06T11:01:04+09:00							0
SRX257652	ce11	TFs and others	19076562	submitted	15900629	2026-04-06T11:01:05+09:00							0
SRX257653	ce11	TFs and others	12762765	submitted	15900630	2026-04-06T11:01:05+09:00							0
SRX257654	ce11	TFs and others	18930018	submitted	15900631	2026-04-06T11:01:05+09:00							0
SRX257655	ce11	TFs and others	8743647	submitted	15900632	2026-04-06T11:01:05+09:00							0
SRX257656	ce11	TFs and others	13761013	submitted	15900633	2026-04-06T11:01:05+09:00							0
SRX257657	ce11	TFs and others	30487356	submitted	15900634	2026-04-06T11:01:05+09:00							0
SRX257658	ce11	TFs and others	11982884	submitted	15900635	2026-04-06T11:01:05+09:00							0
SRX257659	ce11	TFs and others	10064622	submitted	15900636	2026-04-06T11:01:05+09:00							0
SRX257660	ce11	TFs and others	18668481	submitted	15900637	2026-04-06T11:01:05+09:00							0
SRX257661	ce11	TFs and others	9571582	submitted	15900638	2026-04-06T11:01:05+09:00							0
SRX257662	ce11	TFs and others	13944143	submitted	15900639	2026-04-06T11:01:05+09:00							0
SRX2576620	ce11	TFs and others	15742148	submitted	15900640	2026-04-06T11:01:05+09:00							0
SRX2576621	ce11	TFs and others	16135860	submitted	15900641	2026-04-06T11:01:05+09:00							0
SRX2576622	ce11	TFs and others	7584129	submitted	15900642	2026-04-06T11:01:06+09:00							0
SRX2576623	ce11	TFs and others	21385259	submitted	15900643	2026-04-06T11:01:06+09:00							0
SRX2576624	ce11	TFs and others	21023417	submitted	15900644	2026-04-06T11:01:06+09:00							0
SRX2576625	ce11	TFs and others	19452610	submitted	15900645	2026-04-06T11:01:06+09:00							0
SRX2576626	ce11	TFs and others	17606297	submitted	15900646	2026-04-06T11:01:06+09:00							0
SRX2576627	ce11	TFs and others	20246590	submitted	15900647	2026-04-06T11:01:06+09:00							0
SRX2576628	ce11	TFs and others	18751435	submitted	15900648	2026-04-06T11:01:06+09:00							0
SRX2576629	ce11	TFs and others	11761376	submitted	15900649	2026-04-06T11:01:06+09:00							0
SRX257663	ce11	TFs and others	20920487	submitted	15900650	2026-04-06T11:01:06+09:00							0
SRX2576630	ce11	TFs and others	21521044	submitted	15900651	2026-04-06T11:01:06+09:00							0
SRX2576631	ce11	TFs and others	25191947	submitted	15900652	2026-04-06T11:01:06+09:00							0
SRX2576632	ce11	TFs and others	18906900	submitted	15900653	2026-04-06T11:01:06+09:00							0
SRX2576633	ce11	TFs and others	17967710	submitted	15900654	2026-04-06T11:01:06+09:00							0
SRX2576634	ce11	TFs and others	14369137	submitted	15900655	2026-04-06T11:01:07+09:00							0
SRX043878	ce11	RNA polymerase	3432445	running	15899695		2026-04-06T11:01:07+09:00	2026-04-06T11:01:07+09:00					0
SRX2576635	ce11	TFs and others	21938757	submitted	15900656	2026-04-06T11:01:07+09:00							0
SRX2576636	ce11	TFs and others	19947557	submitted	15900657	2026-04-06T11:01:07+09:00							0
SRX2576637	ce11	TFs and others	8677034	submitted	15900658	2026-04-06T11:01:07+09:00							0
SRX2576638	ce11	TFs and others	23329304	submitted	15900659	2026-04-06T11:01:07+09:00							0
SRX2576639	ce11	TFs and others	20938902	submitted	15900660	2026-04-06T11:01:07+09:00							0
SRX257664	ce11	TFs and others	16870164	submitted	15900661	2026-04-06T11:01:07+09:00							0
SRX2576640	ce11	TFs and others	17633815	submitted	15900662	2026-04-06T11:01:07+09:00							0
SRX2576641	ce11	TFs and others	21697486	submitted	15900663	2026-04-06T11:01:07+09:00							0
SRX2576642	ce11	TFs and others	20603440	submitted	15900664	2026-04-06T11:01:07+09:00							0
SRX2576643	ce11	TFs and others	18630839	submitted	15900665	2026-04-06T11:01:07+09:00							0
SRX2576644	ce11	TFs and others	18608517	submitted	15900666	2026-04-06T11:01:07+09:00							0
SRX2576645	ce11	TFs and others	19611087	submitted	15900667	2026-04-06T11:01:07+09:00							0
SRX2576646	ce11	TFs and others	18222104	submitted	15900668	2026-04-06T11:01:08+09:00							0
SRX2576647	ce11	TFs and others	20063336	submitted	15900669	2026-04-06T11:01:08+09:00							0
SRX2576648	ce11	TFs and others	20813824	submitted	15900670	2026-04-06T11:01:08+09:00							0
SRX005639	ce11	TFs and others	5286180	done	15899643		2026-04-06T10:59:58+09:00	2026-04-06T11:01:08+09:00	11	41	52		0
SRX2576649	ce11	TFs and others	19310034	submitted	15900671	2026-04-06T11:01:08+09:00							0
SRX257665	ce11	TFs and others	23318576	submitted	15900672	2026-04-06T11:01:08+09:00							0
SRX2576650	ce11	TFs and others	22612410	submitted	15900673	2026-04-06T11:01:08+09:00							0
SRX043856	ce11	TFs and others	1320973	done	15899673		2026-04-06T11:00:33+09:00	2026-04-06T11:01:08+09:00	6	29	35		0
SRX2576651	ce11	TFs and others	29253295	submitted	15900674	2026-04-06T11:01:08+09:00							0
SRX2576652	ce11	TFs and others	17866724	submitted	15900675	2026-04-06T11:01:08+09:00							0
SRX2576653	ce11	TFs and others	16703865	submitted	15900676	2026-04-06T11:01:08+09:00							0
SRX2576654	ce11	TFs and others	19580028	submitted	15900677	2026-04-06T11:01:08+09:00							0
SRX2576655	ce11	TFs and others	7854428	submitted	15900678	2026-04-06T11:01:08+09:00							0
SRX2576656	ce11	TFs and others	25014594	submitted	15900679	2026-04-06T11:01:08+09:00							0
SRX2576657	ce11	TFs and others	20456193	submitted	15900680	2026-04-06T11:01:09+09:00							0
SRX257666	ce11	TFs and others	19093970	submitted	15900681	2026-04-06T11:01:09+09:00							0
SRX257667	ce11	TFs and others	21688641	submitted	15900682	2026-04-06T11:01:09+09:00							0
SRX257668	ce11	TFs and others	20216847	submitted	15900683	2026-04-06T11:01:09+09:00							0
SRX257669	ce11	TFs and others	12641662	submitted	15900684	2026-04-06T11:01:09+09:00							0
SRX257670	ce11	TFs and others	11537873	submitted	15900685	2026-04-06T11:01:09+09:00							0
SRX257671	ce11	Histone	9910878	submitted	15900686	2026-04-06T11:01:09+09:00							0
SRX257672	ce11	Histone	22304749	submitted	15900687	2026-04-06T11:01:09+09:00							0
SRX257673	ce11	TFs and others	8314647	submitted	15900688	2026-04-06T11:01:09+09:00							0
SRX257674	ce11	TFs and others	16729386	submitted	15900689	2026-04-06T11:01:09+09:00							0
SRX257675	ce11	TFs and others	60854504	submitted	15900690	2026-04-06T11:01:09+09:00							0
SRX257676	ce11	TFs and others	18394573	submitted	15900691	2026-04-06T11:01:09+09:00							0
SRX257677	ce11	TFs and others	11529650	submitted	15900692	2026-04-06T11:01:09+09:00							0
SRX257678	ce11	TFs and others	6618120	submitted	15900693	2026-04-06T11:01:10+09:00							0
SRX043880	ce11	RNA polymerase	7075959	running	15899697		2026-04-06T11:01:10+09:00	2026-04-06T11:01:10+09:00					0
SRX257679	ce11	TFs and others	17440591	submitted	15900694	2026-04-06T11:01:10+09:00							0
SRX043879	ce11	RNA polymerase	10071493	running	15899696		2026-04-06T11:01:10+09:00	2026-04-06T11:01:10+09:00					0
SRX257680	ce11	TFs and others	11722131	submitted	15900695	2026-04-06T11:01:10+09:00							0
SRX257681	ce11	TFs and others	12195002	submitted	15900696	2026-04-06T11:01:10+09:00							0
SRX005651	ce11	RNA polymerase	12672720	done	15899647		2026-04-06T10:59:58+09:00	2026-04-06T11:01:10+09:00	19	53	72		0
SRX257682	ce11	TFs and others	13687242	submitted	15900697	2026-04-06T11:01:10+09:00							0
SRX257683	ce11	TFs and others	9758087	submitted	15900698	2026-04-06T11:01:10+09:00							0
SRX257684	ce11	TFs and others	14843156	submitted	15900699	2026-04-06T11:01:10+09:00							0
SRX257685	ce11	TFs and others	11492792	submitted	15900700	2026-04-06T11:01:10+09:00							0
SRX257686	ce11	TFs and others	23010900	submitted	15900701	2026-04-06T11:01:10+09:00							0
SRX257687	ce11	TFs and others	17156712	submitted	15900702	2026-04-06T11:01:10+09:00							0
SRX257688	ce11	TFs and others	11235865	submitted	15900703	2026-04-06T11:01:10+09:00							0
SRX2582951	ce11	TFs and others	25336801	submitted	15900704	2026-04-06T11:01:10+09:00							0
SRX2582953	ce11	TFs and others	29930868	submitted	15900705	2026-04-06T11:01:10+09:00							0
SRX2599461	ce11	Histone	24778030	submitted	15900706	2026-04-06T11:01:11+09:00							0
SRX2599462	ce11	Histone	23182877	submitted	15900707	2026-04-06T11:01:11+09:00							0
SRX26012989	ce11	TFs and others	32082780	submitted	15900708	2026-04-06T11:01:11+09:00							0
SRX26012990	ce11	TFs and others	31450575	submitted	15900709	2026-04-06T11:01:11+09:00							0
SRX26012991	ce11	TFs and others	15932286	submitted	15900710	2026-04-06T11:01:11+09:00							0
SRX26012992	ce11	TFs and others	46051718	submitted	15900711	2026-04-06T11:01:11+09:00							0
SRX26012993	ce11	TFs and others	28233654	submitted	15900712	2026-04-06T11:01:11+09:00							0
SRX26012994	ce11	TFs and others	23293657	submitted	15900713	2026-04-06T11:01:11+09:00							0
SRX26012995	ce11	TFs and others	16093205	submitted	15900714	2026-04-06T11:01:11+09:00							0
SRX26012996	ce11	TFs and others	23584290	submitted	15900715	2026-04-06T11:01:11+09:00							0
SRX26012997	ce11	Histone	49589928	submitted	15900716	2026-04-06T11:01:11+09:00							0
SRX26012998	ce11	Histone	31484353	submitted	15900717	2026-04-06T11:01:11+09:00							0
SRX26012999	ce11	Histone	37774579	submitted	15900718	2026-04-06T11:01:12+09:00							0
SRX26013000	ce11	Histone	35952888	submitted	15900719	2026-04-06T11:01:12+09:00							0
SRX26261217	ce11	TFs and others	8507728	submitted	15900720	2026-04-06T11:01:12+09:00							0
SRX26261218	ce11	TFs and others	7699592	submitted	15900721	2026-04-06T11:01:12+09:00							0
SRX26261219	ce11	TFs and others	6864352	submitted	15900722	2026-04-06T11:01:12+09:00							0
SRX26261220	ce11	TFs and others	6749984	submitted	15900723	2026-04-06T11:01:12+09:00							0
SRX26261221	ce11	TFs and others	7380937	submitted	15900724	2026-04-06T11:01:12+09:00							0
SRX26261222	ce11	TFs and others	7248592	submitted	15900725	2026-04-06T11:01:12+09:00							0
SRX26261223	ce11	TFs and others	10009652	submitted	15900726	2026-04-06T11:01:12+09:00							0
SRX26261224	ce11	TFs and others	10210657	submitted	15900727	2026-04-06T11:01:12+09:00							0
SRX26261225	ce11	TFs and others	9805671	submitted	15900728	2026-04-06T11:01:12+09:00							0
SRX26261226	ce11	TFs and others	6301668	submitted	15900729	2026-04-06T11:01:12+09:00							0
SRX26261227	ce11	TFs and others	10161746	submitted	15900730	2026-04-06T11:01:12+09:00							0
SRX26261228	ce11	TFs and others	9679813	submitted	15900731	2026-04-06T11:01:13+09:00							0
SRX043881	ce11	RNA polymerase	16766619	running	15899698		2026-04-06T11:01:13+09:00	2026-04-06T11:01:13+09:00					0
SRX26261229	ce11	TFs and others	10234902	submitted	15900732	2026-04-06T11:01:13+09:00							0
SRX043853	ce11	TFs and others	4175238	done	15899670		2026-04-06T11:00:01+09:00	2026-04-06T11:01:13+09:00	0	72	72		0
SRX26261230	ce11	TFs and others	9779106	submitted	15900733	2026-04-06T11:01:13+09:00							0
SRX26261231	ce11	TFs and others	10355747	submitted	15900734	2026-04-06T11:01:13+09:00							0
SRX26261232	ce11	TFs and others	8619470	submitted	15900735	2026-04-06T11:01:13+09:00							0
SRX26261233	ce11	TFs and others	7450340	submitted	15900736	2026-04-06T11:01:13+09:00							0
SRX26261234	ce11	TFs and others	6582938	submitted	15900737	2026-04-06T11:01:13+09:00							0
SRX26261235	ce11	TFs and others	7731181	submitted	15900738	2026-04-06T11:01:13+09:00							0
SRX26261236	ce11	TFs and others	7209053	submitted	15900739	2026-04-06T11:01:13+09:00							0
SRX26261237	ce11	TFs and others	6124440	submitted	15900740	2026-04-06T11:01:13+09:00							0
SRX26261238	ce11	TFs and others	4933286	submitted	15900741	2026-04-06T11:01:13+09:00							0
SRX26261239	ce11	TFs and others	5702134	submitted	15900742	2026-04-06T11:01:13+09:00							0
SRX26261240	ce11	TFs and others	5080709	submitted	15900743	2026-04-06T11:01:13+09:00							0
SRX2710279	ce11	DNase-seq	53428231	submitted	15900744	2026-04-06T11:01:14+09:00							0
SRX2710280	ce11	DNase-seq	45384331	submitted	15900745	2026-04-06T11:01:14+09:00							0
SRX2710281	ce11	DNase-seq	63135631	submitted	15900746	2026-04-06T11:01:14+09:00							0
SRX2710282	ce11	DNase-seq	34013526	submitted	15900747	2026-04-06T11:01:14+09:00							0
SRX2710283	ce11	DNase-seq	65854207	submitted	15900748	2026-04-06T11:01:14+09:00							0
SRX2710284	ce11	DNase-seq	37102286	submitted	15900749	2026-04-06T11:01:14+09:00							0
SRX2710285	ce11	DNase-seq	27553640	submitted	15900750	2026-04-06T11:01:14+09:00							0
SRX2710286	ce11	DNase-seq	45399853	submitted	15900751	2026-04-06T11:01:14+09:00							0
SRX2710287	ce11	DNase-seq	40067033	submitted	15900752	2026-04-06T11:01:14+09:00							0
SRX2761380	ce11	Histone	8854069	submitted	15900753	2026-04-06T11:01:14+09:00							0
SRX2761381	ce11	Histone	7781222	submitted	15900754	2026-04-06T11:01:14+09:00							0
SRX2761382	ce11	Histone	8215578	submitted	15900755	2026-04-06T11:01:14+09:00							0
SRX2761383	ce11	Histone	9791265	submitted	15900757	2026-04-06T11:01:15+09:00							0
SRX043882	ce11	RNA polymerase	4267892	running	15899699		2026-04-06T11:01:15+09:00	2026-04-06T11:01:15+09:00					0
SRX2761384	ce11	Histone	8878603	submitted	15900758	2026-04-06T11:01:15+09:00							0
SRX2761385	ce11	Histone	9606069	submitted	15900759	2026-04-06T11:01:15+09:00							0
SRX276907	ce11	TFs and others	6297341	submitted	15900760	2026-04-06T11:01:15+09:00							0
SRX276908	ce11	TFs and others	8392253	submitted	15900761	2026-04-06T11:01:15+09:00							0
SRX276911	ce11	TFs and others	5494772	submitted	15900762	2026-04-06T11:01:15+09:00							0
SRX276912	ce11	TFs and others	5701972	submitted	15900763	2026-04-06T11:01:15+09:00							0
SRX276915	ce11	TFs and others	6117489	submitted	15900764	2026-04-06T11:01:15+09:00							0
SRX276916	ce11	TFs and others	5850741	submitted	15900765	2026-04-06T11:01:15+09:00							0
SRX276919	ce11	TFs and others	7020938	submitted	15900766	2026-04-06T11:01:15+09:00							0
SRX276920	ce11	TFs and others	5840666	submitted	15900767	2026-04-06T11:01:15+09:00							0
SRX277022	ce11	TFs and others	2681323	submitted	15900768	2026-04-06T11:01:15+09:00							0
SRX277023	ce11	TFs and others	2565237	submitted	15900769	2026-04-06T11:01:15+09:00							0
SRX277026	ce11	TFs and others	2648379	submitted	15900770	2026-04-06T11:01:16+09:00							0
SRX043848	ce11	TFs and others	7291448	done	15899665		2026-04-06T10:59:58+09:00	2026-04-06T11:01:16+09:00	25	52	77		0
SRX277027	ce11	TFs and others	2951621	submitted	15900771	2026-04-06T11:01:16+09:00							0
SRX277030	ce11	TFs and others	3398916	submitted	15900772	2026-04-06T11:01:16+09:00							0
SRX277031	ce11	TFs and others	3374588	submitted	15900773	2026-04-06T11:01:16+09:00							0
SRX277035	ce11	TFs and others	2592787	submitted	15900774	2026-04-06T11:01:16+09:00							0
SRX277036	ce11	TFs and others	2830328	submitted	15900775	2026-04-06T11:01:16+09:00							0
SRX277039	ce11	TFs and others	5654691	submitted	15900776	2026-04-06T11:01:16+09:00							0
SRX277040	ce11	TFs and others	5169128	submitted	15900777	2026-04-06T11:01:16+09:00							0
SRX277043	ce11	TFs and others	5860340	submitted	15900778	2026-04-06T11:01:16+09:00							0
SRX005628	ce11	TFs and others	7403385	done	15899636		2026-04-06T10:59:56+09:00	2026-04-06T11:01:16+09:00	20	60	80		0
SRX277044	ce11	TFs and others	4916992	submitted	15900779	2026-04-06T11:01:16+09:00							0
SRX277047	ce11	TFs and others	6286123	submitted	15900780	2026-04-06T11:01:16+09:00							0
SRX277048	ce11	TFs and others	5753554	submitted	15900781	2026-04-06T11:01:16+09:00							0
SRX277051	ce11	TFs and others	6570283	submitted	15900782	2026-04-06T11:01:17+09:00							0
SRX277052	ce11	TFs and others	6797154	submitted	15900783	2026-04-06T11:01:17+09:00							0
SRX277055	ce11	TFs and others	6023075	submitted	15900784	2026-04-06T11:01:17+09:00							0
SRX277056	ce11	TFs and others	5177231	submitted	15900785	2026-04-06T11:01:17+09:00							0
SRX277059	ce11	TFs and others	8299802	submitted	15900786	2026-04-06T11:01:17+09:00							0
SRX277060	ce11	TFs and others	7181787	submitted	15900787	2026-04-06T11:01:17+09:00							0
SRX277063	ce11	TFs and others	5756008	submitted	15900788	2026-04-06T11:01:17+09:00							0
SRX277064	ce11	TFs and others	6086080	submitted	15900789	2026-04-06T11:01:17+09:00							0
SRX277067	ce11	TFs and others	6872898	submitted	15900790	2026-04-06T11:01:17+09:00							0
SRX277068	ce11	TFs and others	7315009	submitted	15900791	2026-04-06T11:01:17+09:00							0
SRX277071	ce11	TFs and others	8531088	submitted	15900792	2026-04-06T11:01:17+09:00							0
SRX277072	ce11	TFs and others	8370704	submitted	15900793	2026-04-06T11:01:17+09:00							0
SRX277075	ce11	TFs and others	7860093	submitted	15900794	2026-04-06T11:01:17+09:00							0
SRX277076	ce11	TFs and others	7572162	submitted	15900795	2026-04-06T11:01:18+09:00							0
SRX277079	ce11	TFs and others	7279156	submitted	15900796	2026-04-06T11:01:18+09:00							0
SRX277080	ce11	TFs and others	6902654	submitted	15900797	2026-04-06T11:01:18+09:00							0
SRX277084	ce11	TFs and others	5460267	submitted	15900798	2026-04-06T11:01:18+09:00							0
SRX277085	ce11	TFs and others	5414839	submitted	15900799	2026-04-06T11:01:18+09:00							0
SRX277088	ce11	TFs and others	7412323	submitted	15900800	2026-04-06T11:01:18+09:00							0
SRX277089	ce11	TFs and others	5741029	submitted	15900801	2026-04-06T11:01:18+09:00							0
SRX277092	ce11	TFs and others	6184224	submitted	15900802	2026-04-06T11:01:18+09:00							0
SRX277093	ce11	TFs and others	6859700	submitted	15900803	2026-04-06T11:01:18+09:00							0
SRX277096	ce11	TFs and others	5338773	submitted	15900804	2026-04-06T11:01:18+09:00							0
SRX277097	ce11	TFs and others	5551777	submitted	15900805	2026-04-06T11:01:18+09:00							0
SRX277100	ce11	TFs and others	7680929	submitted	15900806	2026-04-06T11:01:18+09:00							0
SRX277101	ce11	TFs and others	7487189	submitted	15900807	2026-04-06T11:01:19+09:00							0
SRX277104	ce11	TFs and others	7590261	submitted	15900808	2026-04-06T11:01:19+09:00							0
SRX043964	ce11	RNA polymerase	2183551	running	15899701		2026-04-06T11:01:19+09:00	2026-04-06T11:01:19+09:00					0
SRX043963	ce11	RNA polymerase	4549636	running	15899700		2026-04-06T11:01:19+09:00	2026-04-06T11:01:19+09:00					0
SRX277105	ce11	TFs and others	7612569	submitted	15900809	2026-04-06T11:01:19+09:00							0
SRX2965733	ce11	TFs and others	47036427	submitted	15900810	2026-04-06T11:01:19+09:00							0
SRX2965734	ce11	TFs and others	70079354	submitted	15900811	2026-04-06T11:01:19+09:00							0
SRX2965735	ce11	TFs and others	45844906	submitted	15900812	2026-04-06T11:01:19+09:00							0
SRX2965736	ce11	TFs and others	71862577	submitted	15900813	2026-04-06T11:01:19+09:00							0
SRX2965737	ce11	TFs and others	49540971	submitted	15900814	2026-04-06T11:01:19+09:00							0
SRX2965738	ce11	TFs and others	81489952	submitted	15900815	2026-04-06T11:01:19+09:00							0
SRX2965739	ce11	TFs and others	54119838	submitted	15900816	2026-04-06T11:01:19+09:00							0
SRX2965740	ce11	TFs and others	50760011	submitted	15900817	2026-04-06T11:01:19+09:00							0
SRX2965741	ce11	Histone	24188927	submitted	15900818	2026-04-06T11:01:19+09:00							0
SRX2965742	ce11	Histone	22743849	submitted	15900819	2026-04-06T11:01:19+09:00							0
SRX2965743	ce11	Histone	45310834	submitted	15900820	2026-04-06T11:01:20+09:00							0
SRX2965744	ce11	Histone	23051447	submitted	15900821	2026-04-06T11:01:20+09:00							0
SRX2965745	ce11	Histone	27801818	submitted	15900822	2026-04-06T11:01:20+09:00							0
SRX2965746	ce11	Histone	35206966	submitted	15900823	2026-04-06T11:01:20+09:00							0
SRX2965747	ce11	Histone	33011896	submitted	15900824	2026-04-06T11:01:20+09:00							0
SRX2965748	ce11	Histone	25229792	submitted	15900825	2026-04-06T11:01:20+09:00							0
SRX2969570	ce11	ATAC-Seq	34279594	submitted	15900826	2026-04-06T11:01:20+09:00							0
SRX2969571	ce11	ATAC-Seq	34363329	submitted	15900827	2026-04-06T11:01:20+09:00							0
SRX2969572	ce11	ATAC-Seq	30977986	submitted	15900828	2026-04-06T11:01:20+09:00							0
SRX2969573	ce11	ATAC-Seq	41403819	submitted	15900829	2026-04-06T11:01:20+09:00							0
SRX2985927	ce11	TFs and others	45543277	submitted	15900830	2026-04-06T11:01:20+09:00							0
SRX2985928	ce11	TFs and others	42454831	submitted	15900831	2026-04-06T11:01:20+09:00							0
SRX2985929	ce11	TFs and others	73178255	submitted	15900832	2026-04-06T11:01:21+09:00							0
SRX2985930	ce11	TFs and others	53040099	submitted	15900833	2026-04-06T11:01:21+09:00							0
SRX3008765	ce11	Histone	41940504	submitted	15900834	2026-04-06T11:01:21+09:00							0
SRX3008766	ce11	Histone	60530886	submitted	15900835	2026-04-06T11:01:21+09:00							0
SRX3008767	ce11	Histone	45228743	submitted	15900836	2026-04-06T11:01:21+09:00							0
SRX3008768	ce11	Histone	42721018	submitted	15900837	2026-04-06T11:01:21+09:00							0
SRX3008769	ce11	Histone	42913454	submitted	15900838	2026-04-06T11:01:21+09:00							0
SRX3008770	ce11	Histone	40235808	submitted	15900839	2026-04-06T11:01:21+09:00							0
SRX3008771	ce11	Histone	44815642	submitted	15900840	2026-04-06T11:01:21+09:00							0
SRX3008772	ce11	Histone	39732741	submitted	15900841	2026-04-06T11:01:21+09:00							0
SRX043860	ce11	TFs and others	6078507	done	15899677		2026-04-06T11:00:39+09:00	2026-04-06T11:01:21+09:00	0	42	42		0
SRX3029121	ce11	ATAC-Seq	15580944	submitted	15900842	2026-04-06T11:01:21+09:00							0
SRX3029122	ce11	ATAC-Seq	28757519	submitted	15900843	2026-04-06T11:01:21+09:00							0
SRX3029123	ce11	ATAC-Seq	29483489	submitted	15900844	2026-04-06T11:01:21+09:00							0
SRX3029124	ce11	ATAC-Seq	61195528	submitted	15900845	2026-04-06T11:01:22+09:00							0
SRX043859	ce11	TFs and others	8510752	done	15899676		2026-04-06T11:00:39+09:00	2026-04-06T11:01:22+09:00	0	42	42		0
SRX3029125	ce11	ATAC-Seq	54995702	submitted	15900846	2026-04-06T11:01:22+09:00							0
SRX3029126	ce11	ATAC-Seq	43459436	submitted	15900847	2026-04-06T11:01:22+09:00							0
SRX3029127	ce11	ATAC-Seq	27055709	submitted	15900848	2026-04-06T11:01:22+09:00							0
SRX3029128	ce11	ATAC-Seq	67029433	submitted	15900849	2026-04-06T11:01:22+09:00							0
SRX3029129	ce11	ATAC-Seq	65633087	submitted	15900850	2026-04-06T11:01:22+09:00							0
SRX3029130	ce11	ATAC-Seq	49621886	submitted	15900851	2026-04-06T11:01:22+09:00							0
SRX3029131	ce11	ATAC-Seq	50527041	submitted	15900852	2026-04-06T11:01:22+09:00							0
SRX3029132	ce11	ATAC-Seq	24717131	submitted	15900853	2026-04-06T11:01:22+09:00							0
SRX3029134	ce11	ATAC-Seq	53096677	submitted	15900854	2026-04-06T11:01:22+09:00							0
SRX3029135	ce11	ATAC-Seq	41375988	submitted	15900855	2026-04-06T11:01:22+09:00							0
SRX3043399	ce11	Histone	9470321	submitted	15900856	2026-04-06T11:01:22+09:00							0
SRX3043400	ce11	Histone	8650033	submitted	15900857	2026-04-06T11:01:22+09:00							0
SRX3043401	ce11	Histone	12066082	submitted	15900858	2026-04-06T11:01:23+09:00							0
SRX3043402	ce11	Histone	7667127	submitted	15900859	2026-04-06T11:01:23+09:00							0
SRX3043403	ce11	Histone	9419509	submitted	15900860	2026-04-06T11:01:23+09:00							0
SRX3043404	ce11	Histone	11272212	submitted	15900861	2026-04-06T11:01:23+09:00							0
SRX3043405	ce11	Histone	20483491	submitted	15900862	2026-04-06T11:01:23+09:00							0
SRX3043406	ce11	Histone	13123452	submitted	15900863	2026-04-06T11:01:23+09:00							0
SRX3043407	ce11	Histone	17069793	submitted	15900864	2026-04-06T11:01:23+09:00							0
SRX3043408	ce11	Histone	23231060	submitted	15900865	2026-04-06T11:01:23+09:00							0
SRX3043409	ce11	Histone	11528619	submitted	15900866	2026-04-06T11:01:23+09:00							0
SRX3043410	ce11	Histone	17754014	submitted	15900867	2026-04-06T11:01:23+09:00							0
SRX3043417	ce11	Histone	41967833	submitted	15900868	2026-04-06T11:01:23+09:00							0
SRX3043418	ce11	Histone	25911671	submitted	15900869	2026-04-06T11:01:23+09:00							0
SRX3043419	ce11	Histone	40986154	submitted	15900870	2026-04-06T11:01:23+09:00							0
SRX3043420	ce11	Histone	23685998	submitted	15900871	2026-04-06T11:01:24+09:00							0
SRX043965	ce11	RNA polymerase	3926903	running	15899702		2026-04-06T11:01:24+09:00	2026-04-06T11:01:24+09:00					0
SRX043966	ce11	RNA polymerase	3599010	running	15899703		2026-04-06T11:01:24+09:00	2026-04-06T11:01:24+09:00					0
SRX3058057	ce11	TFs and others	26026647	submitted	15900872	2026-04-06T11:01:24+09:00							0
SRX3058058	ce11	TFs and others	17819829	submitted	15900873	2026-04-06T11:01:24+09:00							0
SRX312079	ce11	TFs and others	6913957	submitted	15900874	2026-04-06T11:01:24+09:00							0
SRX312080	ce11	TFs and others	14572174	submitted	15900875	2026-04-06T11:01:24+09:00							0
SRX312081	ce11	TFs and others	7916550	submitted	15900876	2026-04-06T11:01:24+09:00							0
SRX3141082	ce11	ATAC-Seq	86746540	submitted	15900877	2026-04-06T11:01:24+09:00							0
SRX3141083	ce11	ATAC-Seq	62163267	submitted	15900878	2026-04-06T11:01:24+09:00							0
SRX3180771	ce11	Histone	23002793	submitted	15900879	2026-04-06T11:01:24+09:00							0
SRX3180772	ce11	Histone	9472625	submitted	15900880	2026-04-06T11:01:24+09:00							0
SRX3180773	ce11	Histone	12009636	submitted	15900881	2026-04-06T11:01:24+09:00							0
SRX3180774	ce11	Histone	11006715	submitted	15900882	2026-04-06T11:01:24+09:00							0
SRX3180775	ce11	Histone	17002312	submitted	15900883	2026-04-06T11:01:24+09:00							0
SRX3180776	ce11	Histone	18134381	submitted	15900884	2026-04-06T11:01:25+09:00							0
SRX043844	ce11	RNA polymerase	7488173	done	15899661		2026-04-06T10:59:58+09:00	2026-04-06T11:01:25+09:00	26	60	86		0
SRX3180777	ce11	Histone	15907059	submitted	15900885	2026-04-06T11:01:25+09:00							0
SRX3180778	ce11	Histone	20986887	submitted	15900886	2026-04-06T11:01:25+09:00							0
SRX3180779	ce11	Histone	17772057	submitted	15900887	2026-04-06T11:01:25+09:00							0
SRX3180780	ce11	Histone	13155389	submitted	15900888	2026-04-06T11:01:25+09:00							0
SRX3180781	ce11	RNA polymerase	8410553	submitted	15900889	2026-04-06T11:01:25+09:00							0
SRX3180782	ce11	RNA polymerase	5376589	submitted	15900890	2026-04-06T11:01:25+09:00							0
SRX3180783	ce11	Histone	10288657	submitted	15900891	2026-04-06T11:01:25+09:00							0
SRX3180784	ce11	Histone	5404359	submitted	15900892	2026-04-06T11:01:25+09:00							0
SRX3180785	ce11	Histone	11621086	submitted	15900893	2026-04-06T11:01:25+09:00							0
SRX3180786	ce11	Histone	9411386	submitted	15900894	2026-04-06T11:01:25+09:00							0
SRX3180787	ce11	Histone	11038916	submitted	15900895	2026-04-06T11:01:25+09:00							0
SRX3180788	ce11	Histone	11197990	submitted	15900896	2026-04-06T11:01:25+09:00							0
SRX3180789	ce11	Histone	9888659	submitted	15900897	2026-04-06T11:01:26+09:00							0
SRX3180790	ce11	Histone	13244524	submitted	15900898	2026-04-06T11:01:26+09:00							0
SRX3180791	ce11	Histone	9968393	submitted	15900899	2026-04-06T11:01:26+09:00							0
SRX3180792	ce11	Histone	7903471	submitted	15900900	2026-04-06T11:01:26+09:00							0
SRX3180793	ce11	RNA polymerase	7101304	submitted	15900901	2026-04-06T11:01:26+09:00							0
SRX3180794	ce11	RNA polymerase	2440123	submitted	15900902	2026-04-06T11:01:26+09:00							0
SRX043967	ce11	RNA polymerase	12256900	running	15899704		2026-04-06T11:01:26+09:00	2026-04-06T11:01:26+09:00					0
SRX3180795	ce11	Histone	14879645	submitted	15900903	2026-04-06T11:01:26+09:00							0
SRX3180796	ce11	Histone	11487554	submitted	15900904	2026-04-06T11:01:26+09:00							0
SRX3180797	ce11	Histone	17796426	submitted	15900905	2026-04-06T11:01:26+09:00							0
SRX3180798	ce11	Histone	16767409	submitted	15900906	2026-04-06T11:01:26+09:00							0
SRX3180799	ce11	Histone	13626901	submitted	15900907	2026-04-06T11:01:26+09:00							0
SRX3180800	ce11	Histone	16836975	submitted	15900908	2026-04-06T11:01:26+09:00							0
SRX015094	ce11	TFs and others	4453409	done	15899652		2026-04-06T10:59:58+09:00	2026-04-06T11:01:26+09:00	23	65	88		0
SRX3180801	ce11	Histone	16071294	submitted	15900909	2026-04-06T11:01:27+09:00							0
SRX043968	ce11	RNA polymerase	4103691	running	15899705		2026-04-06T11:01:27+09:00	2026-04-06T11:01:27+09:00					0
SRX3180802	ce11	Histone	18304315	submitted	15900910	2026-04-06T11:01:27+09:00							0
SRX3180803	ce11	Histone	13088078	submitted	15900911	2026-04-06T11:01:27+09:00							0
SRX3180804	ce11	Histone	8909134	submitted	15900912	2026-04-06T11:01:27+09:00							0
SRX3180805	ce11	RNA polymerase	16493597	submitted	15900913	2026-04-06T11:01:27+09:00							0
SRX3180806	ce11	RNA polymerase	25694599	submitted	15900914	2026-04-06T11:01:27+09:00							0
SRX3180807	ce11	Histone	8458867	submitted	15900915	2026-04-06T11:01:27+09:00							0
SRX3180808	ce11	Histone	11623275	submitted	15900916	2026-04-06T11:01:27+09:00							0
SRX3180809	ce11	Histone	11942106	submitted	15900917	2026-04-06T11:01:27+09:00							0
SRX3180810	ce11	Histone	17572071	submitted	15900918	2026-04-06T11:01:27+09:00							0
SRX3180811	ce11	Histone	19433722	submitted	15900919	2026-04-06T11:01:27+09:00							0
SRX3180812	ce11	Histone	15659275	submitted	15900920	2026-04-06T11:01:27+09:00							0
SRX3180813	ce11	Histone	15765933	submitted	15900921	2026-04-06T11:01:27+09:00							0
SRX3180814	ce11	Histone	20542845	submitted	15900922	2026-04-06T11:01:28+09:00							0
SRX3180815	ce11	Histone	16520659	submitted	15900923	2026-04-06T11:01:28+09:00							0
SRX3180816	ce11	Histone	15558370	submitted	15900924	2026-04-06T11:01:28+09:00							0
SRX3180817	ce11	RNA polymerase	6362102	submitted	15900925	2026-04-06T11:01:28+09:00							0
SRX3180818	ce11	RNA polymerase	7955293	submitted	15900926	2026-04-06T11:01:28+09:00							0
SRX3180819	ce11	Histone	10732956	submitted	15900927	2026-04-06T11:01:28+09:00							0
SRX3180820	ce11	Histone	13138723	submitted	15900928	2026-04-06T11:01:28+09:00							0
SRX3180821	ce11	Histone	15074534	submitted	15900929	2026-04-06T11:01:28+09:00							0
SRX3180822	ce11	Histone	16612327	submitted	15900930	2026-04-06T11:01:28+09:00							0
SRX3180823	ce11	Histone	9583300	submitted	15900931	2026-04-06T11:01:28+09:00							0
SRX3180824	ce11	Histone	7645090	submitted	15900932	2026-04-06T11:01:28+09:00							0
SRX3180825	ce11	Histone	9579446	submitted	15900933	2026-04-06T11:01:28+09:00							0
SRX3180826	ce11	Histone	14784189	submitted	15900934	2026-04-06T11:01:29+09:00							0
SRX3180827	ce11	Histone	9420713	submitted	15900935	2026-04-06T11:01:29+09:00							0
SRX043861	ce11	TFs and others	10748447	done	15899678		2026-04-06T11:00:42+09:00	2026-04-06T11:01:29+09:00	0	46	46		0
SRX3180828	ce11	Histone	10881330	submitted	15900936	2026-04-06T11:01:29+09:00							0
SRX3180829	ce11	RNA polymerase	18385985	submitted	15900937	2026-04-06T11:01:29+09:00							0
SRX3180830	ce11	RNA polymerase	32694956	submitted	15900938	2026-04-06T11:01:29+09:00							0
SRX323677	ce11	TFs and others	9253546	submitted	15900939	2026-04-06T11:01:29+09:00							0
SRX323678	ce11	TFs and others	7892613	submitted	15900940	2026-04-06T11:01:29+09:00							0
SRX323680	ce11	TFs and others	13374012	submitted	15900941	2026-04-06T11:01:29+09:00							0
SRX323682	ce11	TFs and others	12427841	submitted	15900942	2026-04-06T11:01:29+09:00							0
SRX323683	ce11	TFs and others	13687820	submitted	15900943	2026-04-06T11:01:29+09:00							0
SRX043849	ce11	TFs and others	3514796	done	15899666		2026-04-06T10:59:58+09:00	2026-04-06T11:01:29+09:00	30	61	91		0
SRX323684	ce11	TFs and others	12637986	submitted	15900944	2026-04-06T11:01:29+09:00							0
SRX323686	ce11	TFs and others	8590397	submitted	15900945	2026-04-06T11:01:29+09:00							0
SRX323688	ce11	TFs and others	19710753	submitted	15900946	2026-04-06T11:01:29+09:00							0
SRX323689	ce11	TFs and others	12417163	submitted	15900947	2026-04-06T11:01:30+09:00							0
SRX323690	ce11	TFs and others	12803328	submitted	15900948	2026-04-06T11:01:30+09:00							0
SRX330983	ce11	TFs and others	20024866	submitted	15900949	2026-04-06T11:01:30+09:00							0
SRX330984	ce11	TFs and others	7074941	submitted	15900950	2026-04-06T11:01:30+09:00							0
SRX330985	ce11	TFs and others	12676608	submitted	15900951	2026-04-06T11:01:30+09:00							0
SRX330986	ce11	TFs and others	13785217	submitted	15900952	2026-04-06T11:01:30+09:00							0
SRX331042	ce11	TFs and others	2876498	submitted	15900953	2026-04-06T11:01:30+09:00							0
SRX331044	ce11	TFs and others	2700823	submitted	15900954	2026-04-06T11:01:30+09:00							0
SRX043871	ce11	RNA polymerase	1960399	done	15899688		2026-04-06T11:00:56+09:00	2026-04-06T11:01:30+09:00	9	25	34		0
SRX331046	ce11	TFs and others	4768869	submitted	15900955	2026-04-06T11:01:30+09:00							0
SRX331048	ce11	TFs and others	3979796	submitted	15900956	2026-04-06T11:01:30+09:00							0
SRX331050	ce11	TFs and others	5008664	submitted	15900957	2026-04-06T11:01:30+09:00							0
SRX331052	ce11	TFs and others	3136556	submitted	15900958	2026-04-06T11:01:30+09:00							0
SRX331054	ce11	TFs and others	5218214	submitted	15900959	2026-04-06T11:01:30+09:00							0
SRX331056	ce11	TFs and others	9402890	submitted	15900960	2026-04-06T11:01:31+09:00							0
SRX043969	ce11	RNA polymerase	3528845	running	15899706		2026-04-06T11:01:31+09:00	2026-04-06T11:01:31+09:00					0
SRX043971	ce11	TFs and others	4294421	running	15899708		2026-04-06T11:01:31+09:00	2026-04-06T11:01:31+09:00					0
SRX043970	ce11	RNA polymerase	2798572	running	15899707		2026-04-06T11:01:31+09:00	2026-04-06T11:01:31+09:00					0
SRX331058	ce11	TFs and others	1735677	submitted	15900961	2026-04-06T11:01:31+09:00							0
SRX331060	ce11	TFs and others	1781884	submitted	15900962	2026-04-06T11:01:31+09:00							0
SRX331062	ce11	TFs and others	3030633	submitted	15900963	2026-04-06T11:01:31+09:00							0
SRX331064	ce11	TFs and others	3773715	submitted	15900964	2026-04-06T11:01:31+09:00							0
SRX331066	ce11	TFs and others	5918156	submitted	15900965	2026-04-06T11:01:31+09:00							0
SRX331068	ce11	TFs and others	4183134	submitted	15900966	2026-04-06T11:01:31+09:00							0
SRX331070	ce11	TFs and others	7199430	submitted	15900967	2026-04-06T11:01:31+09:00							0
SRX331072	ce11	TFs and others	2451415	submitted	15900968	2026-04-06T11:01:31+09:00							0
SRX331074	ce11	TFs and others	8389667	submitted	15900969	2026-04-06T11:01:31+09:00							0
SRX331076	ce11	TFs and others	5508567	submitted	15900970	2026-04-06T11:01:31+09:00							0
SRX331078	ce11	TFs and others	6970086	submitted	15900971	2026-04-06T11:01:31+09:00							0
SRX331080	ce11	TFs and others	11751645	submitted	15900972	2026-04-06T11:01:32+09:00							0
SRX331082	ce11	TFs and others	6016478	submitted	15900973	2026-04-06T11:01:32+09:00							0
SRX331084	ce11	TFs and others	4663656	submitted	15900974	2026-04-06T11:01:32+09:00							0
SRX331086	ce11	TFs and others	4076275	submitted	15900975	2026-04-06T11:01:32+09:00							0
SRX043882	ce11	RNA polymerase	4267892	done	15899699		2026-04-06T11:01:15+09:00	2026-04-06T11:01:32+09:00	5	12	17		0
SRX331088	ce11	TFs and others	10792562	submitted	15900976	2026-04-06T11:01:32+09:00							0
SRX331090	ce11	TFs and others	4292701	submitted	15900977	2026-04-06T11:01:32+09:00							0
SRX331092	ce11	TFs and others	8054469	submitted	15900978	2026-04-06T11:01:32+09:00							0
SRX331094	ce11	TFs and others	6334902	submitted	15900979	2026-04-06T11:01:32+09:00							0
SRX331096	ce11	TFs and others	5469126	submitted	15900980	2026-04-06T11:01:32+09:00							0
SRX331098	ce11	TFs and others	9300667	submitted	15900981	2026-04-06T11:01:32+09:00							0
SRX331100	ce11	TFs and others	8220288	submitted	15900982	2026-04-06T11:01:32+09:00							0
SRX331102	ce11	TFs and others	3584351	submitted	15900983	2026-04-06T11:01:32+09:00							0
SRX331104	ce11	TFs and others	8535583	submitted	15900984	2026-04-06T11:01:33+09:00							0
SRX331106	ce11	TFs and others	6678742	submitted	15900985	2026-04-06T11:01:33+09:00							0
SRX331108	ce11	TFs and others	7682609	submitted	15900986	2026-04-06T11:01:33+09:00							0
SRX331110	ce11	TFs and others	7295150	submitted	15900987	2026-04-06T11:01:33+09:00							0
SRX331112	ce11	TFs and others	7291956	submitted	15900988	2026-04-06T11:01:33+09:00							0
SRX331114	ce11	TFs and others	4764680	submitted	15900989	2026-04-06T11:01:33+09:00							0
SRX331116	ce11	TFs and others	3689890	submitted	15900990	2026-04-06T11:01:33+09:00							0
SRX331118	ce11	TFs and others	8476444	submitted	15900991	2026-04-06T11:01:33+09:00							0
SRX331120	ce11	TFs and others	1856824	submitted	15900992	2026-04-06T11:01:33+09:00							0
SRX331122	ce11	TFs and others	8185007	submitted	15900993	2026-04-06T11:01:33+09:00							0
SRX331124	ce11	TFs and others	6363961	submitted	15900994	2026-04-06T11:01:33+09:00							0
SRX331126	ce11	TFs and others	6569351	submitted	15900995	2026-04-06T11:01:33+09:00							0
SRX331128	ce11	TFs and others	7622403	submitted	15900996	2026-04-06T11:01:33+09:00							0
SRX331130	ce11	TFs and others	5529337	submitted	15900997	2026-04-06T11:01:34+09:00							0
SRX043972	ce11	TFs and others	3197636	running	15899709		2026-04-06T11:01:34+09:00	2026-04-06T11:01:34+09:00					0
SRX331132	ce11	TFs and others	5077334	submitted	15900998	2026-04-06T11:01:34+09:00							0
SRX331134	ce11	TFs and others	4294213	submitted	15900999	2026-04-06T11:01:34+09:00							0
SRX331136	ce11	TFs and others	6142831	submitted	15901000	2026-04-06T11:01:34+09:00							0
SRX331138	ce11	TFs and others	9630327	submitted	15901001	2026-04-06T11:01:34+09:00							0
SRX331140	ce11	TFs and others	2201448	submitted	15901002	2026-04-06T11:01:34+09:00							0
SRX331142	ce11	TFs and others	2541302	submitted	15901003	2026-04-06T11:01:34+09:00							0
SRX331144	ce11	TFs and others	5840271	submitted	15901004	2026-04-06T11:01:34+09:00							0
SRX331146	ce11	TFs and others	5936673	submitted	15901005	2026-04-06T11:01:34+09:00							0
SRX331148	ce11	TFs and others	5485338	submitted	15901006	2026-04-06T11:01:34+09:00							0
SRX331150	ce11	TFs and others	6147122	submitted	15901007	2026-04-06T11:01:34+09:00							0
SRX043867	ce11	RNA polymerase	2762967	done	15899684		2026-04-06T11:00:51+09:00	2026-04-06T11:01:34+09:00	0	43	43		0
SRX331152	ce11	TFs and others	2574869	submitted	15901008	2026-04-06T11:01:34+09:00							0
SRX331154	ce11	TFs and others	3079619	submitted	15901009	2026-04-06T11:01:35+09:00							0
SRX331156	ce11	TFs and others	5565276	submitted	15901010	2026-04-06T11:01:35+09:00							0
SRX331158	ce11	TFs and others	3526794	submitted	15901011	2026-04-06T11:01:35+09:00							0
SRX331160	ce11	TFs and others	6332462	submitted	15901012	2026-04-06T11:01:35+09:00							0
SRX331162	ce11	TFs and others	3940365	submitted	15901013	2026-04-06T11:01:35+09:00							0
SRX331164	ce11	TFs and others	3204493	submitted	15901014	2026-04-06T11:01:35+09:00							0
SRX331166	ce11	TFs and others	5062929	submitted	15901015	2026-04-06T11:01:35+09:00							0
SRX003825	ce11	RNA polymerase	8444506	done	15899631		2026-04-06T10:59:56+09:00	2026-04-06T11:01:35+09:00	31	68	99		0
SRX331168	ce11	TFs and others	4880791	submitted	15901016	2026-04-06T11:01:35+09:00							0
SRX331170	ce11	TFs and others	9164852	submitted	15901017	2026-04-06T11:01:35+09:00							0
SRX331172	ce11	TFs and others	8980981	submitted	15901018	2026-04-06T11:01:35+09:00							0
SRX331174	ce11	TFs and others	7546344	submitted	15901019	2026-04-06T11:01:35+09:00							0
SRX331176	ce11	TFs and others	4026103	submitted	15901020	2026-04-06T11:01:35+09:00							0
SRX331178	ce11	TFs and others	6450919	submitted	15901021	2026-04-06T11:01:36+09:00							0
SRX043974	ce11	TFs and others	3398599	running	15899711		2026-04-06T11:01:36+09:00	2026-04-06T11:01:36+09:00					0
SRX043973	ce11	TFs and others	3303542	running	15899710		2026-04-06T11:01:36+09:00	2026-04-06T11:01:36+09:00					0
SRX331180	ce11	TFs and others	6838539	submitted	15901022	2026-04-06T11:01:36+09:00							0
SRX331182	ce11	TFs and others	8202913	submitted	15901023	2026-04-06T11:01:36+09:00							0
SRX331184	ce11	TFs and others	5886071	submitted	15901024	2026-04-06T11:01:36+09:00							0
SRX331186	ce11	TFs and others	8042136	submitted	15901025	2026-04-06T11:01:36+09:00							0
SRX331188	ce11	TFs and others	7928979	submitted	15901026	2026-04-06T11:01:36+09:00							0
SRX331190	ce11	TFs and others	5787933	submitted	15901027	2026-04-06T11:01:36+09:00							0
SRX043874	ce11	RNA polymerase	1982871	done	15899691		2026-04-06T11:01:00+09:00	2026-04-06T11:01:36+09:00	8	28	36		0
SRX331192	ce11	TFs and others	7337628	submitted	15901028	2026-04-06T11:01:36+09:00							0
SRX331194	ce11	TFs and others	7460381	submitted	15901029	2026-04-06T11:01:36+09:00							0
SRX331196	ce11	TFs and others	7354875	submitted	15901030	2026-04-06T11:01:36+09:00							0
SRX331198	ce11	TFs and others	8375307	submitted	15901031	2026-04-06T11:01:36+09:00							0
SRX331200	ce11	TFs and others	7436656	submitted	15901032	2026-04-06T11:01:36+09:00							0
SRX331202	ce11	TFs and others	8809343	submitted	15901033	2026-04-06T11:01:37+09:00							0
SRX331204	ce11	TFs and others	7997830	submitted	15901034	2026-04-06T11:01:37+09:00							0
SRX331206	ce11	TFs and others	8379896	submitted	15901035	2026-04-06T11:01:37+09:00							0
SRX331208	ce11	TFs and others	6507231	submitted	15901036	2026-04-06T11:01:37+09:00							0
SRX331210	ce11	TFs and others	7609412	submitted	15901037	2026-04-06T11:01:37+09:00							0
SRX331212	ce11	TFs and others	7220126	submitted	15901038	2026-04-06T11:01:37+09:00							0
SRX331214	ce11	TFs and others	6444449	submitted	15901039	2026-04-06T11:01:37+09:00							0
SRX331216	ce11	TFs and others	7166123	submitted	15901040	2026-04-06T11:01:37+09:00							0
SRX331218	ce11	TFs and others	7546709	submitted	15901041	2026-04-06T11:01:37+09:00							0
SRX331220	ce11	TFs and others	7462071	submitted	15901042	2026-04-06T11:01:37+09:00							0
SRX331222	ce11	TFs and others	8904727	submitted	15901043	2026-04-06T11:01:37+09:00							0
SRX331224	ce11	TFs and others	7342927	submitted	15901044	2026-04-06T11:01:38+09:00							0
SRX331226	ce11	TFs and others	8214334	submitted	15901045	2026-04-06T11:01:38+09:00							0
SRX043862	ce11	TFs and others	11262656	done	15899679		2026-04-06T11:00:42+09:00	2026-04-06T11:01:38+09:00	0	55	55		0
SRX331228	ce11	TFs and others	7646519	submitted	15901046	2026-04-06T11:01:38+09:00							0
SRX331230	ce11	TFs and others	8243027	submitted	15901047	2026-04-06T11:01:38+09:00							0
SRX331232	ce11	TFs and others	7203889	submitted	15901048	2026-04-06T11:01:38+09:00							0
SRX331234	ce11	TFs and others	7921729	submitted	15901049	2026-04-06T11:01:38+09:00							0
SRX331236	ce11	TFs and others	5890491	submitted	15901050	2026-04-06T11:01:38+09:00							0
SRX331238	ce11	TFs and others	7182298	submitted	15901051	2026-04-06T11:01:38+09:00							0
SRX043850	ce11	TFs and others	3287005	done	15899667		2026-04-06T11:00:01+09:00	2026-04-06T11:01:38+09:00	53	44	97		0
SRX331240	ce11	TFs and others	4761148	submitted	15901052	2026-04-06T11:01:38+09:00							0
SRX331242	ce11	TFs and others	3815829	submitted	15901053	2026-04-06T11:01:38+09:00							0
SRX331244	ce11	TFs and others	7439152	submitted	15901054	2026-04-06T11:01:38+09:00							0
SRX331246	ce11	TFs and others	5684956	submitted	15901055	2026-04-06T11:01:38+09:00							0
SRX331248	ce11	TFs and others	5744936	submitted	15901056	2026-04-06T11:01:39+09:00							0
SRX331250	ce11	TFs and others	7662619	submitted	15901057	2026-04-06T11:01:39+09:00							0
SRX043975	ce11	TFs and others	4302276	running	15899712		2026-04-06T11:01:39+09:00	2026-04-06T11:01:39+09:00					0
SRX043977	ce11	TFs and others	4078616	running	15899714		2026-04-06T11:01:39+09:00	2026-04-06T11:01:39+09:00					0
SRX043976	ce11	TFs and others	2875667	running	15899713		2026-04-06T11:01:39+09:00	2026-04-06T11:01:39+09:00					0
SRX331252	ce11	TFs and others	5767192	submitted	15901058	2026-04-06T11:01:39+09:00							0
SRX331254	ce11	TFs and others	4987057	submitted	15901059	2026-04-06T11:01:39+09:00							0
SRX331256	ce11	TFs and others	1679751	submitted	15901060	2026-04-06T11:01:39+09:00							0
SRX331258	ce11	TFs and others	7909714	submitted	15901061	2026-04-06T11:01:39+09:00							0
SRX331260	ce11	TFs and others	8102787	submitted	15901062	2026-04-06T11:01:39+09:00							0
SRX331262	ce11	TFs and others	6399484	submitted	15901063	2026-04-06T11:01:39+09:00							0
SRX331264	ce11	TFs and others	5470538	submitted	15901064	2026-04-06T11:01:39+09:00							0
SRX043875	ce11	RNA polymerase	7475940	done	15899692		2026-04-06T11:01:00+09:00	2026-04-06T11:01:39+09:00	10	29	39		0
SRX331266	ce11	TFs and others	5635785	submitted	15901065	2026-04-06T11:01:39+09:00							0
SRX331268	ce11	RNA polymerase	6288278	submitted	15901066	2026-04-06T11:01:39+09:00							0
SRX331270	ce11	RNA polymerase	7159638	submitted	15901067	2026-04-06T11:01:39+09:00							0
SRX331272	ce11	TFs and others	8199658	submitted	15901068	2026-04-06T11:01:40+09:00							0
SRX331274	ce11	TFs and others	4872531	submitted	15901069	2026-04-06T11:01:40+09:00							0
SRX331276	ce11	TFs and others	2765073	submitted	15901070	2026-04-06T11:01:40+09:00							0
SRX331278	ce11	TFs and others	7234191	submitted	15901071	2026-04-06T11:01:40+09:00							0
SRX331280	ce11	TFs and others	4589095	submitted	15901072	2026-04-06T11:01:40+09:00							0
SRX331282	ce11	TFs and others	3963227	submitted	15901073	2026-04-06T11:01:40+09:00							0
SRX331284	ce11	TFs and others	3314139	submitted	15901074	2026-04-06T11:01:40+09:00							0
SRX331286	ce11	TFs and others	6289761	submitted	15901075	2026-04-06T11:01:40+09:00							0
SRX331288	ce11	TFs and others	6220390	submitted	15901076	2026-04-06T11:01:40+09:00							0
SRX331290	ce11	TFs and others	6532383	submitted	15901077	2026-04-06T11:01:40+09:00							0
SRX331292	ce11	TFs and others	5829983	submitted	15901078	2026-04-06T11:01:40+09:00							0
SRX331294	ce11	TFs and others	6520157	submitted	15901079	2026-04-06T11:01:40+09:00							0
SRX331296	ce11	TFs and others	7443885	submitted	15901080	2026-04-06T11:01:41+09:00							0
SRX331298	ce11	TFs and others	2309911	submitted	15901081	2026-04-06T11:01:41+09:00							0
SRX331300	ce11	TFs and others	3101176	submitted	15901082	2026-04-06T11:01:41+09:00							0
SRX331302	ce11	TFs and others	6586947	submitted	15901083	2026-04-06T11:01:41+09:00							0
SRX331304	ce11	TFs and others	7603807	submitted	15901084	2026-04-06T11:01:41+09:00							0
SRX331306	ce11	TFs and others	4033711	submitted	15901085	2026-04-06T11:01:41+09:00							0
SRX331308	ce11	TFs and others	2555624	submitted	15901086	2026-04-06T11:01:41+09:00							0
SRX331310	ce11	TFs and others	3243937	submitted	15901087	2026-04-06T11:01:41+09:00							0
SRX331312	ce11	TFs and others	2625177	submitted	15901088	2026-04-06T11:01:41+09:00							0
SRX331314	ce11	TFs and others	3942107	submitted	15901089	2026-04-06T11:01:41+09:00							0
SRX331316	ce11	TFs and others	3012445	submitted	15901090	2026-04-06T11:01:41+09:00							0
SRX331318	ce11	TFs and others	3566568	submitted	15901091	2026-04-06T11:01:41+09:00							0
SRX331320	ce11	TFs and others	4321007	submitted	15901092	2026-04-06T11:01:42+09:00							0
SRX043978	ce11	TFs and others	4078616	running	15899715		2026-04-06T11:01:42+09:00	2026-04-06T11:01:42+09:00					0
SRX331322	ce11	TFs and others	6488610	submitted	15901093	2026-04-06T11:01:42+09:00							0
SRX331324	ce11	TFs and others	4098925	submitted	15901094	2026-04-06T11:01:42+09:00							0
SRX331326	ce11	TFs and others	6899874	submitted	15901095	2026-04-06T11:01:42+09:00							0
SRX331328	ce11	TFs and others	5605956	submitted	15901096	2026-04-06T11:01:42+09:00							0
SRX331330	ce11	TFs and others	2303347	submitted	15901097	2026-04-06T11:01:42+09:00							0
SRX331332	ce11	TFs and others	4833160	submitted	15901098	2026-04-06T11:01:42+09:00							0
SRX331335	ce11	Histone	12236336	submitted	15901099	2026-04-06T11:01:42+09:00							0
SRX331336	ce11	Histone	9464299	submitted	15901100	2026-04-06T11:01:42+09:00							0
SRX331340	ce11	Histone	22299748	submitted	15901101	2026-04-06T11:01:42+09:00							0
SRX331343	ce11	TFs and others	16994712	submitted	15901102	2026-04-06T11:01:42+09:00							0
SRX331344	ce11	TFs and others	30577412	submitted	15901103	2026-04-06T11:01:42+09:00							0
SRX331347	ce11	Histone	21734629	submitted	15901104	2026-04-06T11:01:43+09:00							0
SRX331348	ce11	Histone	13598392	submitted	15901105	2026-04-06T11:01:43+09:00							0
SRX331351	ce11	Histone	26834022	submitted	15901106	2026-04-06T11:01:43+09:00							0
SRX331352	ce11	Histone	25432513	submitted	15901107	2026-04-06T11:01:43+09:00							0
SRX331355	ce11	TFs and others	13914899	submitted	15901108	2026-04-06T11:01:43+09:00							0
SRX331356	ce11	TFs and others	12716387	submitted	15901109	2026-04-06T11:01:43+09:00							0
SRX331363	ce11	Histone	13468938	submitted	15901110	2026-04-06T11:01:43+09:00							0
SRX331364	ce11	Histone	20479825	submitted	15901111	2026-04-06T11:01:43+09:00							0
SRX335101	ce11	TFs and others	13765284	submitted	15901112	2026-04-06T11:01:43+09:00							0
SRX335102	ce11	TFs and others	10418283	submitted	15901113	2026-04-06T11:01:43+09:00							0
SRX335103	ce11	Histone	11499142	submitted	15901114	2026-04-06T11:01:43+09:00							0
SRX335104	ce11	Histone	10309088	submitted	15901115	2026-04-06T11:01:43+09:00							0
SRX3411419	ce11	TFs and others	3411246	submitted	15901116	2026-04-06T11:01:44+09:00							0
SRX3411420	ce11	TFs and others	3952910	submitted	15901117	2026-04-06T11:01:44+09:00							0
SRX3411421	ce11	TFs and others	6772794	submitted	15901118	2026-04-06T11:01:44+09:00							0
SRX341784	ce11	TFs and others	10834267	submitted	15901119	2026-04-06T11:01:44+09:00							0
SRX341785	ce11	TFs and others	17755494	submitted	15901120	2026-04-06T11:01:44+09:00							0
SRX341786	ce11	TFs and others	13505880	submitted	15901121	2026-04-06T11:01:44+09:00							0
SRX341787	ce11	TFs and others	17389010	submitted	15901122	2026-04-06T11:01:44+09:00							0
SRX341788	ce11	Histone	20555672	submitted	15901123	2026-04-06T11:01:44+09:00							0
SRX341789	ce11	Histone	17380069	submitted	15901124	2026-04-06T11:01:44+09:00							0
SRX3583334	ce11	Histone	41569262	submitted	15901125	2026-04-06T11:01:44+09:00							0
SRX3583335	ce11	Histone	36795442	submitted	15901126	2026-04-06T11:01:44+09:00							0
SRX3583336	ce11	Histone	38739324	submitted	15901127	2026-04-06T11:01:44+09:00							0
SRX3583337	ce11	Histone	40124136	submitted	15901128	2026-04-06T11:01:45+09:00							0
SRX3583338	ce11	Histone	42230977	submitted	15901129	2026-04-06T11:01:45+09:00							0
SRX3583339	ce11	Histone	41524876	submitted	15901130	2026-04-06T11:01:45+09:00							0
SRX3583340	ce11	Histone	33757140	submitted	15901131	2026-04-06T11:01:45+09:00							0
SRX3583341	ce11	Histone	32777421	submitted	15901132	2026-04-06T11:01:45+09:00							0
SRX3583342	ce11	Histone	32930092	submitted	15901133	2026-04-06T11:01:45+09:00							0
SRX3583343	ce11	Histone	32500265	submitted	15901134	2026-04-06T11:01:45+09:00							0
SRX3583344	ce11	Histone	39684890	submitted	15901135	2026-04-06T11:01:45+09:00							0
SRX3583345	ce11	Histone	43168615	submitted	15901136	2026-04-06T11:01:45+09:00							0
SRX3583346	ce11	Histone	37460851	submitted	15901137	2026-04-06T11:01:45+09:00							0
SRX3583347	ce11	Histone	38102325	submitted	15901138	2026-04-06T11:01:45+09:00							0
SRX3583348	ce11	Histone	43843727	submitted	15901139	2026-04-06T11:01:45+09:00							0
SRX3583349	ce11	Histone	39347896	submitted	15901140	2026-04-06T11:01:46+09:00							0
SRX3583350	ce11	Histone	36456787	submitted	15901141	2026-04-06T11:01:46+09:00							0
SRX3583351	ce11	Histone	33663924	submitted	15901142	2026-04-06T11:01:46+09:00							0
SRX3583352	ce11	Histone	34339953	submitted	15901143	2026-04-06T11:01:46+09:00							0
SRX3583353	ce11	Histone	33116848	submitted	15901144	2026-04-06T11:01:46+09:00							0
SRX373265	ce11	TFs and others	16825846	submitted	15901145	2026-04-06T11:01:46+09:00							0
SRX373266	ce11	TFs and others	18184450	submitted	15901146	2026-04-06T11:01:46+09:00							0
SRX373267	ce11	TFs and others	17041594	submitted	15901147	2026-04-06T11:01:46+09:00							0
SRX373268	ce11	TFs and others	16438653	submitted	15901148	2026-04-06T11:01:46+09:00							0
SRX043872	ce11	RNA polymerase	3046025	done	15899689		2026-04-06T11:00:56+09:00	2026-04-06T11:01:46+09:00	9	41	50		0
SRX373269	ce11	TFs and others	6517898	submitted	15901149	2026-04-06T11:01:46+09:00							0
SRX373270	ce11	TFs and others	20161513	submitted	15901150	2026-04-06T11:01:46+09:00							0
SRX373271	ce11	TFs and others	18870642	submitted	15901151	2026-04-06T11:01:46+09:00							0
SRX373277	ce11	TFs and others	19946188	submitted	15901152	2026-04-06T11:01:47+09:00							0
SRX3733151	ce11	TFs and others	43231688	submitted	15901153	2026-04-06T11:01:47+09:00							0
SRX3733152	ce11	TFs and others	35816431	submitted	15901154	2026-04-06T11:01:47+09:00							0
SRX3733153	ce11	TFs and others	28529693	submitted	15901155	2026-04-06T11:01:47+09:00							0
SRX3733154	ce11	TFs and others	26843545	submitted	15901156	2026-04-06T11:01:47+09:00							0
SRX3733155	ce11	TFs and others	23736589	submitted	15901157	2026-04-06T11:01:47+09:00							0
SRX3733156	ce11	TFs and others	25826866	submitted	15901158	2026-04-06T11:01:47+09:00							0
SRX3733157	ce11	TFs and others	37064952	submitted	15901159	2026-04-06T11:01:47+09:00							0
SRX3733158	ce11	TFs and others	46643726	submitted	15901160	2026-04-06T11:01:47+09:00							0
SRX3733159	ce11	TFs and others	46942664	submitted	15901161	2026-04-06T11:01:47+09:00							0
SRX3733160	ce11	TFs and others	27439278	submitted	15901162	2026-04-06T11:01:47+09:00							0
SRX3733161	ce11	TFs and others	29694149	submitted	15901163	2026-04-06T11:01:47+09:00							0
SRX3733162	ce11	TFs and others	32895075	submitted	15901164	2026-04-06T11:01:48+09:00							0
SRX043877	ce11	RNA polymerase	2360699	done	15899694		2026-04-06T11:01:03+09:00	2026-04-06T11:01:48+09:00	7	38	45		0
SRX043979	ce11	TFs and others	4095660	running	15899716		2026-04-06T11:01:48+09:00	2026-04-06T11:01:48+09:00					0
SRX3923759	ce11	TFs and others	64808971	submitted	15901165	2026-04-06T11:01:48+09:00							0
SRX3923760	ce11	TFs and others	70025667	submitted	15901166	2026-04-06T11:01:48+09:00							0
SRX3923761	ce11	TFs and others	58525121	submitted	15901167	2026-04-06T11:01:48+09:00							0
SRX3923762	ce11	TFs and others	71485065	submitted	15901168	2026-04-06T11:01:48+09:00							0
SRX3942553	ce11	Histone	16348560	submitted	15901169	2026-04-06T11:01:48+09:00							0
SRX3942554	ce11	Histone	17233149	submitted	15901170	2026-04-06T11:01:48+09:00							0
SRX3942555	ce11	Histone	21320060	submitted	15901171	2026-04-06T11:01:48+09:00							0
SRX043879	ce11	RNA polymerase	10071493	done	15899696		2026-04-06T11:01:10+09:00	2026-04-06T11:01:48+09:00	9	29	38		0
SRX3942556	ce11	Histone	14716059	submitted	15901172	2026-04-06T11:01:48+09:00							0
SRX3942557	ce11	Histone	17425224	submitted	15901173	2026-04-06T11:01:48+09:00							0
SRX3942558	ce11	Histone	16902415	submitted	15901174	2026-04-06T11:01:48+09:00							0
SRX395521	ce11	TFs and others	15559478	submitted	15901175	2026-04-06T11:01:49+09:00							0
SRX395522	ce11	TFs and others	11621148	submitted	15901176	2026-04-06T11:01:49+09:00							0
SRX395523	ce11	TFs and others	6033804	submitted	15901177	2026-04-06T11:01:49+09:00							0
SRX043863	ce11	RNA polymerase	4304838	done	15899680		2026-04-06T11:00:42+09:00	2026-04-06T11:01:49+09:00	0	67	67		0
SRX395524	ce11	TFs and others	11343538	submitted	15901178	2026-04-06T11:01:49+09:00							0
SRX395525	ce11	TFs and others	11436310	submitted	15901179	2026-04-06T11:01:49+09:00							0
SRX395526	ce11	TFs and others	13603658	submitted	15901180	2026-04-06T11:01:49+09:00							0
SRX395527	ce11	TFs and others	10578501	submitted	15901181	2026-04-06T11:01:49+09:00							0
SRX395528	ce11	TFs and others	13791086	submitted	15901182	2026-04-06T11:01:49+09:00							0
SRX395529	ce11	TFs and others	8963759	submitted	15901183	2026-04-06T11:01:49+09:00							0
SRX395530	ce11	TFs and others	8344001	submitted	15901184	2026-04-06T11:01:49+09:00							0
SRX395531	ce11	RNA polymerase	19353070	submitted	15901185	2026-04-06T11:01:49+09:00							0
SRX395532	ce11	RNA polymerase	12817241	submitted	15901186	2026-04-06T11:01:49+09:00							0
SRX4012474	ce11	Histone	36173858	submitted	15901187	2026-04-06T11:01:50+09:00							0
SRX4012476	ce11	Histone	32420082	submitted	15901188	2026-04-06T11:01:50+09:00							0
SRX4012478	ce11	Histone	40879283	submitted	15901189	2026-04-06T11:01:50+09:00							0
SRX4012480	ce11	Histone	37002202	submitted	15901190	2026-04-06T11:01:50+09:00							0
SRX4029336	ce11	ATAC-Seq	24327078	submitted	15901191	2026-04-06T11:01:50+09:00							0
SRX4029337	ce11	ATAC-Seq	16157449	submitted	15901192	2026-04-06T11:01:50+09:00							0
SRX4029338	ce11	ATAC-Seq	14720669	submitted	15901193	2026-04-06T11:01:50+09:00							0
SRX4082334	ce11	Histone	14123310	submitted	15901194	2026-04-06T11:01:50+09:00							0
SRX4082335	ce11	Histone	19108035	submitted	15901195	2026-04-06T11:01:50+09:00							0
SRX4082336	ce11	Histone	14229371	submitted	15901196	2026-04-06T11:01:50+09:00							0
SRX012297	ce11	Histone	8379722	done	15899648		2026-04-06T10:59:58+09:00	2026-04-06T11:01:50+09:00	34	78	112		0
SRX4082337	ce11	Histone	29109017	submitted	15901197	2026-04-06T11:01:50+09:00							0
SRX4082338	ce11	Histone	14310994	submitted	15901198	2026-04-06T11:01:50+09:00							0
SRX4082339	ce11	Histone	18773563	submitted	15901199	2026-04-06T11:01:51+09:00							0
SRX043982	ce11	TFs and others	4849260	running	15899719		2026-04-06T11:01:51+09:00	2026-04-06T11:01:51+09:00					0
SRX015093	ce11	TFs and others	4009487	done	15899651		2026-04-06T10:59:58+09:00	2026-04-06T11:01:51+09:00	52	56	108		0
SRX4082340	ce11	Histone	23845675	submitted	15901200	2026-04-06T11:01:51+09:00							0
SRX043983	ce11	TFs and others	2937474	running	15899720		2026-04-06T11:01:51+09:00	2026-04-06T11:01:51+09:00					0
SRX043981	ce11	TFs and others	4793412	running	15899718		2026-04-06T11:01:51+09:00	2026-04-06T11:01:51+09:00					0
SRX043980	ce11	TFs and others	2422483	running	15899717		2026-04-06T11:01:51+09:00	2026-04-06T11:01:51+09:00					0
SRX4082341	ce11	Histone	15407052	submitted	15901201	2026-04-06T11:01:51+09:00							0
SRX4082342	ce11	Histone	20737442	submitted	15901202	2026-04-06T11:01:51+09:00							0
SRX4082343	ce11	Histone	19830957	submitted	15901203	2026-04-06T11:01:51+09:00							0
SRX043865	ce11	RNA polymerase	3999191	done	15899682		2026-04-06T11:00:45+09:00	2026-04-06T11:01:51+09:00	0	66	66		0
SRX4082344	ce11	Histone	16780662	submitted	15901204	2026-04-06T11:01:51+09:00							0
SRX4082345	ce11	Histone	13970385	submitted	15901205	2026-04-06T11:01:51+09:00							0
SRX4082346	ce11	Histone	12247529	submitted	15901206	2026-04-06T11:01:51+09:00							0
SRX4082347	ce11	Histone	13936847	submitted	15901207	2026-04-06T11:01:51+09:00							0
SRX4082348	ce11	Histone	12002611	submitted	15901208	2026-04-06T11:01:51+09:00							0
SRX4082349	ce11	Histone	8409656	submitted	15901209	2026-04-06T11:01:51+09:00							0
SRX4082350	ce11	Histone	13103423	submitted	15901210	2026-04-06T11:01:51+09:00							0
SRX4082351	ce11	Histone	17334172	submitted	15901211	2026-04-06T11:01:52+09:00							0
SRX4082352	ce11	Histone	14054183	submitted	15901212	2026-04-06T11:01:52+09:00							0
SRX4082353	ce11	Histone	10874584	submitted	15901213	2026-04-06T11:01:52+09:00							0
SRX4082354	ce11	Histone	26760587	submitted	15901214	2026-04-06T11:01:52+09:00							0
SRX4082355	ce11	Histone	18302227	submitted	15901215	2026-04-06T11:01:52+09:00							0
SRX4082356	ce11	Histone	19907659	submitted	15901216	2026-04-06T11:01:52+09:00							0
SRX4082357	ce11	Histone	11907573	submitted	15901217	2026-04-06T11:01:52+09:00							0
SRX4082358	ce11	Histone	14511367	submitted	15901218	2026-04-06T11:01:52+09:00							0
SRX4082359	ce11	Histone	12081024	submitted	15901219	2026-04-06T11:01:52+09:00							0
SRX4082360	ce11	Histone	13268521	submitted	15901220	2026-04-06T11:01:52+09:00							0
SRX4082361	ce11	Histone	18785774	submitted	15901221	2026-04-06T11:01:52+09:00							0
SRX4082362	ce11	Histone	11699193	submitted	15901222	2026-04-06T11:01:53+09:00							0
SRX4082363	ce11	Histone	18559199	submitted	15901223	2026-04-06T11:01:53+09:00							0
SRX4082364	ce11	Histone	32928597	submitted	15901224	2026-04-06T11:01:53+09:00							0
SRX4082365	ce11	Histone	14756742	submitted	15901225	2026-04-06T11:01:53+09:00							0
SRX4082366	ce11	Histone	12616786	submitted	15901226	2026-04-06T11:01:53+09:00							0
SRX4082367	ce11	Histone	8069989	submitted	15901227	2026-04-06T11:01:53+09:00							0
SRX4082368	ce11	Histone	14888088	submitted	15901228	2026-04-06T11:01:53+09:00							0
SRX4082369	ce11	Histone	15954721	submitted	15901229	2026-04-06T11:01:53+09:00							0
SRX4082370	ce11	Histone	12607152	submitted	15901230	2026-04-06T11:01:53+09:00							0
SRX4082371	ce11	Histone	11730132	submitted	15901231	2026-04-06T11:01:53+09:00							0
SRX4082372	ce11	Histone	12482146	submitted	15901232	2026-04-06T11:01:53+09:00							0
SRX043852	ce11	TFs and others	3814569	done	15899669		2026-04-06T11:00:01+09:00	2026-04-06T11:01:53+09:00	58	54	112		0
SRX4082373	ce11	Histone	16654594	submitted	15901233	2026-04-06T11:01:53+09:00							0
SRX4082374	ce11	Histone	11738901	submitted	15901234	2026-04-06T11:01:54+09:00							0
SRX043985	ce11	TFs and others	6024710	running	15899722		2026-04-06T11:01:54+09:00	2026-04-06T11:01:54+09:00					0
SRX043984	ce11	TFs and others	3793195	running	15899721		2026-04-06T11:01:54+09:00	2026-04-06T11:01:54+09:00					0
SRX043986	ce11	TFs and others	4785340	running	15899723		2026-04-06T11:01:54+09:00	2026-04-06T11:01:54+09:00					0
SRX4082375	ce11	Histone	19591062	submitted	15901235	2026-04-06T11:01:54+09:00							0
SRX4082376	ce11	Histone	6486000	submitted	15901236	2026-04-06T11:01:54+09:00							0
SRX4082377	ce11	Histone	4476267	submitted	15901237	2026-04-06T11:01:54+09:00							0
SRX043870	ce11	RNA polymerase	2643487	done	15899687		2026-04-06T11:00:54+09:00	2026-04-06T11:01:54+09:00	8	52	60		0
SRX4082378	ce11	Histone	17374970	submitted	15901238	2026-04-06T11:01:54+09:00							0
SRX4082379	ce11	Histone	20054326	submitted	15901239	2026-04-06T11:01:54+09:00							0
SRX4082380	ce11	Histone	13251486	submitted	15901240	2026-04-06T11:01:54+09:00							0
SRX4082381	ce11	Histone	12919188	submitted	15901241	2026-04-06T11:01:54+09:00							0
SRX4082382	ce11	ATAC-Seq	58415047	submitted	15901242	2026-04-06T11:01:54+09:00							0
SRX4082383	ce11	ATAC-Seq	44471527	submitted	15901243	2026-04-06T11:01:54+09:00							0
SRX4082384	ce11	ATAC-Seq	32468957	submitted	15901244	2026-04-06T11:01:54+09:00							0
SRX4082385	ce11	ATAC-Seq	37414145	submitted	15901245	2026-04-06T11:01:54+09:00							0
SRX4082386	ce11	ATAC-Seq	29366005	submitted	15901246	2026-04-06T11:01:55+09:00							0
SRX043866	ce11	RNA polymerase	3435784	done	15899683		2026-04-06T11:00:48+09:00	2026-04-06T11:01:55+09:00	10	56	66		0
SRX4082387	ce11	ATAC-Seq	70329171	submitted	15901247	2026-04-06T11:01:55+09:00							0
SRX4082388	ce11	ATAC-Seq	48530840	submitted	15901248	2026-04-06T11:01:55+09:00							0
SRX4082389	ce11	ATAC-Seq	65190599	submitted	15901249	2026-04-06T11:01:55+09:00							0
SRX4082390	ce11	ATAC-Seq	68043985	submitted	15901250	2026-04-06T11:01:55+09:00							0
SRX4082391	ce11	ATAC-Seq	82365686	submitted	15901251	2026-04-06T11:01:55+09:00							0
SRX4082392	ce11	ATAC-Seq	100971998	submitted	15901252	2026-04-06T11:01:55+09:00							0
SRX4082393	ce11	ATAC-Seq	79358678	submitted	15901253	2026-04-06T11:01:55+09:00							0
SRX4082394	ce11	ATAC-Seq	36672575	submitted	15901254	2026-04-06T11:01:55+09:00							0
SRX4082395	ce11	ATAC-Seq	55644509	submitted	15901255	2026-04-06T11:01:55+09:00							0
SRX4082396	ce11	ATAC-Seq	42803340	submitted	15901256	2026-04-06T11:01:55+09:00							0
SRX4082397	ce11	ATAC-Seq	39099808	submitted	15901257	2026-04-06T11:01:55+09:00							0
SRX4082398	ce11	ATAC-Seq	62019092	submitted	15901258	2026-04-06T11:01:56+09:00							0
SRX4082399	ce11	ATAC-Seq	155945446	submitted	15901259	2026-04-06T11:01:56+09:00							0
SRX4082400	ce11	ATAC-Seq	58396210	submitted	15901260	2026-04-06T11:01:56+09:00							0
SRX4082401	ce11	ATAC-Seq	216855011	submitted	15901261	2026-04-06T11:01:56+09:00							0
SRX4082402	ce11	ATAC-Seq	287144898	submitted	15901262	2026-04-06T11:01:56+09:00							0
SRX4082403	ce11	ATAC-Seq	334907090	submitted	15901265	2026-04-06T11:01:56+09:00							0
SRX043987	ce11	TFs and others	4732745	running	15899724		2026-04-06T11:01:56+09:00	2026-04-06T11:01:56+09:00					0
SRX043988	ce11	TFs and others	4379799	running	15899725		2026-04-06T11:01:56+09:00	2026-04-06T11:01:56+09:00					0
SRX4085338	ce11	DNase-seq	31421314	submitted	15901266	2026-04-06T11:01:56+09:00							0
SRX4085339	ce11	DNase-seq	26268412	submitted	15901267	2026-04-06T11:01:56+09:00							0
SRX043964	ce11	RNA polymerase	2183551	done	15899701		2026-04-06T11:01:19+09:00	2026-04-06T11:01:56+09:00	8	29	37		0
SRX4085340	ce11	DNase-seq	34958879	submitted	15901268	2026-04-06T11:01:56+09:00							0
SRX4085341	ce11	DNase-seq	26582614	submitted	15901269	2026-04-06T11:01:56+09:00							0
SRX4085342	ce11	DNase-seq	26880650	submitted	15901270	2026-04-06T11:01:57+09:00							0
SRX4085343	ce11	DNase-seq	22476535	submitted	15901271	2026-04-06T11:01:57+09:00							0
SRX043989	ce11	TFs and others	5494920	running	15899726		2026-04-06T11:01:57+09:00	2026-04-06T11:01:57+09:00					0
SRX4085344	ce11	DNase-seq	15586363	submitted	15901272	2026-04-06T11:01:57+09:00							0
SRX4085345	ce11	DNase-seq	92223868	submitted	15901273	2026-04-06T11:01:57+09:00							0
SRX4085346	ce11	DNase-seq	38342925	submitted	15901274	2026-04-06T11:01:57+09:00							0
SRX4085347	ce11	DNase-seq	24577688	submitted	15901275	2026-04-06T11:01:57+09:00							0
SRX4085348	ce11	DNase-seq	15383484	submitted	15901276	2026-04-06T11:01:57+09:00							0
SRX4085349	ce11	DNase-seq	36867961	submitted	15901277	2026-04-06T11:01:57+09:00							0
SRX4085350	ce11	DNase-seq	64691051	submitted	15901278	2026-04-06T11:01:57+09:00							0
SRX4085351	ce11	DNase-seq	21977351	submitted	15901279	2026-04-06T11:01:57+09:00							0
SRX4085352	ce11	DNase-seq	72753924	submitted	15901280	2026-04-06T11:01:57+09:00							0
SRX043864	ce11	RNA polymerase	4157862	done	15899681		2026-04-06T11:00:45+09:00	2026-04-06T11:01:57+09:00	0	72	72		0
SRX4085353	ce11	DNase-seq	56107690	submitted	15901281	2026-04-06T11:01:57+09:00							0
SRX4085354	ce11	DNase-seq	40640884	submitted	15901282	2026-04-06T11:01:58+09:00							0
SRX4085355	ce11	DNase-seq	33188741	submitted	15901283	2026-04-06T11:01:58+09:00							0
SRX4085356	ce11	DNase-seq	12039430	submitted	15901284	2026-04-06T11:01:58+09:00							0
SRX4085357	ce11	DNase-seq	19379584	submitted	15901285	2026-04-06T11:01:58+09:00							0
SRX4085358	ce11	DNase-seq	24365244	submitted	15901286	2026-04-06T11:01:58+09:00							0
SRX4085359	ce11	DNase-seq	31585738	submitted	15901287	2026-04-06T11:01:58+09:00							0
SRX4085360	ce11	DNase-seq	19703192	submitted	15901288	2026-04-06T11:01:58+09:00							0
SRX4085361	ce11	DNase-seq	37368195	submitted	15901289	2026-04-06T11:01:58+09:00							0
SRX4085362	ce11	DNase-seq	17406003	submitted	15901290	2026-04-06T11:01:58+09:00							0
SRX4085363	ce11	DNase-seq	13503380	submitted	15901291	2026-04-06T11:01:58+09:00							0
SRX4085364	ce11	DNase-seq	13229488	submitted	15901292	2026-04-06T11:01:58+09:00							0
SRX4085365	ce11	DNase-seq	38347298	submitted	15901293	2026-04-06T11:01:59+09:00							0
SRX4085366	ce11	DNase-seq	25802778	submitted	15901294	2026-04-06T11:01:59+09:00							0
SRX4085367	ce11	DNase-seq	30806701	submitted	15901295	2026-04-06T11:01:59+09:00							0
SRX4085368	ce11	DNase-seq	23665306	submitted	15901296	2026-04-06T11:01:59+09:00							0
SRX4085369	ce11	DNase-seq	20071556	submitted	15901297	2026-04-06T11:01:59+09:00							0
SRX4085370	ce11	DNase-seq	21514033	submitted	15901298	2026-04-06T11:01:59+09:00							0
SRX4085371	ce11	DNase-seq	14631211	submitted	15901299	2026-04-06T11:01:59+09:00							0
SRX043881	ce11	RNA polymerase	16766619	done	15899698		2026-04-06T11:01:13+09:00	2026-04-06T11:01:59+09:00	11	35	46		0
SRX4085372	ce11	DNase-seq	14357347	submitted	15901300	2026-04-06T11:01:59+09:00							0
SRX4085373	ce11	DNase-seq	13330407	submitted	15901301	2026-04-06T11:01:59+09:00							0
SRX4085374	ce11	DNase-seq	15348796	submitted	15901302	2026-04-06T11:01:59+09:00							0
SRX4085375	ce11	DNase-seq	16321821	submitted	15901303	2026-04-06T11:01:59+09:00							0
SRX4085376	ce11	DNase-seq	17630602	submitted	15901304	2026-04-06T11:01:59+09:00							0
SRX4085377	ce11	DNase-seq	16124294	submitted	15901305	2026-04-06T11:02:00+09:00							0
SRX4085378	ce11	DNase-seq	24712379	submitted	15901306	2026-04-06T11:02:00+09:00							0
SRX4085379	ce11	DNase-seq	15617541	submitted	15901307	2026-04-06T11:02:00+09:00							0
SRX4085380	ce11	DNase-seq	12502185	submitted	15901308	2026-04-06T11:02:00+09:00							0
SRX4085381	ce11	DNase-seq	12127763	submitted	15901309	2026-04-06T11:02:00+09:00							0
SRX4085382	ce11	DNase-seq	9786578	submitted	15901310	2026-04-06T11:02:00+09:00							0
SRX4085383	ce11	DNase-seq	23444682	submitted	15901311	2026-04-06T11:02:00+09:00							0
SRX4085384	ce11	DNase-seq	17580922	submitted	15901312	2026-04-06T11:02:00+09:00							0
SRX4085385	ce11	DNase-seq	23416339	submitted	15901313	2026-04-06T11:02:00+09:00							0
SRX4085386	ce11	DNase-seq	20259317	submitted	15901314	2026-04-06T11:02:00+09:00							0
SRX4085387	ce11	DNase-seq	16752074	submitted	15901315	2026-04-06T11:02:00+09:00							0
SRX4085388	ce11	DNase-seq	14999107	submitted	15901316	2026-04-06T11:02:01+09:00							0
SRX043991	ce11	TFs and others	5006120	running	15899728		2026-04-06T11:02:01+09:00	2026-04-06T11:02:01+09:00					0
SRX043990	ce11	TFs and others	2703485	running	15899727		2026-04-06T11:02:01+09:00	2026-04-06T11:02:01+09:00					0
SRX4085389	ce11	DNase-seq	17707544	submitted	15901317	2026-04-06T11:02:01+09:00							0
SRX4085390	ce11	DNase-seq	15430972	submitted	15901318	2026-04-06T11:02:01+09:00							0
SRX4085391	ce11	DNase-seq	11256736	submitted	15901319	2026-04-06T11:02:01+09:00							0
SRX4085392	ce11	DNase-seq	28117009	submitted	15901320	2026-04-06T11:02:01+09:00							0
SRX4085393	ce11	DNase-seq	29930971	submitted	15901321	2026-04-06T11:02:01+09:00							0
SRX4085394	ce11	DNase-seq	37931177	submitted	15901322	2026-04-06T11:02:01+09:00							0
SRX4085395	ce11	DNase-seq	44130800	submitted	15901323	2026-04-06T11:02:01+09:00							0
SRX4085396	ce11	DNase-seq	37815683	submitted	15901324	2026-04-06T11:02:01+09:00							0
SRX4085397	ce11	DNase-seq	37938920	submitted	15901325	2026-04-06T11:02:01+09:00							0
SRX4085398	ce11	DNase-seq	38357635	submitted	15901326	2026-04-06T11:02:01+09:00							0
SRX4085399	ce11	DNase-seq	32931163	submitted	15901327	2026-04-06T11:02:02+09:00							0
SRX4085400	ce11	DNase-seq	45810613	submitted	15901328	2026-04-06T11:02:02+09:00							0
SRX4085401	ce11	DNase-seq	21354776	submitted	15901329	2026-04-06T11:02:02+09:00							0
SRX4085402	ce11	DNase-seq	9862121	submitted	15901330	2026-04-06T11:02:02+09:00							0
SRX4085403	ce11	DNase-seq	85721229	submitted	15901331	2026-04-06T11:02:02+09:00							0
SRX4085404	ce11	DNase-seq	82483409	submitted	15901332	2026-04-06T11:02:02+09:00							0
SRX4085405	ce11	DNase-seq	19278998	submitted	15901333	2026-04-06T11:02:02+09:00							0
SRX4085406	ce11	DNase-seq	41433735	submitted	15901334	2026-04-06T11:02:02+09:00							0
SRX4085407	ce11	DNase-seq	11435094	submitted	15901335	2026-04-06T11:02:02+09:00							0
SRX043858	ce11	TFs and others	7132310	done	15899675		2026-04-06T11:00:36+09:00	2026-04-06T11:02:02+09:00	0	86	86		0
SRX4085408	ce11	DNase-seq	44324711	submitted	15901336	2026-04-06T11:02:02+09:00							0
SRX4085409	ce11	DNase-seq	6110196	submitted	15901337	2026-04-06T11:02:02+09:00							0
SRX4085410	ce11	DNase-seq	20844202	submitted	15901338	2026-04-06T11:02:02+09:00							0
SRX4085411	ce11	DNase-seq	23049643	submitted	15901339	2026-04-06T11:02:03+09:00							0
SRX4085412	ce11	DNase-seq	21947298	submitted	15901340	2026-04-06T11:02:03+09:00							0
SRX043851	ce11	TFs and others	4453021	done	15899668		2026-04-06T11:00:01+09:00	2026-04-06T11:02:03+09:00	62	60	122		0
SRX4085413	ce11	DNase-seq	18770721	submitted	15901341	2026-04-06T11:02:03+09:00							0
SRX4085414	ce11	DNase-seq	15304005	submitted	15901342	2026-04-06T11:02:03+09:00							0
SRX4085415	ce11	DNase-seq	14884254	submitted	15901343	2026-04-06T11:02:03+09:00							0
SRX4085416	ce11	DNase-seq	13804034	submitted	15901344	2026-04-06T11:02:03+09:00							0
SRX043878	ce11	RNA polymerase	3432445	done	15899695		2026-04-06T11:01:07+09:00	2026-04-06T11:02:03+09:00	9	47	56		0
SRX4085417	ce11	DNase-seq	14395633	submitted	15901345	2026-04-06T11:02:03+09:00							0
SRX4085418	ce11	DNase-seq	21026682	submitted	15901346	2026-04-06T11:02:03+09:00							0
SRX4085419	ce11	DNase-seq	19006442	submitted	15901347	2026-04-06T11:02:03+09:00							0
SRX4085420	ce11	DNase-seq	19662544	submitted	15901348	2026-04-06T11:02:03+09:00							0
SRX4085421	ce11	DNase-seq	17365888	submitted	15901349	2026-04-06T11:02:03+09:00							0
SRX4085422	ce11	DNase-seq	15275286	submitted	15901350	2026-04-06T11:02:04+09:00							0
SRX043992	ce11	TFs and others	6877445	running	15899729		2026-04-06T11:02:04+09:00	2026-04-06T11:02:04+09:00					0
SRX043993	ce11	TFs and others	4165583	running	15899730		2026-04-06T11:02:04+09:00	2026-04-06T11:02:04+09:00					0
SRX043994	ce11	TFs and others	9149187	running	15899731		2026-04-06T11:02:04+09:00	2026-04-06T11:02:04+09:00					0
SRX4085423	ce11	DNase-seq	14065771	submitted	15901351	2026-04-06T11:02:04+09:00							0
SRX4085424	ce11	DNase-seq	13497903	submitted	15901352	2026-04-06T11:02:04+09:00							0
SRX4085425	ce11	DNase-seq	10971740	submitted	15901353	2026-04-06T11:02:04+09:00							0
SRX4085426	ce11	DNase-seq	13417697	submitted	15901354	2026-04-06T11:02:04+09:00							0
SRX4085427	ce11	DNase-seq	31721561	submitted	15901355	2026-04-06T11:02:04+09:00							0
SRX4085428	ce11	DNase-seq	22413526	submitted	15901356	2026-04-06T11:02:04+09:00							0
SRX4085429	ce11	DNase-seq	25946572	submitted	15901357	2026-04-06T11:02:04+09:00							0
SRX4085430	ce11	DNase-seq	16787610	submitted	15901358	2026-04-06T11:02:04+09:00							0
SRX4085431	ce11	DNase-seq	37159439	submitted	15901359	2026-04-06T11:02:04+09:00							0
SRX4085432	ce11	DNase-seq	8102108	submitted	15901360	2026-04-06T11:02:04+09:00							0
SRX4085433	ce11	DNase-seq	5047183	submitted	15901361	2026-04-06T11:02:05+09:00							0
SRX4085434	ce11	DNase-seq	49445082	submitted	15901362	2026-04-06T11:02:05+09:00							0
SRX4085435	ce11	DNase-seq	25917677	submitted	15901363	2026-04-06T11:02:05+09:00							0
SRX4085436	ce11	DNase-seq	24333421	submitted	15901364	2026-04-06T11:02:05+09:00							0
SRX4085437	ce11	DNase-seq	27216896	submitted	15901365	2026-04-06T11:02:05+09:00							0
SRX4085438	ce11	DNase-seq	21680904	submitted	15901366	2026-04-06T11:02:05+09:00							0
SRX4085439	ce11	DNase-seq	20859226	submitted	15901367	2026-04-06T11:02:05+09:00							0
SRX4085440	ce11	DNase-seq	26010822	submitted	15901368	2026-04-06T11:02:05+09:00							0
SRX4085441	ce11	DNase-seq	14155206	submitted	15901369	2026-04-06T11:02:05+09:00							0
SRX4085442	ce11	DNase-seq	16165751	submitted	15901370	2026-04-06T11:02:05+09:00							0
SRX4085443	ce11	DNase-seq	12951894	submitted	15901371	2026-04-06T11:02:05+09:00							0
SRX4107862	ce11	Histone	14109239	submitted	15901372	2026-04-06T11:02:05+09:00							0
SRX4107863	ce11	Histone	13293366	submitted	15901373	2026-04-06T11:02:06+09:00							0
SRX4107864	ce11	Histone	14715159	submitted	15901374	2026-04-06T11:02:06+09:00							0
SRX4107865	ce11	Histone	19322666	submitted	15901375	2026-04-06T11:02:06+09:00							0
SRX4107866	ce11	Histone	15061539	submitted	15901376	2026-04-06T11:02:06+09:00							0
SRX4107867	ce11	Histone	16335185	submitted	15901377	2026-04-06T11:02:06+09:00							0
SRX4107868	ce11	TFs and others	15963054	submitted	15901378	2026-04-06T11:02:06+09:00							0
SRX4107869	ce11	TFs and others	17452600	submitted	15901379	2026-04-06T11:02:06+09:00							0
SRX4107870	ce11	TFs and others	14686336	submitted	15901380	2026-04-06T11:02:06+09:00							0
SRX4107871	ce11	TFs and others	21333763	submitted	15901381	2026-04-06T11:02:06+09:00							0
SRX4107872	ce11	TFs and others	19454218	submitted	15901382	2026-04-06T11:02:06+09:00							0
SRX4107873	ce11	TFs and others	19084797	submitted	15901383	2026-04-06T11:02:06+09:00							0
SRX4107874	ce11	TFs and others	18605029	submitted	15901384	2026-04-06T11:02:07+09:00							0
SRX4107875	ce11	TFs and others	19402523	submitted	15901385	2026-04-06T11:02:07+09:00							0
SRX4107876	ce11	TFs and others	16470012	submitted	15901386	2026-04-06T11:02:07+09:00							0
SRX4107877	ce11	TFs and others	16364174	submitted	15901387	2026-04-06T11:02:07+09:00							0
SRX4190891	ce11	Histone	24740702	submitted	15901388	2026-04-06T11:02:07+09:00							0
SRX4190892	ce11	Histone	11289977	submitted	15901389	2026-04-06T11:02:07+09:00							0
SRX4190895	ce11	Histone	31134909	submitted	15901390	2026-04-06T11:02:07+09:00							0
SRX4190896	ce11	Histone	8541515	submitted	15901391	2026-04-06T11:02:07+09:00							0
SRX4194184	ce11	Histone	29561205	submitted	15901392	2026-04-06T11:02:07+09:00							0
SRX4194185	ce11	Histone	20260125	submitted	15901393	2026-04-06T11:02:07+09:00							0
SRX4194186	ce11	Histone	23468821	submitted	15901394	2026-04-06T11:02:07+09:00							0
SRX4194188	ce11	Histone	19251871	submitted	15901395	2026-04-06T11:02:08+09:00							0
SRX4194190	ce11	Histone	21298561	submitted	15901396	2026-04-06T11:02:08+09:00							0
SRX4194191	ce11	Histone	21960027	submitted	15901397	2026-04-06T11:02:08+09:00							0
SRX4194193	ce11	Histone	22727964	submitted	15901398	2026-04-06T11:02:08+09:00							0
SRX4194194	ce11	Histone	24843044	submitted	15901399	2026-04-06T11:02:08+09:00							0
SRX4194196	ce11	Histone	17268138	submitted	15901400	2026-04-06T11:02:08+09:00							0
SRX4194197	ce11	Histone	23302630	submitted	15901401	2026-04-06T11:02:08+09:00							0
SRX4194198	ce11	Histone	25352525	submitted	15901402	2026-04-06T11:02:08+09:00							0
SRX4194199	ce11	Histone	27321593	submitted	15901403	2026-04-06T11:02:08+09:00							0
SRX4194200	ce11	Histone	19691430	submitted	15901404	2026-04-06T11:02:08+09:00							0
SRX4194201	ce11	Histone	27646338	submitted	15901405	2026-04-06T11:02:08+09:00							0
SRX4194202	ce11	Histone	24211924	submitted	15901406	2026-04-06T11:02:09+09:00							0
SRX4194203	ce11	Histone	23615037	submitted	15901407	2026-04-06T11:02:09+09:00							0
SRX4194204	ce11	Histone	22457947	submitted	15901408	2026-04-06T11:02:09+09:00							0
SRX4194205	ce11	Histone	24750406	submitted	15901409	2026-04-06T11:02:09+09:00							0
SRX4200528	ce11	Histone	41636318	submitted	15901410	2026-04-06T11:02:09+09:00							0
SRX4200529	ce11	Histone	33988202	submitted	15901411	2026-04-06T11:02:09+09:00							0
SRX4200530	ce11	Histone	24414932	submitted	15901412	2026-04-06T11:02:09+09:00							0
SRX012298	ce11	Histone	7829986	done	15899649		2026-04-06T10:59:58+09:00	2026-04-06T11:02:09+09:00	26	105	131		0
SRX4200531	ce11	Histone	11147180	submitted	15901413	2026-04-06T11:02:09+09:00							0
SRX4200532	ce11	Histone	38575975	submitted	15901414	2026-04-06T11:02:09+09:00							0
SRX4200533	ce11	Histone	32258420	submitted	15901415	2026-04-06T11:02:09+09:00							0
SRX4200534	ce11	Histone	18300137	submitted	15901416	2026-04-06T11:02:09+09:00							0
SRX043972	ce11	TFs and others	3197636	done	15899709		2026-04-06T11:01:34+09:00	2026-04-06T11:02:09+09:00	9	26	35		0
SRX4200535	ce11	Histone	13436699	submitted	15901417	2026-04-06T11:02:09+09:00							0
SRX4200536	ce11	Histone	12155564	submitted	15901418	2026-04-06T11:02:10+09:00							0
SRX4200537	ce11	Histone	33370283	submitted	15901419	2026-04-06T11:02:10+09:00							0
SRX4200538	ce11	Histone	30593783	submitted	15901420	2026-04-06T11:02:10+09:00							0
SRX4200539	ce11	Histone	29014519	submitted	15901421	2026-04-06T11:02:10+09:00							0
SRX4200540	ce11	Histone	24948630	submitted	15901422	2026-04-06T11:02:10+09:00							0
SRX4419808	ce11	Histone	185689324	submitted	15901423	2026-04-06T11:02:10+09:00							0
SRX4419810	ce11	Histone	143817267	submitted	15901424	2026-04-06T11:02:10+09:00							0
SRX4419812	ce11	TFs and others	144240600	submitted	15901425	2026-04-06T11:02:10+09:00							0
SRX4419814	ce11	TFs and others	74934890	submitted	15901426	2026-04-06T11:02:10+09:00							0
SRX043868	ce11	RNA polymerase	5066974	done	15899685		2026-04-06T11:00:51+09:00	2026-04-06T11:02:10+09:00	0	79	79		0
SRX4419818	ce11	Histone	24333505	submitted	15901427	2026-04-06T11:02:10+09:00							0
SRX4419820	ce11	Histone	24685558	submitted	15901428	2026-04-06T11:02:10+09:00							0
SRX4419822	ce11	Histone	40708890	submitted	15901429	2026-04-06T11:02:11+09:00							0
SRX043996	ce11	TFs and others	2863365	running	15899733		2026-04-06T11:02:11+09:00	2026-04-06T11:02:11+09:00					0
SRX043995	ce11	TFs and others	5161232	running	15899732		2026-04-06T11:02:11+09:00	2026-04-06T11:02:11+09:00					0
SRX043997	ce11	TFs and others	6342158	running	15899734		2026-04-06T11:02:11+09:00	2026-04-06T11:02:11+09:00					0
SRX043876	ce11	RNA polymerase	3599715	done	15899693		2026-04-06T11:01:00+09:00	2026-04-06T11:02:11+09:00	10	61	71		0
SRX4419824	ce11	Histone	86263517	submitted	15901430	2026-04-06T11:02:11+09:00							0
SRX043967	ce11	RNA polymerase	12256900	done	15899704		2026-04-06T11:01:26+09:00	2026-04-06T11:02:11+09:00	10	35	45		0
SRX4419828	ce11	Histone	49095867	submitted	15901431	2026-04-06T11:02:11+09:00							0
SRX4419830	ce11	Histone	43579053	submitted	15901432	2026-04-06T11:02:11+09:00							0
SRX4626826	ce11	TFs and others	13986632	submitted	15901433	2026-04-06T11:02:11+09:00							0
SRX4626827	ce11	TFs and others	10857527	submitted	15901434	2026-04-06T11:02:11+09:00							0
SRX4626828	ce11	TFs and others	13643898	submitted	15901435	2026-04-06T11:02:11+09:00							0
SRX4626829	ce11	TFs and others	11017364	submitted	15901436	2026-04-06T11:02:11+09:00							0
SRX4626830	ce11	TFs and others	13892491	submitted	15901437	2026-04-06T11:02:11+09:00							0
SRX4626831	ce11	TFs and others	9161960	submitted	15901438	2026-04-06T11:02:11+09:00							0
SRX4626832	ce11	TFs and others	18523257	submitted	15901439	2026-04-06T11:02:11+09:00							0
SRX4626833	ce11	TFs and others	13386168	submitted	15901440	2026-04-06T11:02:12+09:00							0
SRX4626834	ce11	TFs and others	15303144	submitted	15901441	2026-04-06T11:02:12+09:00							0
SRX4626835	ce11	TFs and others	12433035	submitted	15901442	2026-04-06T11:02:12+09:00							0
SRX4626836	ce11	TFs and others	16699074	submitted	15901443	2026-04-06T11:02:12+09:00							0
SRX4626837	ce11	TFs and others	12020472	submitted	15901444	2026-04-06T11:02:12+09:00							0
SRX4626838	ce11	TFs and others	17035752	submitted	15901445	2026-04-06T11:02:12+09:00							0
SRX4626839	ce11	TFs and others	12743671	submitted	15901446	2026-04-06T11:02:12+09:00							0
SRX463082	ce11	Histone	8602844	submitted	15901447	2026-04-06T11:02:12+09:00							0
SRX463083	ce11	Histone	27166289	submitted	15901448	2026-04-06T11:02:12+09:00							0
SRX466457	ce11	Histone	21748232	submitted	15901449	2026-04-06T11:02:12+09:00							0
SRX466458	ce11	Histone	34284849	submitted	15901450	2026-04-06T11:02:12+09:00							0
SRX466461	ce11	Histone	24725094	submitted	15901451	2026-04-06T11:02:13+09:00							0
SRX466462	ce11	Histone	18196513	submitted	15901452	2026-04-06T11:02:13+09:00							0
SRX466465	ce11	Histone	6476796	submitted	15901453	2026-04-06T11:02:13+09:00							0
SRX466466	ce11	Histone	11803024	submitted	15901454	2026-04-06T11:02:13+09:00							0
SRX466469	ce11	Histone	38123596	submitted	15901455	2026-04-06T11:02:13+09:00							0
SRX466470	ce11	Histone	3514477	submitted	15901456	2026-04-06T11:02:13+09:00							0
SRX466473	ce11	Histone	10041623	submitted	15901457	2026-04-06T11:02:13+09:00							0
SRX466474	ce11	Histone	16986480	submitted	15901458	2026-04-06T11:02:13+09:00							0
SRX466477	ce11	Histone	10890345	submitted	15901459	2026-04-06T11:02:13+09:00							0
SRX466478	ce11	Histone	24825986	submitted	15901460	2026-04-06T11:02:13+09:00							0
SRX466481	ce11	Histone	19609564	submitted	15901461	2026-04-06T11:02:13+09:00							0
SRX466482	ce11	Histone	13823502	submitted	15901462	2026-04-06T11:02:14+09:00							0
SRX043999	ce11	TFs and others	4797823	running	15899736		2026-04-06T11:02:14+09:00	2026-04-06T11:02:14+09:00					0
SRX043998	ce11	TFs and others	9803146	running	15899735		2026-04-06T11:02:14+09:00	2026-04-06T11:02:14+09:00					0
SRX466485	ce11	Histone	13254411	submitted	15901463	2026-04-06T11:02:14+09:00							0
SRX466486	ce11	Histone	15961902	submitted	15901464	2026-04-06T11:02:14+09:00							0
SRX466489	ce11	Histone	34986228	submitted	15901465	2026-04-06T11:02:14+09:00							0
SRX466490	ce11	Histone	31312856	submitted	15901466	2026-04-06T11:02:14+09:00							0
SRX466493	ce11	Histone	12795015	submitted	15901467	2026-04-06T11:02:14+09:00							0
SRX466494	ce11	Histone	5349280	submitted	15901468	2026-04-06T11:02:14+09:00							0
SRX466497	ce11	Histone	31990085	submitted	15901469	2026-04-06T11:02:14+09:00							0
SRX466498	ce11	Histone	34080196	submitted	15901470	2026-04-06T11:02:14+09:00							0
SRX466501	ce11	Histone	15082416	submitted	15901471	2026-04-06T11:02:14+09:00							0
SRX466502	ce11	Histone	11726087	submitted	15901472	2026-04-06T11:02:14+09:00							0
SRX466505	ce11	Histone	16287635	submitted	15901473	2026-04-06T11:02:15+09:00							0
SRX466506	ce11	Histone	18302243	submitted	15901474	2026-04-06T11:02:15+09:00							0
SRX466509	ce11	Histone	15773092	submitted	15901475	2026-04-06T11:02:15+09:00							0
SRX466510	ce11	Histone	12970684	submitted	15901476	2026-04-06T11:02:15+09:00							0
SRX466513	ce11	Histone	11256944	submitted	15901477	2026-04-06T11:02:15+09:00							0
SRX466514	ce11	Histone	10074435	submitted	15901478	2026-04-06T11:02:15+09:00							0
SRX466517	ce11	Histone	6078767	submitted	15901479	2026-04-06T11:02:15+09:00							0
SRX466518	ce11	Histone	12779464	submitted	15901480	2026-04-06T11:02:15+09:00							0
SRX466521	ce11	Histone	16298836	submitted	15901481	2026-04-06T11:02:15+09:00							0
SRX466522	ce11	Histone	10244663	submitted	15901482	2026-04-06T11:02:15+09:00							0
SRX466525	ce11	Histone	14151570	submitted	15901483	2026-04-06T11:02:15+09:00							0
SRX466526	ce11	Histone	13375373	submitted	15901484	2026-04-06T11:02:16+09:00							0
SRX466529	ce11	Histone	13475705	submitted	15901485	2026-04-06T11:02:16+09:00							0
SRX466530	ce11	Histone	16533626	submitted	15901486	2026-04-06T11:02:16+09:00							0
SRX466533	ce11	Histone	14305495	submitted	15901487	2026-04-06T11:02:16+09:00							0
SRX043873	ce11	RNA polymerase	6195176	done	15899690		2026-04-06T11:00:56+09:00	2026-04-06T11:02:16+09:00	13	67	80		0
SRX466534	ce11	Histone	16090826	submitted	15901488	2026-04-06T11:02:16+09:00							0
SRX466537	ce11	Histone	13465976	submitted	15901489	2026-04-06T11:02:16+09:00							0
SRX466538	ce11	Histone	13807720	submitted	15901490	2026-04-06T11:02:16+09:00							0
SRX466541	ce11	Histone	9182496	submitted	15901491	2026-04-06T11:02:16+09:00							0
SRX466542	ce11	Histone	9402304	submitted	15901492	2026-04-06T11:02:16+09:00							0
SRX466545	ce11	Histone	6591370	submitted	15901493	2026-04-06T11:02:16+09:00							0
SRX466546	ce11	Histone	8486964	submitted	15901494	2026-04-06T11:02:16+09:00							0
SRX466549	ce11	Histone	7637125	submitted	15901495	2026-04-06T11:02:17+09:00							0
SRX466550	ce11	Histone	13183810	submitted	15901496	2026-04-06T11:02:17+09:00							0
SRX466553	ce11	Histone	6508319	submitted	15901497	2026-04-06T11:02:17+09:00							0
SRX466554	ce11	Histone	12255160	submitted	15901498	2026-04-06T11:02:17+09:00							0
SRX466557	ce11	Histone	10739261	submitted	15901499	2026-04-06T11:02:17+09:00							0
SRX466558	ce11	Histone	14156918	submitted	15901500	2026-04-06T11:02:17+09:00							0
SRX466561	ce11	Histone	9124083	submitted	15901501	2026-04-06T11:02:17+09:00							0
SRX466562	ce11	Histone	15485332	submitted	15901502	2026-04-06T11:02:17+09:00							0
SRX466565	ce11	TFs and others	10136067	submitted	15901503	2026-04-06T11:02:17+09:00							0
SRX466566	ce11	TFs and others	14236000	submitted	15901504	2026-04-06T11:02:17+09:00							0
SRX466568	ce11	TFs and others	20261247	submitted	15901505	2026-04-06T11:02:17+09:00							0
SRX466571	ce11	TFs and others	23677270	submitted	15901506	2026-04-06T11:02:18+09:00							0
SRX466572	ce11	TFs and others	25850275	submitted	15901507	2026-04-06T11:02:18+09:00							0
SRX044000	ce11	TFs and others	6981933	running	15899737		2026-04-06T11:02:18+09:00	2026-04-06T11:02:18+09:00					0
SRX466575	ce11	TFs and others	29778468	submitted	15901508	2026-04-06T11:02:18+09:00							0
SRX466576	ce11	TFs and others	22369021	submitted	15901509	2026-04-06T11:02:18+09:00							0
SRX466579	ce11	TFs and others	35457974	submitted	15901510	2026-04-06T11:02:18+09:00							0
SRX466580	ce11	TFs and others	10275943	submitted	15901511	2026-04-06T11:02:18+09:00							0
SRX466583	ce11	TFs and others	23248090	submitted	15901512	2026-04-06T11:02:18+09:00							0
SRX466584	ce11	TFs and others	19796325	submitted	15901513	2026-04-06T11:02:18+09:00							0
SRX466587	ce11	TFs and others	19637039	submitted	15901514	2026-04-06T11:02:18+09:00							0
SRX466588	ce11	TFs and others	8287219	submitted	15901515	2026-04-06T11:02:18+09:00							0
SRX467092	ce11	TFs and others	6478023	submitted	15901516	2026-04-06T11:02:18+09:00							0
SRX467094	ce11	TFs and others	3289633	submitted	15901517	2026-04-06T11:02:18+09:00							0
SRX467177	ce11	TFs and others	8886714	submitted	15901518	2026-04-06T11:02:19+09:00							0
SRX467179	ce11	TFs and others	7588464	submitted	15901519	2026-04-06T11:02:19+09:00							0
SRX494821	ce11	TFs and others	16864948	submitted	15901520	2026-04-06T11:02:19+09:00							0
SRX494822	ce11	TFs and others	16560194	submitted	15901521	2026-04-06T11:02:19+09:00							0
SRX494825	ce11	TFs and others	14341533	submitted	15901522	2026-04-06T11:02:19+09:00							0
SRX494826	ce11	TFs and others	16052001	submitted	15901523	2026-04-06T11:02:19+09:00							0
SRX494830	ce11	TFs and others	28506467	submitted	15901524	2026-04-06T11:02:19+09:00							0
SRX494831	ce11	TFs and others	27717782	submitted	15901525	2026-04-06T11:02:19+09:00							0
SRX494834	ce11	Histone	28363255	submitted	15901526	2026-04-06T11:02:19+09:00							0
SRX494835	ce11	Histone	23497136	submitted	15901527	2026-04-06T11:02:19+09:00							0
SRX494838	ce11	Histone	33596184	submitted	15901528	2026-04-06T11:02:20+09:00							0
SRX494839	ce11	Histone	21381473	submitted	15901529	2026-04-06T11:02:20+09:00							0
SRX494842	ce11	Histone	7317351	submitted	15901530	2026-04-06T11:02:20+09:00							0
SRX043980	ce11	TFs and others	2422483	done	15899717		2026-04-06T11:01:51+09:00	2026-04-06T11:02:20+09:00	7	22	29		0
SRX494843	ce11	Histone	15611842	submitted	15901531	2026-04-06T11:02:20+09:00							0
SRX494846	ce11	Histone	12714648	submitted	15901532	2026-04-06T11:02:20+09:00							0
SRX494847	ce11	Histone	10356561	submitted	15901533	2026-04-06T11:02:20+09:00							0
SRX494850	ce11	Histone	18128454	submitted	15901534	2026-04-06T11:02:20+09:00							0
SRX494851	ce11	Histone	15350886	submitted	15901535	2026-04-06T11:02:20+09:00							0
SRX494854	ce11	Histone	8666051	submitted	15901536	2026-04-06T11:02:20+09:00							0
SRX494855	ce11	Histone	15764051	submitted	15901537	2026-04-06T11:02:20+09:00							0
SRX494858	ce11	Histone	25269306	submitted	15901538	2026-04-06T11:02:20+09:00							0
SRX494859	ce11	Histone	17661015	submitted	15901539	2026-04-06T11:02:20+09:00							0
SRX494861	ce11	TFs and others	21027748	submitted	15901540	2026-04-06T11:02:21+09:00							0
SRX044001	ce11	TFs and others	3951440	running	15899738		2026-04-06T11:02:21+09:00	2026-04-06T11:02:21+09:00					0
SRX494864	ce11	TFs and others	69236731	submitted	15901541	2026-04-06T11:02:21+09:00							0
SRX494867	ce11	TFs and others	25639516	submitted	15901542	2026-04-06T11:02:21+09:00							0
SRX494868	ce11	TFs and others	20687604	submitted	15901543	2026-04-06T11:02:21+09:00							0
SRX494870	ce11	TFs and others	29910991	submitted	15901544	2026-04-06T11:02:21+09:00							0
SRX494873	ce11	TFs and others	13609530	submitted	15901545	2026-04-06T11:02:21+09:00							0
SRX494874	ce11	TFs and others	17698930	submitted	15901546	2026-04-06T11:02:21+09:00							0
SRX494877	ce11	TFs and others	17837914	submitted	15901547	2026-04-06T11:02:21+09:00							0
SRX494880	ce11	TFs and others	22666423	submitted	15901548	2026-04-06T11:02:21+09:00							0
SRX494881	ce11	TFs and others	25924428	submitted	15901549	2026-04-06T11:02:21+09:00							0
SRX494884	ce11	TFs and others	37576402	submitted	15901550	2026-04-06T11:02:21+09:00							0
SRX494885	ce11	TFs and others	27049335	submitted	15901551	2026-04-06T11:02:22+09:00							0
SRX494887	ce11	TFs and others	17172096	submitted	15901552	2026-04-06T11:02:22+09:00							0
SRX494889	ce11	TFs and others	21899585	submitted	15901553	2026-04-06T11:02:22+09:00							0
SRX494892	ce11	TFs and others	14642022	submitted	15901554	2026-04-06T11:02:22+09:00							0
SRX494893	ce11	TFs and others	17571930	submitted	15901555	2026-04-06T11:02:22+09:00							0
SRX494896	ce11	TFs and others	45330527	submitted	15901556	2026-04-06T11:02:22+09:00							0
SRX494897	ce11	TFs and others	19681495	submitted	15901557	2026-04-06T11:02:22+09:00							0
SRX494900	ce11	TFs and others	16259739	submitted	15901558	2026-04-06T11:02:22+09:00							0
SRX043979	ce11	TFs and others	4095660	done	15899716		2026-04-06T11:01:48+09:00	2026-04-06T11:02:22+09:00	11	23	34		0
SRX494901	ce11	TFs and others	14242272	submitted	15901559	2026-04-06T11:02:22+09:00							0
SRX494904	ce11	TFs and others	26790193	submitted	15901560	2026-04-06T11:02:22+09:00							0
SRX494905	ce11	TFs and others	32920832	submitted	15901561	2026-04-06T11:02:22+09:00							0
SRX494908	ce11	TFs and others	44266107	submitted	15901562	2026-04-06T11:02:23+09:00							0
SRX494909	ce11	TFs and others	24216614	submitted	15901563	2026-04-06T11:02:23+09:00							0
SRX494912	ce11	TFs and others	9596946	submitted	15901564	2026-04-06T11:02:23+09:00							0
SRX494913	ce11	TFs and others	29666016	submitted	15901565	2026-04-06T11:02:23+09:00							0
SRX494916	ce11	TFs and others	26877758	submitted	15901566	2026-04-06T11:02:23+09:00							0
SRX494917	ce11	TFs and others	27822469	submitted	15901567	2026-04-06T11:02:23+09:00							0
SRX494920	ce11	TFs and others	36072847	submitted	15901568	2026-04-06T11:02:23+09:00							0
SRX494921	ce11	TFs and others	31980836	submitted	15901569	2026-04-06T11:02:23+09:00							0
SRX494923	ce11	TFs and others	21771760	submitted	15901570	2026-04-06T11:02:23+09:00							0
SRX494926	ce11	TFs and others	33753219	submitted	15901571	2026-04-06T11:02:23+09:00							0
SRX494929	ce11	Histone	26129426	submitted	15901572	2026-04-06T11:02:23+09:00							0
SRX494930	ce11	Histone	23523716	submitted	15901573	2026-04-06T11:02:23+09:00							0
SRX494933	ce11	Histone	23357879	submitted	15901574	2026-04-06T11:02:24+09:00							0
SRX494934	ce11	Histone	26578904	submitted	15901575	2026-04-06T11:02:24+09:00							0
SRX494937	ce11	Histone	27599297	submitted	15901576	2026-04-06T11:02:24+09:00							0
SRX494938	ce11	Histone	24995798	submitted	15901577	2026-04-06T11:02:24+09:00							0
SRX494941	ce11	Histone	26509773	submitted	15901578	2026-04-06T11:02:24+09:00							0
SRX494942	ce11	Histone	22264456	submitted	15901579	2026-04-06T11:02:24+09:00							0
SRX494945	ce11	Histone	27753616	submitted	15901580	2026-04-06T11:02:24+09:00							0
SRX494946	ce11	Histone	30472199	submitted	15901581	2026-04-06T11:02:24+09:00							0
SRX494949	ce11	TFs and others	20769458	submitted	15901582	2026-04-06T11:02:24+09:00							0
SRX494950	ce11	TFs and others	25949020	submitted	15901583	2026-04-06T11:02:24+09:00							0
SRX494952	ce11	TFs and others	33047917	submitted	15901584	2026-04-06T11:02:24+09:00							0
SRX494956	ce11	TFs and others	26663443	submitted	15901585	2026-04-06T11:02:25+09:00							0
SRX044002	ce11	TFs and others	4377247	running	15899739		2026-04-06T11:02:25+09:00	2026-04-06T11:02:25+09:00					0
SRX494957	ce11	TFs and others	17778538	submitted	15901586	2026-04-06T11:02:25+09:00							0
SRX494960	ce11	TFs and others	4465444	submitted	15901587	2026-04-06T11:02:25+09:00							0
SRX494961	ce11	TFs and others	36876981	submitted	15901588	2026-04-06T11:02:25+09:00							0
SRX494964	ce11	TFs and others	6065387	submitted	15901589	2026-04-06T11:02:25+09:00							0
SRX494965	ce11	TFs and others	14251498	submitted	15901590	2026-04-06T11:02:25+09:00							0
SRX043970	ce11	RNA polymerase	2798572	done	15899707		2026-04-06T11:01:31+09:00	2026-04-06T11:02:25+09:00	9	45	54		0
SRX494968	ce11	TFs and others	18432468	submitted	15901591	2026-04-06T11:02:25+09:00							0
SRX494969	ce11	TFs and others	8451937	submitted	15901592	2026-04-06T11:02:25+09:00							0
SRX494972	ce11	TFs and others	26851729	submitted	15901593	2026-04-06T11:02:25+09:00							0
SRX494973	ce11	TFs and others	14762597	submitted	15901594	2026-04-06T11:02:25+09:00							0
SRX494976	ce11	Histone	33054504	submitted	15901595	2026-04-06T11:02:25+09:00							0
SRX494977	ce11	Histone	29285047	submitted	15901596	2026-04-06T11:02:26+09:00							0
SRX494984	ce11	Histone	10015794	submitted	15901597	2026-04-06T11:02:26+09:00							0
SRX494985	ce11	Histone	11592817	submitted	15901598	2026-04-06T11:02:26+09:00							0
SRX494988	ce11	TFs and others	4716670	submitted	15901599	2026-04-06T11:02:26+09:00							0
SRX494989	ce11	TFs and others	13613870	submitted	15901600	2026-04-06T11:02:26+09:00							0
SRX494992	ce11	Histone	11863744	submitted	15901601	2026-04-06T11:02:26+09:00							0
SRX494993	ce11	Histone	13396177	submitted	15901602	2026-04-06T11:02:26+09:00							0
SRX494996	ce11	TFs and others	17534405	submitted	15901603	2026-04-06T11:02:26+09:00							0
SRX044003	ce11	TFs and others	3242196	running	15899740		2026-04-06T11:02:26+09:00	2026-04-06T11:02:26+09:00					0
SRX494999	ce11	TFs and others	15778723	submitted	15901604	2026-04-06T11:02:26+09:00							0
SRX495000	ce11	TFs and others	11715770	submitted	15901605	2026-04-06T11:02:26+09:00							0
SRX495003	ce11	TFs and others	6972845	submitted	15901606	2026-04-06T11:02:26+09:00							0
SRX495004	ce11	TFs and others	19595990	submitted	15901607	2026-04-06T11:02:27+09:00							0
SRX043974	ce11	TFs and others	3398599	done	15899711		2026-04-06T11:01:36+09:00	2026-04-06T11:02:27+09:00	9	42	51		0
SRX495007	ce11	TFs and others	19425966	submitted	15901608	2026-04-06T11:02:27+09:00							0
SRX495008	ce11	TFs and others	16689254	submitted	15901609	2026-04-06T11:02:27+09:00							0
SRX495011	ce11	TFs and others	11801157	submitted	15901610	2026-04-06T11:02:27+09:00							0
SRX495012	ce11	TFs and others	12429446	submitted	15901611	2026-04-06T11:02:27+09:00							0
SRX495015	ce11	TFs and others	15153575	submitted	15901612	2026-04-06T11:02:27+09:00							0
SRX495016	ce11	TFs and others	10976216	submitted	15901613	2026-04-06T11:02:27+09:00							0
SRX495019	ce11	TFs and others	12939172	submitted	15901614	2026-04-06T11:02:27+09:00							0
SRX495020	ce11	TFs and others	19841011	submitted	15901615	2026-04-06T11:02:27+09:00							0
SRX495023	ce11	TFs and others	17440591	submitted	15901616	2026-04-06T11:02:27+09:00							0
SRX495024	ce11	TFs and others	11722131	submitted	15901617	2026-04-06T11:02:27+09:00							0
SRX495027	ce11	Histone	23940762	submitted	15901618	2026-04-06T11:02:28+09:00							0
SRX495028	ce11	Histone	22906742	submitted	15901619	2026-04-06T11:02:28+09:00							0
SRX495031	ce11	Histone	20667922	submitted	15901620	2026-04-06T11:02:28+09:00							0
SRX495032	ce11	Histone	28232537	submitted	15901621	2026-04-06T11:02:28+09:00							0
SRX043983	ce11	TFs and others	2937474	done	15899720		2026-04-06T11:01:51+09:00	2026-04-06T11:02:28+09:00	9	28	37		0
SRX495035	ce11	TFs and others	15485227	submitted	15901622	2026-04-06T11:02:28+09:00							0
SRX043973	ce11	TFs and others	3303542	done	15899710		2026-04-06T11:01:36+09:00	2026-04-06T11:02:28+09:00	21	31	52		0
SRX495036	ce11	TFs and others	12255371	submitted	15901623	2026-04-06T11:02:28+09:00							0
SRX495039	ce11	Histone	19979324	submitted	15901624	2026-04-06T11:02:28+09:00							0
SRX495040	ce11	Histone	23628764	submitted	15901625	2026-04-06T11:02:28+09:00							0
SRX495043	ce11	Histone	24122451	submitted	15901626	2026-04-06T11:02:28+09:00							0
SRX495044	ce11	Histone	27236726	submitted	15901627	2026-04-06T11:02:28+09:00							0
SRX495047	ce11	TFs and others	11756944	submitted	15901628	2026-04-06T11:02:28+09:00							0
SRX495048	ce11	TFs and others	14746480	submitted	15901629	2026-04-06T11:02:28+09:00							0
SRX495051	ce11	TFs and others	13687242	submitted	15901630	2026-04-06T11:02:29+09:00							0
SRX495052	ce11	TFs and others	12195002	submitted	15901631	2026-04-06T11:02:29+09:00							0
SRX495055	ce11	TFs and others	11503630	submitted	15901632	2026-04-06T11:02:29+09:00							0
SRX495056	ce11	TFs and others	17578572	submitted	15901633	2026-04-06T11:02:29+09:00							0
SRX495059	ce11	TFs and others	12994743	submitted	15901634	2026-04-06T11:02:29+09:00							0
SRX495060	ce11	TFs and others	19076562	submitted	15901635	2026-04-06T11:02:29+09:00							0
SRX495063	ce11	TFs and others	14292658	submitted	15901636	2026-04-06T11:02:29+09:00							0
SRX495064	ce11	TFs and others	13404715	submitted	15901637	2026-04-06T11:02:29+09:00							0
SRX495067	ce11	TFs and others	16193431	submitted	15901638	2026-04-06T11:02:29+09:00							0
SRX495068	ce11	TFs and others	13933552	submitted	15901639	2026-04-06T11:02:29+09:00							0
SRX495071	ce11	TFs and others	12966659	submitted	15901640	2026-04-06T11:02:29+09:00							0
SRX495072	ce11	TFs and others	22611426	submitted	15901641	2026-04-06T11:02:30+09:00							0
SRX044004	ce11	TFs and others	4107237	running	15899741		2026-04-06T11:02:30+09:00	2026-04-06T11:02:30+09:00					0
SRX044005	ce11	TFs and others	4031127	running	15899742		2026-04-06T11:02:30+09:00	2026-04-06T11:02:30+09:00					0
SRX044006	ce11	TFs and others	4786851	running	15899743		2026-04-06T11:02:30+09:00	2026-04-06T11:02:30+09:00					0
SRX495075	ce11	TFs and others	12762765	submitted	15901642	2026-04-06T11:02:30+09:00							0
SRX495076	ce11	TFs and others	18930018	submitted	15901643	2026-04-06T11:02:30+09:00							0
SRX495079	ce11	TFs and others	14382334	submitted	15901644	2026-04-06T11:02:30+09:00							0
SRX495080	ce11	TFs and others	13181807	submitted	15901645	2026-04-06T11:02:30+09:00							0
SRX495083	ce11	TFs and others	7257325	submitted	15901646	2026-04-06T11:02:30+09:00							0
SRX495084	ce11	TFs and others	13226623	submitted	15901647	2026-04-06T11:02:30+09:00							0
SRX495087	ce11	TFs and others	9571582	submitted	15901648	2026-04-06T11:02:30+09:00							0
SRX495088	ce11	TFs and others	13944143	submitted	15901649	2026-04-06T11:02:30+09:00							0
SRX043966	ce11	RNA polymerase	3599010	done	15899703		2026-04-06T11:01:24+09:00	2026-04-06T11:02:30+09:00	10	56	66		0
SRX495091	ce11	TFs and others	6747970	submitted	15901650	2026-04-06T11:02:30+09:00							0
SRX495092	ce11	TFs and others	11245765	submitted	15901651	2026-04-06T11:02:31+09:00							0
SRX495095	ce11	TFs and others	8157797	submitted	15901652	2026-04-06T11:02:31+09:00							0
SRX495096	ce11	TFs and others	26190925	submitted	15901653	2026-04-06T11:02:31+09:00							0
SRX495099	ce11	TFs and others	17890390	submitted	15901654	2026-04-06T11:02:31+09:00							0
SRX495100	ce11	TFs and others	9064871	submitted	15901655	2026-04-06T11:02:31+09:00							0
SRX495103	ce11	TFs and others	14545777	submitted	15901656	2026-04-06T11:02:31+09:00							0
SRX495104	ce11	TFs and others	13968794	submitted	15901657	2026-04-06T11:02:31+09:00							0
SRX495107	ce11	Histone	25622332	submitted	15901658	2026-04-06T11:02:31+09:00							0
SRX495108	ce11	Histone	28380011	submitted	15901659	2026-04-06T11:02:31+09:00							0
SRX495115	ce11	TFs and others	30872377	submitted	15901660	2026-04-06T11:02:31+09:00							0
SRX495116	ce11	TFs and others	21028668	submitted	15901661	2026-04-06T11:02:31+09:00							0
SRX495119	ce11	RNA polymerase	8982852	submitted	15901662	2026-04-06T11:02:32+09:00							0
SRX495120	ce11	RNA polymerase	19824579	submitted	15901663	2026-04-06T11:02:32+09:00							0
SRX495122	ce11	TFs and others	22015477	submitted	15901664	2026-04-06T11:02:32+09:00							0
SRX495124	ce11	TFs and others	24225155	submitted	15901665	2026-04-06T11:02:32+09:00							0
SRX4996803	ce11	TFs and others	21341230	submitted	15901666	2026-04-06T11:02:32+09:00							0
SRX043976	ce11	TFs and others	2875667	done	15899713		2026-04-06T11:01:39+09:00	2026-04-06T11:02:32+09:00	10	43	53		0
SRX4996804	ce11	TFs and others	15747489	submitted	15901667	2026-04-06T11:02:32+09:00							0
SRX4996805	ce11	TFs and others	13986985	submitted	15901668	2026-04-06T11:02:32+09:00							0
SRX4996806	ce11	TFs and others	18937560	submitted	15901669	2026-04-06T11:02:32+09:00							0
SRX4996807	ce11	TFs and others	20945035	submitted	15901670	2026-04-06T11:02:32+09:00							0
SRX4996808	ce11	TFs and others	16457303	submitted	15901671	2026-04-06T11:02:32+09:00							0
SRX4996809	ce11	TFs and others	24332188	submitted	15901672	2026-04-06T11:02:32+09:00							0
SRX4996810	ce11	TFs and others	16829782	submitted	15901673	2026-04-06T11:02:33+09:00							0
SRX044007	ce11	TFs and others	3061161	running	15899744		2026-04-06T11:02:33+09:00	2026-04-06T11:02:33+09:00					0
SRX044008	ce11	TFs and others	4291179	running	15899745		2026-04-06T11:02:33+09:00	2026-04-06T11:02:33+09:00					0
SRX4996811	ce11	TFs and others	17088064	submitted	15901674	2026-04-06T11:02:33+09:00							0
SRX5020695	ce11	Histone	3720668	submitted	15901675	2026-04-06T11:02:33+09:00							0
SRX5020696	ce11	Histone	10581396	submitted	15901676	2026-04-06T11:02:33+09:00							0
SRX5020697	ce11	Histone	9275499	submitted	15901677	2026-04-06T11:02:33+09:00							0
SRX5020698	ce11	Histone	5534775	submitted	15901678	2026-04-06T11:02:33+09:00							0
SRX5020699	ce11	Histone	5774466	submitted	15901679	2026-04-06T11:02:33+09:00							0
SRX043965	ce11	RNA polymerase	3926903	done	15899702		2026-04-06T11:01:24+09:00	2026-04-06T11:02:33+09:00	12	57	69		0
SRX5020700	ce11	Histone	5251918	submitted	15901680	2026-04-06T11:02:33+09:00							0
SRX5020701	ce11	Histone	6284938	submitted	15901681	2026-04-06T11:02:33+09:00							0
SRX5020702	ce11	Histone	5738369	submitted	15901682	2026-04-06T11:02:33+09:00							0
SRX043969	ce11	RNA polymerase	3528845	done	15899706		2026-04-06T11:01:31+09:00	2026-04-06T11:02:34+09:00	10	52	62		0
SRX5020703	ce11	Histone	5275699	submitted	15901683	2026-04-06T11:02:34+09:00							0
SRX5020704	ce11	Histone	5511544	submitted	15901684	2026-04-06T11:02:34+09:00							0
SRX5020705	ce11	Histone	9986477	submitted	15901685	2026-04-06T11:02:34+09:00							0
SRX5020706	ce11	Histone	9748012	submitted	15901686	2026-04-06T11:02:34+09:00							0
SRX5020707	ce11	Histone	6012668	submitted	15901687	2026-04-06T11:02:34+09:00							0
SRX5020708	ce11	Histone	6891148	submitted	15901688	2026-04-06T11:02:34+09:00							0
SRX5020709	ce11	Histone	6701837	submitted	15901689	2026-04-06T11:02:34+09:00							0
SRX5020710	ce11	Histone	7106634	submitted	15901690	2026-04-06T11:02:34+09:00							0
SRX5020711	ce11	Histone	3793630	submitted	15901691	2026-04-06T11:02:34+09:00							0
SRX5020712	ce11	Histone	4768734	submitted	15901692	2026-04-06T11:02:34+09:00							0
SRX5020713	ce11	Histone	8760716	submitted	15901693	2026-04-06T11:02:34+09:00							0
SRX5020714	ce11	Histone	10412425	submitted	15901694	2026-04-06T11:02:35+09:00							0
SRX5020715	ce11	Histone	10825090	submitted	15901695	2026-04-06T11:02:35+09:00							0
SRX5020716	ce11	Histone	7171554	submitted	15901696	2026-04-06T11:02:35+09:00							0
SRX5020717	ce11	Histone	8587074	submitted	15901697	2026-04-06T11:02:35+09:00							0
SRX5020718	ce11	Histone	8528916	submitted	15901698	2026-04-06T11:02:35+09:00							0
SRX5020719	ce11	Histone	10680337	submitted	15901699	2026-04-06T11:02:35+09:00							0
SRX5020720	ce11	Histone	9608336	submitted	15901700	2026-04-06T11:02:35+09:00							0
SRX5020721	ce11	Histone	7880897	submitted	15901701	2026-04-06T11:02:35+09:00							0
SRX5020722	ce11	Histone	19352427	submitted	15901702	2026-04-06T11:02:35+09:00							0
SRX5020723	ce11	Histone	20125724	submitted	15901703	2026-04-06T11:02:35+09:00							0
SRX5020724	ce11	Histone	4862714	submitted	15901704	2026-04-06T11:02:35+09:00							0
SRX5020725	ce11	Histone	18323763	submitted	15901705	2026-04-06T11:02:36+09:00							0
SRX5020726	ce11	Histone	8359926	submitted	15901706	2026-04-06T11:02:36+09:00							0
SRX5020727	ce11	Histone	5756432	submitted	15901707	2026-04-06T11:02:36+09:00							0
SRX5020728	ce11	Histone	15967421	submitted	15901708	2026-04-06T11:02:36+09:00							0
SRX5020729	ce11	Histone	7616058	submitted	15901709	2026-04-06T11:02:36+09:00							0
SRX5020730	ce11	Histone	11566894	submitted	15901710	2026-04-06T11:02:36+09:00							0
SRX5020731	ce11	Histone	6799530	submitted	15901711	2026-04-06T11:02:36+09:00							0
SRX5020732	ce11	Histone	5721404	submitted	15901712	2026-04-06T11:02:36+09:00							0
SRX5020733	ce11	Histone	15813823	submitted	15901713	2026-04-06T11:02:36+09:00							0
SRX5020734	ce11	Histone	7997890	submitted	15901714	2026-04-06T11:02:36+09:00							0
SRX043963	ce11	RNA polymerase	4549636	done	15899700		2026-04-06T11:01:19+09:00	2026-04-06T11:02:37+09:00	15	62	77		0
SRX5020735	ce11	Histone	10810147	submitted	15901715	2026-04-06T11:02:37+09:00							0
SRX044010	ce11	TFs and others	5285403	running	15899747		2026-04-06T11:02:37+09:00	2026-04-06T11:02:37+09:00					0
SRX044009	ce11	TFs and others	5195866	running	15899746		2026-04-06T11:02:37+09:00	2026-04-06T11:02:37+09:00					0
SRX5020736	ce11	Histone	6921054	submitted	15901716	2026-04-06T11:02:37+09:00							0
SRX5020737	ce11	Histone	5533233	submitted	15901717	2026-04-06T11:02:37+09:00							0
SRX5020738	ce11	Histone	5742321	submitted	15901718	2026-04-06T11:02:37+09:00							0
SRX5020739	ce11	Histone	4222456	submitted	15901719	2026-04-06T11:02:37+09:00							0
SRX5020740	ce11	Histone	4768014	submitted	15901720	2026-04-06T11:02:37+09:00							0
SRX5020741	ce11	Histone	14683017	submitted	15901721	2026-04-06T11:02:37+09:00							0
SRX5020742	ce11	Histone	13993764	submitted	15901722	2026-04-06T11:02:37+09:00							0
SRX5020743	ce11	Histone	21494488	submitted	15901723	2026-04-06T11:02:37+09:00							0
SRX5020744	ce11	Histone	20115882	submitted	15901724	2026-04-06T11:02:37+09:00							0
SRX5020745	ce11	Histone	11435544	submitted	15901725	2026-04-06T11:02:38+09:00							0
SRX5020746	ce11	Histone	7084482	submitted	15901726	2026-04-06T11:02:38+09:00							0
SRX5020747	ce11	Histone	18065351	submitted	15901727	2026-04-06T11:02:38+09:00							0
SRX5020748	ce11	Histone	5927314	submitted	15901728	2026-04-06T11:02:38+09:00							0
SRX5020749	ce11	Histone	5568148	submitted	15901729	2026-04-06T11:02:38+09:00							0
SRX5020750	ce11	Histone	27817518	submitted	15901730	2026-04-06T11:02:38+09:00							0
SRX5020751	ce11	Histone	8621262	submitted	15901731	2026-04-06T11:02:38+09:00							0
SRX5020752	ce11	Histone	7405531	submitted	15901732	2026-04-06T11:02:38+09:00							0
SRX5020755	ce11	Histone	4428898	submitted	15901733	2026-04-06T11:02:38+09:00							0
SRX5020756	ce11	Histone	5187616	submitted	15901734	2026-04-06T11:02:38+09:00							0
SRX027098	ce11	TFs and others	10435718	done	15899657		2026-04-06T10:59:58+09:00	2026-04-06T11:02:38+09:00	0	160	160		0
SRX5020757	ce11	Histone	1447683	submitted	15901735	2026-04-06T11:02:38+09:00							0
SRX5020758	ce11	Histone	6143335	submitted	15901736	2026-04-06T11:02:39+09:00							0
SRX044012	ce11	TFs and others	3021900	running	15899749		2026-04-06T11:02:39+09:00	2026-04-06T11:02:39+09:00					0
SRX044011	ce11	TFs and others	1068726	running	15899748		2026-04-06T11:02:39+09:00	2026-04-06T11:02:39+09:00					0
SRX5020759	ce11	TFs and others	33697049	submitted	15901737	2026-04-06T11:02:39+09:00							0
SRX5020760	ce11	TFs and others	20732212	submitted	15901738	2026-04-06T11:02:39+09:00							0
SRX5020761	ce11	TFs and others	15276123	submitted	15901739	2026-04-06T11:02:39+09:00							0
SRX5020762	ce11	TFs and others	12014281	submitted	15901740	2026-04-06T11:02:39+09:00							0
SRX5020763	ce11	TFs and others	14563646	submitted	15901741	2026-04-06T11:02:39+09:00							0
SRX5020764	ce11	TFs and others	16732587	submitted	15901742	2026-04-06T11:02:39+09:00							0
SRX5020765	ce11	RNA polymerase	15513693	submitted	15901743	2026-04-06T11:02:39+09:00							0
SRX5020766	ce11	RNA polymerase	8348211	submitted	15901744	2026-04-06T11:02:39+09:00							0
SRX5020767	ce11	RNA polymerase	24711238	submitted	15901745	2026-04-06T11:02:39+09:00							0
SRX5020768	ce11	RNA polymerase	12685473	submitted	15901746	2026-04-06T11:02:39+09:00							0
SRX5020769	ce11	RNA polymerase	18036313	submitted	15901747	2026-04-06T11:02:40+09:00							0
SRX5020770	ce11	RNA polymerase	13436168	submitted	15901748	2026-04-06T11:02:40+09:00							0
SRX5020771	ce11	TFs and others	9839031	submitted	15901749	2026-04-06T11:02:40+09:00							0
SRX5020772	ce11	TFs and others	10840451	submitted	15901750	2026-04-06T11:02:40+09:00							0
SRX5020773	ce11	TFs and others	15153575	submitted	15901751	2026-04-06T11:02:40+09:00							0
SRX5020774	ce11	TFs and others	20230030	submitted	15901752	2026-04-06T11:02:40+09:00							0
SRX5020775	ce11	TFs and others	19467594	submitted	15901753	2026-04-06T11:02:40+09:00							0
SRX5020776	ce11	TFs and others	4268679	submitted	15901754	2026-04-06T11:02:40+09:00							0
SRX5020777	ce11	TFs and others	14229397	submitted	15901755	2026-04-06T11:02:40+09:00							0
SRX5020778	ce11	TFs and others	5270968	submitted	15901756	2026-04-06T11:02:40+09:00							0
SRX043968	ce11	RNA polymerase	4103691	done	15899705		2026-04-06T11:01:27+09:00	2026-04-06T11:02:40+09:00	10	63	73		0
SRX5020779	ce11	TFs and others	6066125	submitted	15901757	2026-04-06T11:02:41+09:00							0
SRX5020780	ce11	TFs and others	7062296	submitted	15901758	2026-04-06T11:02:41+09:00							0
SRX5020781	ce11	TFs and others	7886536	submitted	15901759	2026-04-06T11:02:41+09:00							0
SRX5020782	ce11	TFs and others	6376353	submitted	15901760	2026-04-06T11:02:41+09:00							0
SRX5020783	ce11	TFs and others	6972757	submitted	15901761	2026-04-06T11:02:41+09:00							0
SRX5020784	ce11	TFs and others	17029652	submitted	15901762	2026-04-06T11:02:41+09:00							0
SRX5020785	ce11	TFs and others	15728448	submitted	15901763	2026-04-06T11:02:41+09:00							0
SRX5020786	ce11	TFs and others	7467832	submitted	15901764	2026-04-06T11:02:41+09:00							0
SRX5020787	ce11	TFs and others	17082672	submitted	15901765	2026-04-06T11:02:41+09:00							0
SRX5020788	ce11	TFs and others	13151464	submitted	15901766	2026-04-06T11:02:41+09:00							0
SRX5020789	ce11	TFs and others	5328821	submitted	15901767	2026-04-06T11:02:42+09:00							0
SRX5020790	ce11	TFs and others	5515691	submitted	15901768	2026-04-06T11:02:42+09:00							0
SRX044013	ce11	TFs and others	1894556	running	15899750		2026-04-06T11:02:42+09:00	2026-04-06T11:02:42+09:00					0
SRX5020791	ce11	TFs and others	5640309	submitted	15901770	2026-04-06T11:02:42+09:00							0
SRX5020792	ce11	Histone	10164035	submitted	15901771	2026-04-06T11:02:42+09:00							0
SRX5020793	ce11	Histone	7236232	submitted	15901772	2026-04-06T11:02:42+09:00							0
SRX5020794	ce11	Histone	11496496	submitted	15901773	2026-04-06T11:02:42+09:00							0
SRX5020795	ce11	Histone	10236006	submitted	15901774	2026-04-06T11:02:42+09:00							0
SRX5064640	ce11	Histone	27259598	submitted	15901775	2026-04-06T11:02:42+09:00							0
SRX5064642	ce11	Histone	16090837	submitted	15901776	2026-04-06T11:02:42+09:00							0
SRX5073497	ce11	TFs and others	25794530	submitted	15901777	2026-04-06T11:02:42+09:00							0
SRX5073498	ce11	TFs and others	25177705	submitted	15901778	2026-04-06T11:02:42+09:00							0
SRX5073499	ce11	TFs and others	27409706	submitted	15901779	2026-04-06T11:02:43+09:00							0
SRX5073500	ce11	TFs and others	25496409	submitted	15901780	2026-04-06T11:02:43+09:00							0
SRX5099382	ce11	TFs and others	28295179	submitted	15901781	2026-04-06T11:02:43+09:00							0
SRX5099383	ce11	TFs and others	50653557	submitted	15901782	2026-04-06T11:02:43+09:00							0
SRX514567	ce11	Histone	5046407	submitted	15901783	2026-04-06T11:02:43+09:00							0
SRX514568	ce11	Histone	5096702	submitted	15901784	2026-04-06T11:02:43+09:00							0
SRX514727	ce11	Histone	7071736	submitted	15901785	2026-04-06T11:02:43+09:00							0
SRX514729	ce11	Histone	4104181	submitted	15901786	2026-04-06T11:02:43+09:00							0
SRX515120	ce11	TFs and others	5139276	submitted	15901787	2026-04-06T11:02:43+09:00							0
SRX515121	ce11	TFs and others	2955703	submitted	15901788	2026-04-06T11:02:43+09:00							0
SRX529208	ce11	Histone	19141045	submitted	15901789	2026-04-06T11:02:44+09:00							0
SRX529209	ce11	Histone	20333805	submitted	15901790	2026-04-06T11:02:44+09:00							0
SRX529212	ce11	Histone	23070060	submitted	15901791	2026-04-06T11:02:44+09:00							0
SRX529213	ce11	Histone	19253374	submitted	15901792	2026-04-06T11:02:44+09:00							0
SRX529216	ce11	TFs and others	14099125	submitted	15901793	2026-04-06T11:02:44+09:00							0
SRX529217	ce11	TFs and others	13002342	submitted	15901794	2026-04-06T11:02:44+09:00							0
SRX529220	ce11	TFs and others	27642393	submitted	15901795	2026-04-06T11:02:44+09:00							0
SRX529221	ce11	TFs and others	26022245	submitted	15901796	2026-04-06T11:02:44+09:00							0
SRX529224	ce11	Histone	8711649	submitted	15901797	2026-04-06T11:02:44+09:00							0
SRX529225	ce11	Histone	20038036	submitted	15901798	2026-04-06T11:02:44+09:00							0
SRX027211	ce11	Histone	16264926	done	15899659		2026-04-06T10:59:58+09:00	2026-04-06T11:02:44+09:00	49	117	166		0
SRX529228	ce11	Histone	14054183	submitted	15901799	2026-04-06T11:02:45+09:00							0
SRX529229	ce11	Histone	10874584	submitted	15901800	2026-04-06T11:02:45+09:00							0
SRX044014	ce11	TFs and others	4416551	running	15899751		2026-04-06T11:02:45+09:00	2026-04-06T11:02:45+09:00					0
SRX5402697	ce11	Histone	30711065	submitted	15901801	2026-04-06T11:02:45+09:00							0
SRX5402698	ce11	Histone	25974752	submitted	15901802	2026-04-06T11:02:45+09:00							0
SRX5402699	ce11	Histone	32338477	submitted	15901803	2026-04-06T11:02:45+09:00							0
SRX5402700	ce11	Histone	27481793	submitted	15901804	2026-04-06T11:02:45+09:00							0
SRX5402701	ce11	Histone	25786876	submitted	15901805	2026-04-06T11:02:45+09:00							0
SRX5402702	ce11	Histone	24621924	submitted	15901806	2026-04-06T11:02:45+09:00							0
SRX5402703	ce11	Histone	20392638	submitted	15901807	2026-04-06T11:02:45+09:00							0
SRX5402704	ce11	Histone	19023518	submitted	15901808	2026-04-06T11:02:45+09:00							0
SRX5402705	ce11	Histone	35957579	submitted	15901809	2026-04-06T11:02:45+09:00							0
SRX5402706	ce11	Histone	24297646	submitted	15901810	2026-04-06T11:02:46+09:00							0
SRX5402707	ce11	Histone	42455837	submitted	15901811	2026-04-06T11:02:46+09:00							0
SRX5402708	ce11	Histone	33352250	submitted	15901812	2026-04-06T11:02:46+09:00							0
SRX5402709	ce11	Histone	40110722	submitted	15901813	2026-04-06T11:02:46+09:00							0
SRX5402710	ce11	Histone	25497184	submitted	15901814	2026-04-06T11:02:46+09:00							0
SRX5402711	ce11	Histone	34531212	submitted	15901815	2026-04-06T11:02:46+09:00							0
SRX5402712	ce11	Histone	20399108	submitted	15901816	2026-04-06T11:02:46+09:00							0
SRX5402713	ce11	Histone	30087212	submitted	15901817	2026-04-06T11:02:46+09:00							0
SRX5402714	ce11	Histone	30585176	submitted	15901818	2026-04-06T11:02:46+09:00							0
SRX5402715	ce11	Histone	32668453	submitted	15901819	2026-04-06T11:02:46+09:00							0
SRX5402716	ce11	Histone	34323165	submitted	15901820	2026-04-06T11:02:47+09:00							0
SRX5402717	ce11	Histone	24869622	submitted	15901821	2026-04-06T11:02:47+09:00							0
SRX5402718	ce11	Histone	38462838	submitted	15901822	2026-04-06T11:02:47+09:00							0
SRX5402719	ce11	Histone	7963731	submitted	15901823	2026-04-06T11:02:47+09:00							0
SRX5402720	ce11	Histone	42267115	submitted	15901824	2026-04-06T11:02:47+09:00							0
SRX5402721	ce11	Histone	21718754	submitted	15901825	2026-04-06T11:02:47+09:00							0
SRX5402722	ce11	Histone	11328065	submitted	15901826	2026-04-06T11:02:47+09:00							0
SRX5402723	ce11	Histone	5092384	submitted	15901827	2026-04-06T11:02:47+09:00							0
SRX5402724	ce11	Histone	23857285	submitted	15901828	2026-04-06T11:02:47+09:00							0
SRX5402725	ce11	Histone	31177070	submitted	15901829	2026-04-06T11:02:47+09:00							0
SRX5402726	ce11	Histone	4541733	submitted	15901830	2026-04-06T11:02:48+09:00							0
SRX5402727	ce11	Histone	5713630	submitted	15901831	2026-04-06T11:02:48+09:00							0
SRX5402728	ce11	Histone	23847839	submitted	15901832	2026-04-06T11:02:48+09:00							0
SRX003824	ce11	RNA polymerase	14069076	done	15899630		2026-04-06T10:59:56+09:00	2026-04-06T11:02:48+09:00	28	143	171		0
SRX5402729	ce11	Histone	3253636	submitted	15901833	2026-04-06T11:02:48+09:00							0
SRX5402730	ce11	Histone	24353821	submitted	15901834	2026-04-06T11:02:48+09:00							0
SRX5402731	ce11	Histone	31280312	submitted	15901835	2026-04-06T11:02:48+09:00							0
SRX5402732	ce11	Histone	6768843	submitted	15901836	2026-04-06T11:02:48+09:00							0
SRX5402733	ce11	Histone	6980982	submitted	15901837	2026-04-06T11:02:48+09:00							0
SRX5402734	ce11	Histone	21536063	submitted	15901838	2026-04-06T11:02:48+09:00							0
SRX5402735	ce11	Histone	3488323	submitted	15901839	2026-04-06T11:02:48+09:00							0
SRX5402736	ce11	Histone	22553583	submitted	15901840	2026-04-06T11:02:48+09:00							0
SRX5402737	ce11	Histone	20679782	submitted	15901841	2026-04-06T11:02:49+09:00							0
SRX5402738	ce11	Histone	8227271	submitted	15901842	2026-04-06T11:02:49+09:00							0
SRX5402739	ce11	Histone	41191721	submitted	15901843	2026-04-06T11:02:49+09:00							0
SRX5402740	ce11	Histone	29950235	submitted	15901844	2026-04-06T11:02:49+09:00							0
SRX5402741	ce11	Histone	32344770	submitted	15901845	2026-04-06T11:02:49+09:00							0
SRX5402742	ce11	Histone	18678904	submitted	15901846	2026-04-06T11:02:49+09:00							0
SRX5402743	ce11	Histone	23575875	submitted	15901847	2026-04-06T11:02:49+09:00							0
SRX5402744	ce11	Histone	49034372	submitted	15901848	2026-04-06T11:02:49+09:00							0
SRX5402745	ce11	Histone	35003294	submitted	15901849	2026-04-06T11:02:49+09:00							0
SRX5402746	ce11	Histone	29913010	submitted	15901850	2026-04-06T11:02:49+09:00							0
SRX5402747	ce11	Histone	32212115	submitted	15901851	2026-04-06T11:02:50+09:00							0
SRX5402748	ce11	Histone	36790196	submitted	15901852	2026-04-06T11:02:50+09:00							0
SRX5402749	ce11	Histone	25026804	submitted	15901853	2026-04-06T11:02:50+09:00							0
SRX5402750	ce11	Histone	45111121	submitted	15901854	2026-04-06T11:02:50+09:00							0
SRX5402751	ce11	Histone	30897440	submitted	15901855	2026-04-06T11:02:50+09:00							0
SRX5402752	ce11	Histone	35077861	submitted	15901856	2026-04-06T11:02:50+09:00							0
SRX5402753	ce11	Histone	61657199	submitted	15901857	2026-04-06T11:02:50+09:00							0
SRX5402754	ce11	Histone	25740955	submitted	15901858	2026-04-06T11:02:50+09:00							0
SRX5545237	ce11	TFs and others	89419961	submitted	15901859	2026-04-06T11:02:50+09:00							0
SRX5545238	ce11	TFs and others	86239849	submitted	15901860	2026-04-06T11:02:50+09:00							0
SRX5545240	ce11	TFs and others	75473212	submitted	15901861	2026-04-06T11:02:51+09:00							0
SRX044015	ce11	TFs and others	4109787	running	15899752		2026-04-06T11:02:51+09:00	2026-04-06T11:02:51+09:00					0
SRX5545241	ce11	TFs and others	93004377	submitted	15901862	2026-04-06T11:02:51+09:00							0
SRX043993	ce11	TFs and others	4165583	done	15899730		2026-04-06T11:02:04+09:00	2026-04-06T11:02:51+09:00	9	38	47		0
SRX5545243	ce11	TFs and others	85576422	submitted	15901863	2026-04-06T11:02:51+09:00							0
SRX5545244	ce11	TFs and others	90606086	submitted	15901864	2026-04-06T11:02:51+09:00							0
SRX5545246	ce11	TFs and others	43368755	submitted	15901865	2026-04-06T11:02:51+09:00							0
SRX554716	ce11	RNA polymerase	1972973	submitted	15901866	2026-04-06T11:02:51+09:00							0
SRX554717	ce11	RNA polymerase	2717950	submitted	15901867	2026-04-06T11:02:51+09:00							0
SRX554718	ce11	RNA polymerase	1931063	submitted	15901868	2026-04-06T11:02:51+09:00							0
SRX554720	ce11	RNA polymerase	1829269	submitted	15901869	2026-04-06T11:02:51+09:00							0
SRX554721	ce11	RNA polymerase	6355171	submitted	15901870	2026-04-06T11:02:51+09:00							0
SRX554722	ce11	RNA polymerase	2981950	submitted	15901871	2026-04-06T11:02:52+09:00							0
SRX554723	ce11	Histone	1510696	submitted	15901872	2026-04-06T11:02:52+09:00							0
SRX554724	ce11	Histone	8252117	submitted	15901873	2026-04-06T11:02:52+09:00							0
SRX554734	ce11	Histone	7539884	submitted	15901874	2026-04-06T11:02:52+09:00							0
SRX554735	ce11	RNA polymerase	11146393	submitted	15901875	2026-04-06T11:02:52+09:00							0
SRX560681	ce11	TFs and others	5798539	submitted	15901876	2026-04-06T11:02:52+09:00							0
SRX560682	ce11	TFs and others	8772844	submitted	15901877	2026-04-06T11:02:52+09:00							0
SRX560683	ce11	TFs and others	4904548	submitted	15901878	2026-04-06T11:02:52+09:00							0
SRX5709762	ce11	TFs and others	27392700	submitted	15901879	2026-04-06T11:02:52+09:00							0
SRX5709763	ce11	TFs and others	27893567	submitted	15901880	2026-04-06T11:02:52+09:00							0
SRX5709764	ce11	TFs and others	25014296	submitted	15901881	2026-04-06T11:02:52+09:00							0
SRX5709768	ce11	TFs and others	30203719	submitted	15901882	2026-04-06T11:02:53+09:00							0
SRX5709769	ce11	TFs and others	32921676	submitted	15901883	2026-04-06T11:02:53+09:00							0
SRX5709770	ce11	TFs and others	28106398	submitted	15901884	2026-04-06T11:02:53+09:00							0
SRX5729148	ce11	Histone	11313276	submitted	15901885	2026-04-06T11:02:53+09:00							0
SRX5729149	ce11	Histone	10378315	submitted	15901886	2026-04-06T11:02:53+09:00							0
SRX5729150	ce11	Histone	12029672	submitted	15901887	2026-04-06T11:02:53+09:00							0
SRX5985664	ce11	Histone	17075468	submitted	15901888	2026-04-06T11:02:54+09:00							0
SRX043977	ce11	TFs and others	4078616	done	15899714		2026-04-06T11:01:39+09:00	2026-04-06T11:02:54+09:00	12	63	75		0
SRX5985666	ce11	Histone	19842184	submitted	15901889	2026-04-06T11:02:54+09:00							0
SRX5985668	ce11	Histone	20010084	submitted	15901890	2026-04-06T11:02:54+09:00							0
SRX5985670	ce11	Histone	29916745	submitted	15901891	2026-04-06T11:02:54+09:00							0
SRX5985672	ce11	Histone	21089109	submitted	15901892	2026-04-06T11:02:54+09:00							0
SRX5985674	ce11	Histone	19194338	submitted	15901893	2026-04-06T11:02:54+09:00							0
SRX5985676	ce11	Histone	52868835	submitted	15901894	2026-04-06T11:02:54+09:00							0
SRX5985678	ce11	Histone	32897127	submitted	15901895	2026-04-06T11:02:54+09:00							0
SRX657409	ce11	TFs and others	14817259	submitted	15901896	2026-04-06T11:02:54+09:00							0
SRX657411	ce11	TFs and others	13371138	submitted	15901897	2026-04-06T11:02:54+09:00							0
SRX6717193	ce11	TFs and others	46196347	submitted	15901898	2026-04-06T11:02:55+09:00							0
SRX043971	ce11	TFs and others	4294421	done	15899708		2026-04-06T11:01:31+09:00	2026-04-06T11:02:55+09:00	13	70	83		0
SRX044017	ce11	TFs and others	5399491	running	15899754		2026-04-06T11:02:55+09:00	2026-04-06T11:02:55+09:00					0
SRX044016	ce11	TFs and others	3180686	running	15899753		2026-04-06T11:02:55+09:00	2026-04-06T11:02:55+09:00					0
SRX6717195	ce11	TFs and others	46393877	submitted	15901899	2026-04-06T11:02:55+09:00							0
SRX6717197	ce11	TFs and others	52724146	submitted	15901900	2026-04-06T11:02:55+09:00							0
SRX6717199	ce11	TFs and others	45160511	submitted	15901901	2026-04-06T11:02:55+09:00							0
SRX6717201	ce11	TFs and others	8115321	submitted	15901902	2026-04-06T11:02:55+09:00							0
SRX6717203	ce11	TFs and others	9518144	submitted	15901903	2026-04-06T11:02:55+09:00							0
SRX6717205	ce11	TFs and others	16001701	submitted	15901904	2026-04-06T11:02:55+09:00							0
SRX044000	ce11	TFs and others	6981933	done	15899737		2026-04-06T11:02:18+09:00	2026-04-06T11:02:55+09:00	9	28	37		0
SRX6717207	ce11	TFs and others	8560036	submitted	15901905	2026-04-06T11:02:55+09:00							0
SRX6717209	ce11	TFs and others	13059725	submitted	15901906	2026-04-06T11:02:55+09:00							0
SRX6717211	ce11	TFs and others	14177019	submitted	15901907	2026-04-06T11:02:55+09:00							0
SRX6717213	ce11	TFs and others	18347061	submitted	15901908	2026-04-06T11:02:56+09:00							0
SRX6717215	ce11	TFs and others	11552583	submitted	15901909	2026-04-06T11:02:56+09:00							0
SRX6799182	ce11	Histone	28244193	submitted	15901910	2026-04-06T11:02:56+09:00							0
SRX6799183	ce11	Histone	36690704	submitted	15901911	2026-04-06T11:02:56+09:00							0
SRX6799184	ce11	Histone	37933523	submitted	15901912	2026-04-06T11:02:56+09:00							0
SRX6799185	ce11	Histone	34054065	submitted	15901913	2026-04-06T11:02:56+09:00							0
SRX043978	ce11	TFs and others	4078616	done	15899715		2026-04-06T11:01:42+09:00	2026-04-06T11:02:56+09:00	12	62	74		0
SRX6799186	ce11	Histone	35279189	submitted	15901914	2026-04-06T11:02:56+09:00							0
SRX044021	ce11	TFs and others	14244415	running	15899756		2026-04-06T11:02:56+09:00	2026-04-06T11:02:56+09:00					0
SRX044018	ce11	TFs and others	5072408	running	15899755		2026-04-06T11:02:56+09:00	2026-04-06T11:02:56+09:00					0
SRX044022	ce11	TFs and others	11454976	running	15899758		2026-04-06T11:02:56+09:00	2026-04-06T11:02:56+09:00					0
SRX6799187	ce11	Histone	38150350	submitted	15901916	2026-04-06T11:02:56+09:00							0
SRX6799188	ce11	Histone	36477308	submitted	15901917	2026-04-06T11:02:56+09:00							0
SRX6799189	ce11	Histone	42139643	submitted	15901918	2026-04-06T11:02:57+09:00							0
SRX6799190	ce11	Histone	34174635	submitted	15901919	2026-04-06T11:02:57+09:00							0
SRX6799191	ce11	Histone	38761251	submitted	15901920	2026-04-06T11:02:57+09:00							0
SRX6799192	ce11	Histone	34221432	submitted	15901921	2026-04-06T11:02:57+09:00							0
SRX6799193	ce11	Histone	37378121	submitted	15901922	2026-04-06T11:02:57+09:00							0
SRX7175088	ce11	TFs and others	26256039	submitted	15901923	2026-04-06T11:02:57+09:00							0
SRX7202519	ce11	Histone	14989187	submitted	15901924	2026-04-06T11:02:57+09:00							0
SRX7202520	ce11	Histone	16495713	submitted	15901925	2026-04-06T11:02:57+09:00							0
SRX7202522	ce11	Histone	21068003	submitted	15901926	2026-04-06T11:02:57+09:00							0
SRX7202523	ce11	Histone	14261675	submitted	15901927	2026-04-06T11:02:57+09:00							0
SRX7202524	ce11	Histone	14692078	submitted	15901928	2026-04-06T11:02:58+09:00							0
SRX7202525	ce11	Histone	17091793	submitted	15901929	2026-04-06T11:02:58+09:00							0
SRX7217782	ce11	TFs and others	8636342	submitted	15901930	2026-04-06T11:02:58+09:00							0
SRX043975	ce11	TFs and others	4302276	done	15899712		2026-04-06T11:01:39+09:00	2026-04-06T11:02:58+09:00	11	68	79		0
SRX7217783	ce11	TFs and others	8500222	submitted	15901931	2026-04-06T11:02:58+09:00							0
SRX7217784	ce11	TFs and others	8765041	submitted	15901932	2026-04-06T11:02:58+09:00							0
SRX7217785	ce11	TFs and others	7038331	submitted	15901933	2026-04-06T11:02:58+09:00							0
SRX7217790	ce11	TFs and others	8389572	submitted	15901934	2026-04-06T11:02:58+09:00							0
SRX7217791	ce11	TFs and others	7395069	submitted	15901935	2026-04-06T11:02:58+09:00							0
SRX7217792	ce11	TFs and others	8412168	submitted	15901936	2026-04-06T11:02:58+09:00							0
SRX7217793	ce11	TFs and others	9509995	submitted	15901937	2026-04-06T11:02:58+09:00							0
SRX7246255	ce11	ATAC-Seq	17805098	submitted	15901938	2026-04-06T11:02:58+09:00							0
SRX7246256	ce11	ATAC-Seq	30844847	submitted	15901939	2026-04-06T11:02:59+09:00							0
SRX7246257	ce11	ATAC-Seq	40258548	submitted	15901940	2026-04-06T11:02:59+09:00							0
SRX7246258	ce11	ATAC-Seq	25617132	submitted	15901941	2026-04-06T11:02:59+09:00							0
SRX7246259	ce11	ATAC-Seq	12346232	submitted	15901942	2026-04-06T11:02:59+09:00							0
SRX7246260	ce11	ATAC-Seq	55460313	submitted	15901943	2026-04-06T11:02:59+09:00							0
SRX043984	ce11	TFs and others	3793195	done	15899721		2026-04-06T11:01:54+09:00	2026-04-06T11:02:59+09:00	12	53	65		0
SRX7246261	ce11	ATAC-Seq	15451154	submitted	15901944	2026-04-06T11:02:59+09:00							0
SRX7246262	ce11	ATAC-Seq	20949365	submitted	15901945	2026-04-06T11:02:59+09:00							0
SRX7246263	ce11	ATAC-Seq	16826488	submitted	15901946	2026-04-06T11:02:59+09:00							0
SRX7246264	ce11	ATAC-Seq	28784975	submitted	15901947	2026-04-06T11:02:59+09:00							0
SRX7246265	ce11	ATAC-Seq	10732604	submitted	15901948	2026-04-06T11:02:59+09:00							0
SRX7246266	ce11	ATAC-Seq	32073993	submitted	15901949	2026-04-06T11:03:00+09:00							0
SRX044024	ce11	TFs and others	8501634	running	15899760		2026-04-06T11:03:00+09:00	2026-04-06T11:03:00+09:00					0
SRX044023	ce11	TFs and others	28993063	running	15899759		2026-04-06T11:03:00+09:00	2026-04-06T11:03:00+09:00					0
SRX7246267	ce11	ATAC-Seq	11752793	submitted	15901950	2026-04-06T11:03:00+09:00							0
SRX7246268	ce11	ATAC-Seq	34161503	submitted	15901951	2026-04-06T11:03:00+09:00							0
SRX7246269	ce11	ATAC-Seq	23264534	submitted	15901952	2026-04-06T11:03:00+09:00							0
SRX7246270	ce11	ATAC-Seq	19727431	submitted	15901953	2026-04-06T11:03:00+09:00							0
SRX7246271	ce11	ATAC-Seq	27744099	submitted	15901954	2026-04-06T11:03:00+09:00							0
SRX7246272	ce11	ATAC-Seq	13018833	submitted	15901955	2026-04-06T11:03:00+09:00							0
SRX7246273	ce11	ATAC-Seq	33208398	submitted	15901956	2026-04-06T11:03:00+09:00							0
SRX7246274	ce11	ATAC-Seq	97814500	submitted	15901957	2026-04-06T11:03:00+09:00							0
SRX7246275	ce11	ATAC-Seq	2955970	submitted	15901958	2026-04-06T11:03:00+09:00							0
SRX7246276	ce11	ATAC-Seq	15616360	submitted	15901959	2026-04-06T11:03:01+09:00							0
SRX043880	ce11	RNA polymerase	7075959	done	15899697		2026-04-06T11:01:10+09:00	2026-04-06T11:03:01+09:00	14	96	110		0
SRX7246277	ce11	ATAC-Seq	25034886	submitted	15901960	2026-04-06T11:03:01+09:00							0
SRX7262192	ce11	Histone	10020192	submitted	15901961	2026-04-06T11:03:01+09:00							0
SRX7262193	ce11	Histone	10852432	submitted	15901962	2026-04-06T11:03:01+09:00							0
SRX7262194	ce11	Histone	9435488	submitted	15901963	2026-04-06T11:03:01+09:00							0
SRX7262195	ce11	Histone	6518497	submitted	15901964	2026-04-06T11:03:01+09:00							0
SRX7262197	ce11	Histone	9157221	submitted	15901965	2026-04-06T11:03:01+09:00							0
SRX7262198	ce11	Histone	5997165	submitted	15901966	2026-04-06T11:03:01+09:00							0
SRX7262199	ce11	Histone	6646167	submitted	15901967	2026-04-06T11:03:01+09:00							0
SRX7262200	ce11	Histone	4163318	submitted	15901968	2026-04-06T11:03:01+09:00							0
SRX7262201	ce11	Histone	3444666	submitted	15901969	2026-04-06T11:03:02+09:00							0
SRX7262205	ce11	Histone	5583079	submitted	15901970	2026-04-06T11:03:02+09:00							0
SRX043991	ce11	TFs and others	5006120	done	15899728		2026-04-06T11:02:01+09:00	2026-04-06T11:03:02+09:00	9	52	61		0
SRX7262206	ce11	Histone	3581888	submitted	15901971	2026-04-06T11:03:02+09:00							0
SRX7262207	ce11	Histone	6370948	submitted	15901972	2026-04-06T11:03:02+09:00							0
SRX7262208	ce11	Histone	7180962	submitted	15901973	2026-04-06T11:03:02+09:00							0
SRX7262209	ce11	Histone	7708268	submitted	15901974	2026-04-06T11:03:02+09:00							0
SRX7262210	ce11	Histone	3655434	submitted	15901975	2026-04-06T11:03:02+09:00							0
SRX7262211	ce11	Histone	10280426	submitted	15901976	2026-04-06T11:03:02+09:00							0
SRX7262212	ce11	Histone	14003105	submitted	15901977	2026-04-06T11:03:02+09:00							0
SRX7262213	ce11	Histone	15261138	submitted	15901978	2026-04-06T11:03:02+09:00							0
SRX7262214	ce11	Histone	13314924	submitted	15901979	2026-04-06T11:03:03+09:00							0
SRX043996	ce11	TFs and others	2863365	done	15899733		2026-04-06T11:02:11+09:00	2026-04-06T11:03:03+09:00	9	42	51		0
SRX054205	ce11	TFs and others	5395132	running	15899761		2026-04-06T11:03:03+09:00	2026-04-06T11:03:03+09:00					0
SRX054206	ce11	TFs and others	6132744	running	15899762		2026-04-06T11:03:03+09:00	2026-04-06T11:03:03+09:00					0
SRX7262215	ce11	Histone	9247400	submitted	15901980	2026-04-06T11:03:03+09:00							0
SRX7262216	ce11	Histone	5872918	submitted	15901981	2026-04-06T11:03:03+09:00							0
SRX7262217	ce11	Histone	5940876	submitted	15901982	2026-04-06T11:03:03+09:00							0
SRX7262218	ce11	Histone	8695122	submitted	15901983	2026-04-06T11:03:03+09:00							0
SRX7262219	ce11	Histone	4913051	submitted	15901984	2026-04-06T11:03:03+09:00							0
SRX043988	ce11	TFs and others	4379799	done	15899725		2026-04-06T11:01:56+09:00	2026-04-06T11:03:03+09:00	12	55	67		0
SRX7262221	ce11	Histone	17986801	submitted	15901985	2026-04-06T11:03:03+09:00							0
SRX7262222	ce11	Histone	8270184	submitted	15901986	2026-04-06T11:03:03+09:00							0
SRX7262223	ce11	Histone	4361308	submitted	15901987	2026-04-06T11:03:03+09:00							0
SRX7262224	ce11	Histone	6821424	submitted	15901988	2026-04-06T11:03:03+09:00							0
SRX7262226	ce11	Histone	1462729	submitted	15901989	2026-04-06T11:03:04+09:00							0
SRX7262227	ce11	Histone	6929800	submitted	15901990	2026-04-06T11:03:04+09:00							0
SRX7262228	ce11	Histone	3651845	submitted	15901991	2026-04-06T11:03:04+09:00							0
SRX7262229	ce11	Histone	2849153	submitted	15901992	2026-04-06T11:03:04+09:00							0
SRX7262230	ce11	Histone	5401926	submitted	15901993	2026-04-06T11:03:04+09:00							0
SRX7262231	ce11	Histone	2717461	submitted	15901994	2026-04-06T11:03:04+09:00							0
SRX7262233	ce11	Histone	3996761	submitted	15901995	2026-04-06T11:03:04+09:00							0
SRX7262234	ce11	Histone	7613748	submitted	15901996	2026-04-06T11:03:04+09:00							0
SRX7262235	ce11	Histone	1909720	submitted	15901997	2026-04-06T11:03:04+09:00							0
SRX7262236	ce11	Histone	7595899	submitted	15901998	2026-04-06T11:03:04+09:00							0
SRX7262237	ce11	Histone	3823058	submitted	15901999	2026-04-06T11:03:05+09:00							0
SRX7262239	ce11	Histone	4289752	submitted	15902000	2026-04-06T11:03:05+09:00							0
SRX7262240	ce11	Histone	4267483	submitted	15902001	2026-04-06T11:03:05+09:00							0
SRX7262241	ce11	Histone	10001083	submitted	15902002	2026-04-06T11:03:05+09:00							0
SRX7262242	ce11	Histone	2274836	submitted	15902003	2026-04-06T11:03:05+09:00							0
SRX743640	ce11	Histone	15677259	submitted	15902004	2026-04-06T11:03:05+09:00							0
SRX743641	ce11	Histone	13719552	submitted	15902005	2026-04-06T11:03:05+09:00							0
SRX743642	ce11	Histone	8858052	submitted	15902006	2026-04-06T11:03:05+09:00							0
SRX743643	ce11	Histone	15651666	submitted	15902007	2026-04-06T11:03:05+09:00							0
SRX743644	ce11	Histone	12110512	submitted	15902008	2026-04-06T11:03:05+09:00							0
SRX743645	ce11	Histone	14452524	submitted	15902009	2026-04-06T11:03:06+09:00							0
SRX054208	ce11	TFs and others	857311	running	15899764		2026-04-06T11:03:06+09:00	2026-04-06T11:03:06+09:00					0
SRX054207	ce11	TFs and others	4220063	running	15899763		2026-04-06T11:03:06+09:00	2026-04-06T11:03:06+09:00					0
SRX743646	ce11	Histone	8671434	submitted	15902010	2026-04-06T11:03:06+09:00							0
SRX743647	ce11	Histone	10087884	submitted	15902011	2026-04-06T11:03:06+09:00							0
SRX743648	ce11	Histone	8392596	submitted	15902012	2026-04-06T11:03:06+09:00							0
SRX743649	ce11	Histone	8999820	submitted	15902013	2026-04-06T11:03:06+09:00							0
SRX743650	ce11	Histone	14530482	submitted	15902014	2026-04-06T11:03:06+09:00							0
SRX743651	ce11	Histone	10326979	submitted	15902015	2026-04-06T11:03:06+09:00							0
SRX747295	ce11	Histone	16180346	submitted	15902016	2026-04-06T11:03:06+09:00							0
SRX747296	ce11	Histone	16294611	submitted	15902017	2026-04-06T11:03:06+09:00							0
SRX747297	ce11	Histone	11035931	submitted	15902018	2026-04-06T11:03:06+09:00							0
SRX747298	ce11	Histone	14616230	submitted	15902019	2026-04-06T11:03:07+09:00							0
SRX747299	ce11	Histone	16538802	submitted	15902020	2026-04-06T11:03:07+09:00							0
SRX747300	ce11	Histone	59934228	submitted	15902021	2026-04-06T11:03:07+09:00							0
SRX747301	ce11	Histone	28914131	submitted	15902022	2026-04-06T11:03:07+09:00							0
SRX747302	ce11	Histone	21338534	submitted	15902023	2026-04-06T11:03:07+09:00							0
SRX747303	ce11	Histone	27367092	submitted	15902024	2026-04-06T11:03:07+09:00							0
SRX747304	ce11	Histone	23980098	submitted	15902025	2026-04-06T11:03:07+09:00							0
SRX747305	ce11	Histone	21320771	submitted	15902026	2026-04-06T11:03:07+09:00							0
SRX747306	ce11	Histone	24755999	submitted	15902027	2026-04-06T11:03:07+09:00							0
SRX7505498	ce11	TFs and others	8993763	submitted	15902028	2026-04-06T11:03:07+09:00							0
SRX7574649	ce11	Histone	21934311	submitted	15902029	2026-04-06T11:03:08+09:00							0
SRX7574650	ce11	Histone	23613829	submitted	15902030	2026-04-06T11:03:08+09:00							0
SRX7574651	ce11	Histone	23870270	submitted	15902031	2026-04-06T11:03:08+09:00							0
SRX7574652	ce11	Histone	29603116	submitted	15902032	2026-04-06T11:03:08+09:00							0
SRX7627551	ce11	TFs and others	5666473	submitted	15902033	2026-04-06T11:03:08+09:00							0
SRX7627552	ce11	TFs and others	5781099	submitted	15902034	2026-04-06T11:03:08+09:00							0
SRX7627553	ce11	TFs and others	3682205	submitted	15902035	2026-04-06T11:03:08+09:00							0
SRX7627594	ce11	TFs and others	29918182	submitted	15902036	2026-04-06T11:03:08+09:00							0
SRX7627595	ce11	TFs and others	13642872	submitted	15902037	2026-04-06T11:03:08+09:00							0
SRX7627596	ce11	TFs and others	13561672	submitted	15902038	2026-04-06T11:03:08+09:00							0
SRX7635313	ce11	TFs and others	14232699	submitted	15902039	2026-04-06T11:03:09+09:00							0
SRX044011	ce11	TFs and others	1068726	done	15899748		2026-04-06T11:02:39+09:00	2026-04-06T11:03:09+09:00	7	23	30		0
SRX7635314	ce11	TFs and others	11433374	submitted	15902040	2026-04-06T11:03:09+09:00							0
SRX7665442	ce11	TFs and others	16767433	submitted	15902041	2026-04-06T11:03:09+09:00							0
SRX7665443	ce11	TFs and others	14610558	submitted	15902042	2026-04-06T11:03:09+09:00							0
SRX7665444	ce11	TFs and others	15470898	submitted	15902043	2026-04-06T11:03:09+09:00							0
SRX7665445	ce11	TFs and others	5291123	submitted	15902044	2026-04-06T11:03:09+09:00							0
SRX7665446	ce11	TFs and others	31310001	submitted	15902045	2026-04-06T11:03:09+09:00							0
SRX7665447	ce11	TFs and others	6716566	submitted	15902046	2026-04-06T11:03:09+09:00							0
SRX7665448	ce11	TFs and others	18104969	submitted	15902047	2026-04-06T11:03:09+09:00							0
SRX7665449	ce11	TFs and others	10974271	submitted	15902048	2026-04-06T11:03:10+09:00							0
SRX7665450	ce11	TFs and others	14213636	submitted	15902049	2026-04-06T11:03:10+09:00							0
SRX7665451	ce11	TFs and others	31920556	submitted	15902050	2026-04-06T11:03:10+09:00							0
SRX7665452	ce11	TFs and others	7779842	submitted	15902051	2026-04-06T11:03:10+09:00							0
SRX7665453	ce11	TFs and others	21141764	submitted	15902052	2026-04-06T11:03:10+09:00							0
SRX7687144	ce11	ATAC-Seq	27010582	submitted	15902053	2026-04-06T11:03:10+09:00							0
SRX7687145	ce11	ATAC-Seq	30139182	submitted	15902054	2026-04-06T11:03:10+09:00							0
SRX7687146	ce11	ATAC-Seq	39746363	submitted	15902055	2026-04-06T11:03:10+09:00							0
SRX7687147	ce11	ATAC-Seq	27191206	submitted	15902056	2026-04-06T11:03:10+09:00							0
SRX7687148	ce11	ATAC-Seq	25143065	submitted	15902057	2026-04-06T11:03:10+09:00							0
SRX7687149	ce11	ATAC-Seq	27642635	submitted	15902058	2026-04-06T11:03:11+09:00							0
SRX7687150	ce11	ATAC-Seq	29736773	submitted	15902059	2026-04-06T11:03:11+09:00							0
SRX7687151	ce11	ATAC-Seq	32752234	submitted	15902060	2026-04-06T11:03:11+09:00							0
SRX7687152	ce11	ATAC-Seq	30680231	submitted	15902061	2026-04-06T11:03:11+09:00							0
SRX7687153	ce11	ATAC-Seq	27001433	submitted	15902062	2026-04-06T11:03:11+09:00							0
SRX7687154	ce11	ATAC-Seq	22511278	submitted	15902063	2026-04-06T11:03:11+09:00							0
SRX7687155	ce11	ATAC-Seq	26612955	submitted	15902064	2026-04-06T11:03:11+09:00							0
SRX7756572	ce11	TFs and others	20228470	submitted	15902065	2026-04-06T11:03:11+09:00							0
SRX7756574	ce11	TFs and others	17628417	submitted	15902066	2026-04-06T11:03:11+09:00							0
SRX043997	ce11	TFs and others	6342158	done	15899734		2026-04-06T11:02:11+09:00	2026-04-06T11:03:11+09:00	9	51	60		0
SRX7879251	ce11	Histone	41940504	submitted	15902067	2026-04-06T11:03:11+09:00							0
SRX7879252	ce11	Histone	60530886	submitted	15902068	2026-04-06T11:03:12+09:00							0
SRX7879253	ce11	Histone	45228743	submitted	15902069	2026-04-06T11:03:12+09:00							0
SRX7879254	ce11	Histone	42721018	submitted	15902070	2026-04-06T11:03:12+09:00							0
SRX7879255	ce11	Histone	42913454	submitted	15902071	2026-04-06T11:03:12+09:00							0
SRX7879256	ce11	Histone	40235808	submitted	15902072	2026-04-06T11:03:12+09:00							0
SRX7879257	ce11	Histone	44815642	submitted	15902073	2026-04-06T11:03:12+09:00							0
SRX7879258	ce11	Histone	39732741	submitted	15902074	2026-04-06T11:03:12+09:00							0
SRX7879262	ce11	TFs and others	32553506	submitted	15902075	2026-04-06T11:03:12+09:00							0
SRX7879263	ce11	TFs and others	34859115	submitted	15902076	2026-04-06T11:03:12+09:00							0
SRX7879264	ce11	TFs and others	30577070	submitted	15902077	2026-04-06T11:03:12+09:00							0
SRX7879265	ce11	TFs and others	31270331	submitted	15902078	2026-04-06T11:03:13+09:00							0
SRX054209	ce11	TFs and others	4918197	running	15899765		2026-04-06T11:03:13+09:00	2026-04-06T11:03:13+09:00					0
SRX054210	ce11	TFs and others	2182021	running	15899766		2026-04-06T11:03:13+09:00	2026-04-06T11:03:13+09:00					0
SRX7879266	ce11	TFs and others	28254245	submitted	15902079	2026-04-06T11:03:13+09:00							0
SRX7879267	ce11	TFs and others	29956757	submitted	15902080	2026-04-06T11:03:13+09:00							0
SRX794054	ce11	TFs and others	39688560	submitted	15902081	2026-04-06T11:03:13+09:00							0
SRX796306	ce11	TFs and others	36895783	submitted	15902082	2026-04-06T11:03:13+09:00							0
SRX7971790	ce11	Histone	26073825	submitted	15902083	2026-04-06T11:03:13+09:00							0
SRX7971791	ce11	Histone	26952738	submitted	15902084	2026-04-06T11:03:13+09:00							0
SRX7971792	ce11	Histone	27891436	submitted	15902085	2026-04-06T11:03:13+09:00							0
SRX7971793	ce11	Histone	24304532	submitted	15902086	2026-04-06T11:03:13+09:00							0
SRX7971794	ce11	Histone	21768229	submitted	15902087	2026-04-06T11:03:13+09:00							0
SRX7971795	ce11	Histone	24463817	submitted	15902088	2026-04-06T11:03:14+09:00							0
SRX7971796	ce11	Histone	24827639	submitted	15902089	2026-04-06T11:03:14+09:00							0
SRX7971797	ce11	Histone	23425507	submitted	15902090	2026-04-06T11:03:14+09:00							0
SRX7971802	ce11	Histone	32221758	submitted	15902091	2026-04-06T11:03:14+09:00							0
SRX7971803	ce11	Histone	40364270	submitted	15902092	2026-04-06T11:03:14+09:00							0
SRX7971804	ce11	Histone	20409844	submitted	15902093	2026-04-06T11:03:14+09:00							0
SRX7971805	ce11	Histone	32524259	submitted	15902094	2026-04-06T11:03:14+09:00							0
SRX7971806	ce11	Histone	41470633	submitted	15902095	2026-04-06T11:03:14+09:00							0
SRX7971807	ce11	Histone	28017931	submitted	15902096	2026-04-06T11:03:14+09:00							0
SRX7971808	ce11	Histone	49428249	submitted	15902097	2026-04-06T11:03:14+09:00							0
SRX7971809	ce11	Histone	27314673	submitted	15902099	2026-04-06T11:03:15+09:00							0
SRX8331145	ce11	Histone	10743677	submitted	15902100	2026-04-06T11:03:15+09:00							0
SRX8331146	ce11	Histone	15578265	submitted	15902101	2026-04-06T11:03:15+09:00							0
SRX8331149	ce11	Histone	24714189	submitted	15902102	2026-04-06T11:03:15+09:00							0
SRX8331150	ce11	Histone	11289977	submitted	15902103	2026-04-06T11:03:15+09:00							0
SRX8331153	ce11	Histone	10720309	submitted	15902104	2026-04-06T11:03:15+09:00							0
SRX8331154	ce11	Histone	7625281	submitted	15902105	2026-04-06T11:03:15+09:00							0
SRX8331157	ce11	Histone	31107446	submitted	15902106	2026-04-06T11:03:15+09:00							0
SRX8331158	ce11	Histone	11882389	submitted	15902107	2026-04-06T11:03:15+09:00							0
SRX8331161	ce11	Histone	27925295	submitted	15902108	2026-04-06T11:03:16+09:00							0
SRX8331162	ce11	Histone	34618852	submitted	15902109	2026-04-06T11:03:16+09:00							0
SRX8331164	ce11	Histone	22929440	submitted	15902110	2026-04-06T11:03:16+09:00							0
SRX8392417	ce11	TFs and others	8367369	submitted	15902111	2026-04-06T11:03:16+09:00							0
SRX8392418	ce11	TFs and others	8304521	submitted	15902112	2026-04-06T11:03:16+09:00							0
SRX8392419	ce11	TFs and others	8473861	submitted	15902113	2026-04-06T11:03:16+09:00							0
SRX8392420	ce11	TFs and others	8332701	submitted	15902114	2026-04-06T11:03:16+09:00							0
SRX8392427	ce11	TFs and others	7324400	submitted	15902115	2026-04-06T11:03:16+09:00							0
SRX8392428	ce11	TFs and others	1769208	submitted	15902116	2026-04-06T11:03:16+09:00							0
SRX8392429	ce11	TFs and others	8002944	submitted	15902117	2026-04-06T11:03:16+09:00							0
SRX8392430	ce11	TFs and others	7482444	submitted	15902118	2026-04-06T11:03:17+09:00							0
SRX8392431	ce11	TFs and others	10228115	submitted	15902119	2026-04-06T11:03:17+09:00							0
SRX8392432	ce11	TFs and others	7913909	submitted	15902120	2026-04-06T11:03:17+09:00							0
SRX8832063	ce11	Histone	32508562	submitted	15902121	2026-04-06T11:03:17+09:00							0
SRX8832064	ce11	Histone	28425778	submitted	15902122	2026-04-06T11:03:17+09:00							0
SRX8832065	ce11	Histone	20163291	submitted	15902123	2026-04-06T11:03:17+09:00							0
SRX8832066	ce11	Histone	20583358	submitted	15902124	2026-04-06T11:03:17+09:00							0
SRX8832067	ce11	Histone	15544248	submitted	15902125	2026-04-06T11:03:17+09:00							0
SRX8832068	ce11	Histone	15364166	submitted	15902126	2026-04-06T11:03:17+09:00							0
SRX8832069	ce11	Histone	14729232	submitted	15902127	2026-04-06T11:03:17+09:00							0
SRX8832070	ce11	Histone	13358170	submitted	15902128	2026-04-06T11:03:18+09:00							0
SRX8832071	ce11	Histone	15379429	submitted	15902129	2026-04-06T11:03:18+09:00							0
SRX8832072	ce11	Histone	16427403	submitted	15902130	2026-04-06T11:03:18+09:00							0
SRX8832073	ce11	Histone	18990401	submitted	15902131	2026-04-06T11:03:18+09:00							0
SRX8832074	ce11	Histone	12283396	submitted	15902132	2026-04-06T11:03:18+09:00							0
SRX8832075	ce11	Histone	13179853	submitted	15902133	2026-04-06T11:03:18+09:00							0
SRX8832076	ce11	Histone	8640764	submitted	15902134	2026-04-06T11:03:18+09:00							0
SRX043981	ce11	TFs and others	4793412	done	15899718		2026-04-06T11:01:51+09:00	2026-04-06T11:03:18+09:00	10	77	87		0
SRX8832077	ce11	Histone	15577553	submitted	15902135	2026-04-06T11:03:18+09:00							0
SRX8832078	ce11	Histone	20915804	submitted	15902136	2026-04-06T11:03:18+09:00							0
SRX8832079	ce11	TFs and others	15447502	submitted	15902137	2026-04-06T11:03:19+09:00							0
SRX8832080	ce11	TFs and others	13036679	submitted	15902138	2026-04-06T11:03:19+09:00							0
SRX8832081	ce11	TFs and others	13350384	submitted	15902139	2026-04-06T11:03:19+09:00							0
SRX8832082	ce11	TFs and others	8896687	submitted	15902140	2026-04-06T11:03:19+09:00							0
SRX8832083	ce11	TFs and others	14539728	submitted	15902141	2026-04-06T11:03:19+09:00							0
SRX044007	ce11	TFs and others	3061161	done	15899744		2026-04-06T11:02:33+09:00	2026-04-06T11:03:19+09:00	9	37	46		0
SRX8832084	ce11	TFs and others	10512220	submitted	15902142	2026-04-06T11:03:19+09:00							0
SRX043992	ce11	TFs and others	6877445	done	15899729		2026-04-06T11:02:04+09:00	2026-04-06T11:03:19+09:00	10	65	75		0
SRX8832085	ce11	TFs and others	21461172	submitted	15902143	2026-04-06T11:03:19+09:00							0
SRX8832086	ce11	TFs and others	11817326	submitted	15902144	2026-04-06T11:03:19+09:00							0
SRX8832087	ce11	TFs and others	10611046	submitted	15902145	2026-04-06T11:03:19+09:00							0
SRX8832088	ce11	TFs and others	12306543	submitted	15902146	2026-04-06T11:03:19+09:00							0
SRX8832089	ce11	TFs and others	19742564	submitted	15902147	2026-04-06T11:03:20+09:00							0
SRX8832090	ce11	TFs and others	19789477	submitted	15902148	2026-04-06T11:03:20+09:00							0
SRX8832091	ce11	TFs and others	31748053	submitted	15902149	2026-04-06T11:03:20+09:00							0
SRX8832092	ce11	TFs and others	31385532	submitted	15902150	2026-04-06T11:03:20+09:00							0
SRX8832093	ce11	TFs and others	22250857	submitted	15902151	2026-04-06T11:03:20+09:00							0
SRX8832094	ce11	TFs and others	15511694	submitted	15902152	2026-04-06T11:03:20+09:00							0
SRX8832095	ce11	TFs and others	12619188	submitted	15902153	2026-04-06T11:03:20+09:00							0
SRX8832096	ce11	TFs and others	10882888	submitted	15902154	2026-04-06T11:03:20+09:00							0
SRX8832097	ce11	TFs and others	10019332	submitted	15902155	2026-04-06T11:03:20+09:00							0
SRX8832098	ce11	TFs and others	7752974	submitted	15902156	2026-04-06T11:03:20+09:00							0
SRX8832099	ce11	TFs and others	17513053	submitted	15902157	2026-04-06T11:03:21+09:00							0
SRX054248	ce11	TFs and others	2689326	running	15899768		2026-04-06T11:03:21+09:00	2026-04-06T11:03:21+09:00					0
SRX054249	ce11	TFs and others	1817076	running	15899769		2026-04-06T11:03:21+09:00	2026-04-06T11:03:21+09:00					0
SRX054211	ce11	TFs and others	3671631	running	15899767		2026-04-06T11:03:21+09:00	2026-04-06T11:03:21+09:00					0
SRX8832100	ce11	TFs and others	18824022	submitted	15902158	2026-04-06T11:03:21+09:00							0
SRX8832101	ce11	TFs and others	20187825	submitted	15902159	2026-04-06T11:03:21+09:00							0
SRX8832102	ce11	TFs and others	18464781	submitted	15902160	2026-04-06T11:03:21+09:00							0
SRX8832103	ce11	TFs and others	14101553	submitted	15902161	2026-04-06T11:03:21+09:00							0
SRX8832104	ce11	TFs and others	18341985	submitted	15902162	2026-04-06T11:03:21+09:00							0
SRX8832105	ce11	TFs and others	6997969	submitted	15902163	2026-04-06T11:03:21+09:00							0
SRX8832106	ce11	TFs and others	13247927	submitted	15902164	2026-04-06T11:03:21+09:00							0
SRX8832107	ce11	TFs and others	17053745	submitted	15902165	2026-04-06T11:03:21+09:00							0
SRX043985	ce11	TFs and others	6024710	done	15899722		2026-04-06T11:01:54+09:00	2026-04-06T11:03:21+09:00	17	70	87		0
SRX8832108	ce11	TFs and others	17070129	submitted	15902166	2026-04-06T11:03:22+09:00							0
SRX8832109	ce11	TFs and others	16589313	submitted	15902167	2026-04-06T11:03:22+09:00							0
SRX8832110	ce11	TFs and others	19166326	submitted	15902168	2026-04-06T11:03:22+09:00							0
SRX8832111	ce11	TFs and others	11077363	submitted	15902169	2026-04-06T11:03:22+09:00							0
SRX8832112	ce11	TFs and others	17679744	submitted	15902170	2026-04-06T11:03:22+09:00							0
SRX8845620	ce11	ATAC-Seq	6930381	submitted	15902171	2026-04-06T11:03:22+09:00							0
SRX8845621	ce11	ATAC-Seq	8944770	submitted	15902172	2026-04-06T11:03:22+09:00							0
SRX8845622	ce11	ATAC-Seq	8906104	submitted	15902173	2026-04-06T11:03:22+09:00							0
SRX8845623	ce11	ATAC-Seq	6657807	submitted	15902174	2026-04-06T11:03:22+09:00							0
SRX8845624	ce11	ATAC-Seq	7267510	submitted	15902175	2026-04-06T11:03:22+09:00							0
SRX8845625	ce11	ATAC-Seq	7505545	submitted	15902176	2026-04-06T11:03:23+09:00							0
SRX8845626	ce11	ATAC-Seq	6465964	submitted	15902177	2026-04-06T11:03:23+09:00							0
SRX8845627	ce11	ATAC-Seq	7092227	submitted	15902178	2026-04-06T11:03:23+09:00							0
SRX8845628	ce11	ATAC-Seq	6488747	submitted	15902179	2026-04-06T11:03:23+09:00							0
SRX8845629	ce11	ATAC-Seq	10128985	submitted	15902180	2026-04-06T11:03:23+09:00							0
SRX8845630	ce11	ATAC-Seq	12775934	submitted	15902181	2026-04-06T11:03:23+09:00							0
SRX043990	ce11	TFs and others	2703485	done	15899727		2026-04-06T11:02:01+09:00	2026-04-06T11:03:23+09:00	41	41	82		0
SRX8845637	ce11	ATAC-Seq	46179915	submitted	15902182	2026-04-06T11:03:23+09:00							0
SRX8845638	ce11	ATAC-Seq	48875734	submitted	15902183	2026-04-06T11:03:23+09:00							0
SRX8845639	ce11	ATAC-Seq	36993552	submitted	15902184	2026-04-06T11:03:23+09:00							0
SRX8845640	ce11	ATAC-Seq	39938522	submitted	15902185	2026-04-06T11:03:23+09:00							0
SRX8845641	ce11	ATAC-Seq	38664348	submitted	15902186	2026-04-06T11:03:24+09:00							0
SRX054251	ce11	TFs and others	3852108	running	15899771		2026-04-06T11:03:24+09:00	2026-04-06T11:03:24+09:00					0
SRX054250	ce11	TFs and others	5712711	running	15899770		2026-04-06T11:03:24+09:00	2026-04-06T11:03:24+09:00					0
SRX8845642	ce11	ATAC-Seq	49704642	submitted	15902187	2026-04-06T11:03:24+09:00							0
SRX8845643	ce11	ATAC-Seq	34620754	submitted	15902188	2026-04-06T11:03:24+09:00							0
SRX8845644	ce11	ATAC-Seq	32516998	submitted	15902189	2026-04-06T11:03:24+09:00							0
SRX8845645	ce11	ATAC-Seq	29668815	submitted	15902190	2026-04-06T11:03:24+09:00							0
SRX8845646	ce11	ATAC-Seq	30118054	submitted	15902191	2026-04-06T11:03:24+09:00							0
SRX8845647	ce11	ATAC-Seq	32587283	submitted	15902192	2026-04-06T11:03:24+09:00							0
SRX8845648	ce11	ATAC-Seq	25233363	submitted	15902193	2026-04-06T11:03:24+09:00							0
SRX8845649	ce11	ATAC-Seq	47129594	submitted	15902194	2026-04-06T11:03:24+09:00							0
SRX8845650	ce11	ATAC-Seq	34629867	submitted	15902195	2026-04-06T11:03:24+09:00							0
SRX8845651	ce11	ATAC-Seq	39634020	submitted	15902196	2026-04-06T11:03:25+09:00							0
SRX8845652	ce11	ATAC-Seq	36116816	submitted	15902197	2026-04-06T11:03:25+09:00							0
SRX8845653	ce11	ATAC-Seq	30341959	submitted	15902198	2026-04-06T11:03:25+09:00							0
SRX8845654	ce11	ATAC-Seq	35803294	submitted	15902199	2026-04-06T11:03:25+09:00							0
SRX8845655	ce11	ATAC-Seq	6777971	submitted	15902200	2026-04-06T11:03:25+09:00							0
SRX8845656	ce11	ATAC-Seq	6984741	submitted	15902201	2026-04-06T11:03:25+09:00							0
SRX8845657	ce11	ATAC-Seq	6511885	submitted	15902202	2026-04-06T11:03:25+09:00							0
SRX9025733	ce11	ATAC-Seq	316741414	submitted	15902203	2026-04-06T11:03:25+09:00							0
SRX9025734	ce11	ATAC-Seq	23004749	submitted	15902204	2026-04-06T11:03:25+09:00							0
SRX9120606	ce11	TFs and others	37410483	submitted	15902205	2026-04-06T11:03:25+09:00							0
SRX9120607	ce11	TFs and others	41837722	submitted	15902206	2026-04-06T11:03:26+09:00							0
SRX9120608	ce11	TFs and others	27560836	submitted	15902207	2026-04-06T11:03:26+09:00							0
SRX9120609	ce11	TFs and others	40312738	submitted	15902208	2026-04-06T11:03:26+09:00							0
SRX9120610	ce11	TFs and others	42619141	submitted	15902209	2026-04-06T11:03:26+09:00							0
SRX9120611	ce11	TFs and others	39221397	submitted	15902210	2026-04-06T11:03:26+09:00							0
SRX043987	ce11	TFs and others	4732745	done	15899724		2026-04-06T11:01:56+09:00	2026-04-06T11:03:26+09:00	19	71	90		0
SRX9120612	ce11	TFs and others	29658545	submitted	15902211	2026-04-06T11:03:26+09:00							0
SRX9120613	ce11	TFs and others	37768674	submitted	15902212	2026-04-06T11:03:26+09:00							0
SRX9555449	ce11	TFs and others	21932842	submitted	15902213	2026-04-06T11:03:26+09:00							0
SRX054252	ce11	TFs and others	2829693	running	15899772		2026-04-06T11:03:26+09:00	2026-04-06T11:03:26+09:00					0
SRX9555450	ce11	TFs and others	25997655	submitted	15902214	2026-04-06T11:03:26+09:00							0
SRX9555451	ce11	TFs and others	22264005	submitted	15902215	2026-04-06T11:03:27+09:00							0
SRX9555452	ce11	TFs and others	20936115	submitted	15902216	2026-04-06T11:03:27+09:00							0
SRX9555453	ce11	TFs and others	39068285	submitted	15902217	2026-04-06T11:03:27+09:00							0
SRX9555454	ce11	TFs and others	24005034	submitted	15902218	2026-04-06T11:03:27+09:00							0
SRX9555455	ce11	TFs and others	21504004	submitted	15902219	2026-04-06T11:03:27+09:00							0
SRX9555456	ce11	TFs and others	8289457	submitted	15902220	2026-04-06T11:03:27+09:00							0
SRX9555457	ce11	TFs and others	27705962	submitted	15902221	2026-04-06T11:03:27+09:00							0
SRX9555458	ce11	TFs and others	20336473	submitted	15902222	2026-04-06T11:03:27+09:00							0
SRX9555459	ce11	TFs and others	23289161	submitted	15902223	2026-04-06T11:03:27+09:00							0
SRX9555460	ce11	TFs and others	26818496	submitted	15902224	2026-04-06T11:03:27+09:00							0
SRX9567166	ce11	TFs and others	19598085	submitted	15902225	2026-04-06T11:03:28+09:00							0
SRX9567167	ce11	TFs and others	30931526	submitted	15902226	2026-04-06T11:03:28+09:00							0
SRX9567168	ce11	TFs and others	19064285	submitted	15902227	2026-04-06T11:03:28+09:00							0
SRX9567169	ce11	TFs and others	22845636	submitted	15902228	2026-04-06T11:03:28+09:00							0
SRX9567170	ce11	TFs and others	27040874	submitted	15902229	2026-04-06T11:03:28+09:00							0
SRX9567171	ce11	TFs and others	26549213	submitted	15902230	2026-04-06T11:03:28+09:00							0
SRX9567172	ce11	TFs and others	21858738	submitted	15902231	2026-04-06T11:03:28+09:00							0
SRX9567173	ce11	TFs and others	20321940	submitted	15902232	2026-04-06T11:03:28+09:00							0
SRX9567174	ce11	TFs and others	24637979	submitted	15902233	2026-04-06T11:03:28+09:00							0
SRX9567175	ce11	TFs and others	35168488	submitted	15902234	2026-04-06T11:03:28+09:00							0
SRX9567176	ce11	TFs and others	20331244	submitted	15902235	2026-04-06T11:03:29+09:00							0
SRX9567177	ce11	TFs and others	18839971	submitted	15902236	2026-04-06T11:03:29+09:00							0
SRX9567178	ce11	TFs and others	20091920	submitted	15902237	2026-04-06T11:03:29+09:00							0
SRX9567179	ce11	TFs and others	18267621	submitted	15902238	2026-04-06T11:03:29+09:00							0
SRX9567180	ce11	TFs and others	23548842	submitted	15902239	2026-04-06T11:03:29+09:00							0
SRX9567181	ce11	TFs and others	19158153	submitted	15902240	2026-04-06T11:03:29+09:00							0
SRX044013	ce11	TFs and others	1894556	done	15899750		2026-04-06T11:02:42+09:00	2026-04-06T11:03:29+09:00	8	39	47		0
SRX9567190	ce11	RNA polymerase	14657143	submitted	15902241	2026-04-06T11:03:29+09:00							0
SRX9567191	ce11	RNA polymerase	13413645	submitted	15902242	2026-04-06T11:03:29+09:00							0
SRX9567192	ce11	RNA polymerase	16947048	submitted	15902243	2026-04-06T11:03:29+09:00							0
SRX9567193	ce11	RNA polymerase	12569340	submitted	15902244	2026-04-06T11:03:29+09:00							0
SRX9567194	ce11	RNA polymerase	13672633	submitted	15902245	2026-04-06T11:03:30+09:00							0
SRX9567195	ce11	RNA polymerase	11144851	submitted	15902246	2026-04-06T11:03:30+09:00							0
SRX9567196	ce11	RNA polymerase	13969671	submitted	15902247	2026-04-06T11:03:30+09:00							0
SRX9567197	ce11	RNA polymerase	12265487	submitted	15902248	2026-04-06T11:03:30+09:00							0
SRX9567198	ce11	RNA polymerase	14224263	submitted	15902249	2026-04-06T11:03:30+09:00							0
SRX043989	ce11	TFs and others	5494920	done	15899726		2026-04-06T11:01:57+09:00	2026-04-06T11:03:30+09:00	13	80	93		0
SRX9567199	ce11	RNA polymerase	13328720	submitted	15902250	2026-04-06T11:03:30+09:00							0
SRX9567200	ce11	RNA polymerase	8574763	submitted	15902251	2026-04-06T11:03:30+09:00							0
SRX9567201	ce11	RNA polymerase	14495034	submitted	15902252	2026-04-06T11:03:30+09:00							0
SRX9567202	ce11	RNA polymerase	14893600	submitted	15902253	2026-04-06T11:03:30+09:00							0
SRX9567203	ce11	RNA polymerase	14331032	submitted	15902254	2026-04-06T11:03:31+09:00							0
SRX044016	ce11	TFs and others	3180686	done	15899753		2026-04-06T11:02:55+09:00	2026-04-06T11:03:31+09:00	7	28	35		0
SRX054254	ce11	TFs and others	5858168	running	15899774		2026-04-06T11:03:31+09:00	2026-04-06T11:03:31+09:00					0
SRX054253	ce11	TFs and others	3535784	running	15899773		2026-04-06T11:03:31+09:00	2026-04-06T11:03:31+09:00					0
SRX9567204	ce11	RNA polymerase	11560982	submitted	15902255	2026-04-06T11:03:31+09:00							0
SRX9567205	ce11	RNA polymerase	11307245	submitted	15902256	2026-04-06T11:03:31+09:00							0
SRX958294	ce11	Histone	73597677	submitted	15902257	2026-04-06T11:03:31+09:00							0
SRX958295	ce11	Histone	34130372	submitted	15902258	2026-04-06T11:03:31+09:00							0
SRX958296	ce11	Histone	62865092	submitted	15902259	2026-04-06T11:03:31+09:00							0
SRX958297	ce11	Histone	19526266	submitted	15902260	2026-04-06T11:03:31+09:00							0
SRX982060	ce11	TFs and others	18405815	submitted	15902261	2026-04-06T11:03:31+09:00							0
SRX982061	ce11	TFs and others	9373615	submitted	15902262	2026-04-06T11:03:31+09:00							0
SRX982062	ce11	TFs and others	7648332	submitted	15902263	2026-04-06T11:03:31+09:00							0
SRX982063	ce11	TFs and others	12423035	submitted	15902264	2026-04-06T11:03:32+09:00							0
SRX982064	ce11	TFs and others	7887410	submitted	15902265	2026-04-06T11:03:32+09:00							0
SRX982065	ce11	TFs and others	20608259	submitted	15902266	2026-04-06T11:03:32+09:00							0
SRX982066	ce11	TFs and others	6126417	submitted	15902267	2026-04-06T11:03:32+09:00							0
SRX982067	ce11	TFs and others	7224626	submitted	15902268	2026-04-06T11:03:32+09:00							0
SRX012300	ce11	Histone	13402463	done	15899650		2026-04-06T10:59:58+09:00	2026-04-06T11:03:32+09:00	57	157	214		0
SRX982068	ce11	TFs and others	8231187	submitted	15902269	2026-04-06T11:03:32+09:00							0
SRX982069	ce11	Histone	20362527	submitted	15902270	2026-04-06T11:03:32+09:00							0
SRX982070	ce11	Histone	5932888	submitted	15902271	2026-04-06T11:03:32+09:00							0
SRX982071	ce11	Histone	5885804	submitted	15902272	2026-04-06T11:03:32+09:00							0
SRX982072	ce11	Histone	24103795	submitted	15902273	2026-04-06T11:03:33+09:00							0
SRX054256	ce11	TFs and others	2727720	running	15899776		2026-04-06T11:03:33+09:00	2026-04-06T11:03:33+09:00					0
SRX054255	ce11	TFs and others	4832460	running	15899775		2026-04-06T11:03:33+09:00	2026-04-06T11:03:33+09:00					0
SRX982073	ce11	Histone	14661660	submitted	15902274	2026-04-06T11:03:33+09:00							0
SRX982074	ce11	Histone	7295902	submitted	15902275	2026-04-06T11:03:33+09:00							0
SRX982075	ce11	Histone	26326802	submitted	15902276	2026-04-06T11:03:33+09:00							0
SRX982076	ce11	Histone	11868925	submitted	15902277	2026-04-06T11:03:33+09:00							0
SRX982077	ce11	Histone	9211066	submitted	15902278	2026-04-06T11:03:33+09:00							0
SRX982078	ce11	Histone	8489246	submitted	15902279	2026-04-06T11:03:33+09:00							0
SRX982079	ce11	Histone	8070174	submitted	15902280	2026-04-06T11:03:33+09:00							0
SRX044003	ce11	TFs and others	3242196	done	15899740		2026-04-06T11:02:26+09:00	2026-04-06T11:03:33+09:00	11	56	67		0
SRX982080	ce11	Histone	14032523	submitted	15902281	2026-04-06T11:03:33+09:00							0
SRX982081	ce11	Histone	11533899	submitted	15902282	2026-04-06T11:03:33+09:00							0
SRX982082	ce11	Histone	10807193	submitted	15902283	2026-04-06T11:03:34+09:00							0
SRX982083	ce11	Histone	9334034	submitted	15902284	2026-04-06T11:03:34+09:00							0
SRX982084	ce11	Histone	11041038	submitted	15902285	2026-04-06T11:03:34+09:00							0
SRX982085	ce11	Histone	10867984	submitted	15902286	2026-04-06T11:03:34+09:00							0
SRX982086	ce11	Histone	6450547	submitted	15902287	2026-04-06T11:03:34+09:00							0
SRX982087	ce11	Histone	19049026	submitted	15902288	2026-04-06T11:03:34+09:00							0
SRX982088	ce11	Histone	6243277	submitted	15902289	2026-04-06T11:03:34+09:00							0
SRX9904330	ce11	RNA polymerase	8506202	submitted	15902290	2026-04-06T11:03:34+09:00							0
SRX9904331	ce11	RNA polymerase	8942796	submitted	15902291	2026-04-06T11:03:34+09:00							0
SRX9904332	ce11	RNA polymerase	10001393	submitted	15902292	2026-04-06T11:03:35+09:00							0
SRX9904333	ce11	RNA polymerase	7843902	submitted	15902293	2026-04-06T11:03:35+09:00							0
SRX9904334	ce11	Histone	5635197	submitted	15902294	2026-04-06T11:03:35+09:00							0
SRX9904335	ce11	Histone	6721263	submitted	15902295	2026-04-06T11:03:35+09:00							0
SRX043982	ce11	TFs and others	4849260	done	15899719		2026-04-06T11:01:51+09:00	2026-04-06T11:03:35+09:00	23	81	104		0
SRX9904336	ce11	Histone	7862676	submitted	15902296	2026-04-06T11:03:35+09:00							0
SRX9904337	ce11	Histone	7102812	submitted	15902297	2026-04-06T11:03:35+09:00							0
SRX044012	ce11	TFs and others	3021900	done	15899749		2026-04-06T11:02:39+09:00	2026-04-06T11:03:35+09:00	10	46	56		0
SRX054259	ce11	TFs and others	2438831	running	15899779		2026-04-06T11:03:36+09:00	2026-04-06T11:03:36+09:00					0
SRX054257	ce11	TFs and others	3573958	running	15899777		2026-04-06T11:03:36+09:00	2026-04-06T11:03:36+09:00					0
SRX054258	ce11	TFs and others	1934794	running	15899778		2026-04-06T11:03:36+09:00	2026-04-06T11:03:36+09:00					0
SRX043995	ce11	TFs and others	5161232	done	15899732		2026-04-06T11:02:11+09:00	2026-04-06T11:03:37+09:00	13	72	85		0
SRX054260	ce11	TFs and others	4173453	running	15899780		2026-04-06T11:03:39+09:00	2026-04-06T11:03:39+09:00					0
SRX043998	ce11	TFs and others	9803146	done	15899735		2026-04-06T11:02:14+09:00	2026-04-06T11:03:39+09:00	17	68	85		0
SRX044001	ce11	TFs and others	3951440	done	15899738		2026-04-06T11:02:21+09:00	2026-04-06T11:03:41+09:00	15	65	80		0
SRX054262	ce11	TFs and others	2973812	running	15899782		2026-04-06T11:03:42+09:00	2026-04-06T11:03:42+09:00					0
SRX054261	ce11	TFs and others	7119810	running	15899781		2026-04-06T11:03:42+09:00	2026-04-06T11:03:42+09:00					0
SRX044008	ce11	TFs and others	4291179	done	15899745		2026-04-06T11:02:33+09:00	2026-04-06T11:03:43+09:00	11	59	70		0
SRX054263	ce11	TFs and others	2872705	running	15899783		2026-04-06T11:03:45+09:00	2026-04-06T11:03:45+09:00					0
SRX054208	ce11	TFs and others	857311	done	15899764		2026-04-06T11:03:06+09:00	2026-04-06T11:03:45+09:00	23	16	39		0
SRX054264	ce11	TFs and others	1060761	running	15899784		2026-04-06T11:03:48+09:00	2026-04-06T11:03:48+09:00					0
SRX054210	ce11	TFs and others	2182021	done	15899766		2026-04-06T11:03:13+09:00	2026-04-06T11:03:48+09:00	8	27	35		0
SRX043999	ce11	TFs and others	4797823	done	15899736		2026-04-06T11:02:14+09:00	2026-04-06T11:03:48+09:00	10	84	94		0
SRX043986	ce11	TFs and others	4785340	done	15899723		2026-04-06T11:01:54+09:00	2026-04-06T11:03:49+09:00	60	55	115		0
SRX054265	ce11	TFs and others	3994945	running	15899785		2026-04-06T11:03:51+09:00	2026-04-06T11:03:51+09:00					0
SRX054303	ce11	TFs and others	4693546	running	15899787		2026-04-06T11:03:51+09:00	2026-04-06T11:03:51+09:00					0
SRX054266	ce11	TFs and others	858599	running	15899786		2026-04-06T11:03:51+09:00	2026-04-06T11:03:51+09:00					0
SRX044009	ce11	TFs and others	5195866	done	15899746		2026-04-06T11:02:37+09:00	2026-04-06T11:03:54+09:00	13	63	76		0
SRX043994	ce11	TFs and others	9149187	done	15899731		2026-04-06T11:02:04+09:00	2026-04-06T11:03:54+09:00	23	87	110		0
SRX054304	ce11	TFs and others	3180657	running	15899788		2026-04-06T11:03:55+09:00	2026-04-06T11:03:55+09:00					0
SRX054305	ce11	TFs and others	2488882	running	15899789		2026-04-06T11:03:55+09:00	2026-04-06T11:03:55+09:00					0
SRX044005	ce11	TFs and others	4031127	done	15899742		2026-04-06T11:02:30+09:00	2026-04-06T11:03:55+09:00	11	74	85		0
SRX054249	ce11	TFs and others	1817076	done	15899769		2026-04-06T11:03:21+09:00	2026-04-06T11:03:55+09:00	7	27	34		0
SRX054307	ce11	TFs and others	5195407	running	15899791		2026-04-06T11:03:56+09:00	2026-04-06T11:03:56+09:00					0
SRX054306	ce11	TFs and others	4042196	running	15899790		2026-04-06T11:03:56+09:00	2026-04-06T11:03:56+09:00					0
SRX044002	ce11	TFs and others	4377247	done	15899739		2026-04-06T11:02:25+09:00	2026-04-06T11:03:58+09:00	12	81	93		0
SRX044004	ce11	TFs and others	4107237	done	15899741		2026-04-06T11:02:30+09:00	2026-04-06T11:03:59+09:00	13	76	89		0
SRX054309	ce11	TFs and others	3419652	running	15899793		2026-04-06T11:04:00+09:00	2026-04-06T11:04:00+09:00					0
SRX054308	ce11	TFs and others	2804733	running	15899792		2026-04-06T11:04:00+09:00	2026-04-06T11:04:00+09:00					0
SRX027210	ce11	Histone	21006018	done	15899658		2026-04-06T10:59:58+09:00	2026-04-06T11:04:05+09:00	0	246	246		0
SRX044014	ce11	TFs and others	4416551	done	15899751		2026-04-06T11:02:45+09:00	2026-04-06T11:04:05+09:00	11	69	80		0
SRX054311	ce11	TFs and others	4502986	running	15899795		2026-04-06T11:04:06+09:00	2026-04-06T11:04:06+09:00					0
SRX054310	ce11	TFs and others	1387623	running	15899794		2026-04-06T11:04:06+09:00	2026-04-06T11:04:06+09:00					0
SRX054258	ce11	TFs and others	1934794	done	15899778		2026-04-06T11:03:36+09:00	2026-04-06T11:04:07+09:00	8	23	31		0
SRX059223	ce11	Histone	17396159	running	15899796		2026-04-06T11:04:08+09:00	2026-04-06T11:04:08+09:00					0
SRX054211	ce11	TFs and others	3671631	done	15899767		2026-04-06T11:03:21+09:00	2026-04-06T11:04:08+09:00	11	36	47		0
SRX054266	ce11	TFs and others	858599	done	15899786		2026-04-06T11:03:51+09:00	2026-04-06T11:04:08+09:00	6	11	17		0
SRX044015	ce11	TFs and others	4109787	done	15899752		2026-04-06T11:02:51+09:00	2026-04-06T11:04:09+09:00	20	57	77		0
SRX054264	ce11	TFs and others	1060761	done	15899784		2026-04-06T11:03:48+09:00	2026-04-06T11:04:09+09:00	6	15	21		0
SRX044010	ce11	TFs and others	5285403	done	15899747		2026-04-06T11:02:37+09:00	2026-04-06T11:04:10+09:00	20	73	93		0
SRX059226	ce11	TFs and others	4855812	running	15899799		2026-04-06T11:04:11+09:00	2026-04-06T11:04:11+09:00					0
SRX059224	ce11	Histone	19829939	running	15899797		2026-04-06T11:04:11+09:00	2026-04-06T11:04:11+09:00					0
SRX059228	ce11	Histone	19141045	running	15899801		2026-04-06T11:04:11+09:00	2026-04-06T11:04:11+09:00					0
SRX059227	ce11	TFs and others	16535439	running	15899800		2026-04-06T11:04:11+09:00	2026-04-06T11:04:11+09:00					0
SRX059225	ce11	Histone	15118307	running	15899798		2026-04-06T11:04:11+09:00	2026-04-06T11:04:11+09:00					0
SRX054250	ce11	TFs and others	5712711	done	15899770		2026-04-06T11:03:24+09:00	2026-04-06T11:04:11+09:00	13	34	47		0
SRX054253	ce11	TFs and others	3535784	done	15899773		2026-04-06T11:03:31+09:00	2026-04-06T11:04:11+09:00	10	30	40		0
SRX054248	ce11	TFs and others	2689326	done	15899768		2026-04-06T11:03:21+09:00	2026-04-06T11:04:11+09:00	8	42	50		0
SRX044006	ce11	TFs and others	4786851	done	15899743		2026-04-06T11:02:30+09:00	2026-04-06T11:04:11+09:00	13	88	101		0
SRX044018	ce11	TFs and others	5072408	done	15899755		2026-04-06T11:02:56+09:00	2026-04-06T11:04:13+09:00	16	61	77		0
SRX054252	ce11	TFs and others	2829693	done	15899772		2026-04-06T11:03:26+09:00	2026-04-06T11:04:14+09:00	11	36	47		0
SRX059233	ce11	TFs and others	15907024	running	15899806		2026-04-06T11:04:15+09:00	2026-04-06T11:04:15+09:00					0
SRX059229	ce11	Histone	20333805	running	15899802		2026-04-06T11:04:15+09:00	2026-04-06T11:04:15+09:00					0
SRX059234	ce11	TFs and others	3402069	running	15899807		2026-04-06T11:04:15+09:00	2026-04-06T11:04:15+09:00					0
SRX059232	ce11	TFs and others	2456763	running	15899805		2026-04-06T11:04:15+09:00	2026-04-06T11:04:15+09:00					0
SRX059230	ce11	TFs and others	4429111	running	15899803		2026-04-06T11:04:15+09:00	2026-04-06T11:04:15+09:00					0
SRX059231	ce11	TFs and others	9199053	running	15899804		2026-04-06T11:04:15+09:00	2026-04-06T11:04:15+09:00					0
SRX054259	ce11	TFs and others	2438831	done	15899779		2026-04-06T11:03:36+09:00	2026-04-06T11:04:21+09:00	13	32	45		0
SRX059235	ce11	TFs and others	15514273	running	15899808		2026-04-06T11:04:23+09:00	2026-04-06T11:04:23+09:00					0
SRX054263	ce11	TFs and others	2872705	done	15899783		2026-04-06T11:03:45+09:00	2026-04-06T11:04:23+09:00	10	28	38		0
SRX054251	ce11	TFs and others	3852108	done	15899771		2026-04-06T11:03:24+09:00	2026-04-06T11:04:23+09:00	10	49	59		0
SRX059238	ce11	Histone	27166289	running	15899810		2026-04-06T11:04:25+09:00	2026-04-06T11:04:25+09:00					0
SRX059237	ce11	Histone	15322250	running	15899809		2026-04-06T11:04:25+09:00	2026-04-06T11:04:25+09:00					0
SRX054310	ce11	TFs and others	1387623	done	15899794		2026-04-06T11:04:06+09:00	2026-04-06T11:04:27+09:00	7	14	21		0
SRX059239	ce11	Histone	27183911	running	15899811		2026-04-06T11:04:28+09:00	2026-04-06T11:04:28+09:00					0
SRX054257	ce11	TFs and others	3573958	done	15899777		2026-04-06T11:03:36+09:00	2026-04-06T11:04:28+09:00	21	31	52		0
SRX044024	ce11	TFs and others	8501634	done	15899760		2026-04-06T11:03:00+09:00	2026-04-06T11:04:29+09:00	16	73	89		0
SRX059240	ce11	TFs and others	7976699	running	15899812		2026-04-06T11:04:31+09:00	2026-04-06T11:04:31+09:00					0
SRX059241	ce11	TFs and others	15415791	running	15899813		2026-04-06T11:04:31+09:00	2026-04-06T11:04:31+09:00					0
SRX054256	ce11	TFs and others	2727720	done	15899776		2026-04-06T11:03:33+09:00	2026-04-06T11:04:31+09:00	9	49	58		0
SRX054305	ce11	TFs and others	2488882	done	15899789		2026-04-06T11:03:55+09:00	2026-04-06T11:04:32+09:00	8	29	37		0
SRX054205	ce11	TFs and others	5395132	done	15899761		2026-04-06T11:03:03+09:00	2026-04-06T11:04:33+09:00	16	74	90		0
SRX059242	ce11	TFs and others	15638416	running	15899814		2026-04-06T11:04:34+09:00	2026-04-06T11:04:34+09:00					0
SRX054260	ce11	TFs and others	4173453	done	15899780		2026-04-06T11:03:39+09:00	2026-04-06T11:04:34+09:00	12	42	54		0
SRX059243	ce11	TFs and others	7751700	running	15899815		2026-04-06T11:04:34+09:00	2026-04-06T11:04:34+09:00					0
SRX059244	ce11	Histone	16597845	running	15899816		2026-04-06T11:04:34+09:00	2026-04-06T11:04:34+09:00					0
SRX059245	ce11	Histone	25360297	running	15899817		2026-04-06T11:04:37+09:00	2026-04-06T11:04:37+09:00					0
SRX054209	ce11	TFs and others	4918197	done	15899765		2026-04-06T11:03:13+09:00	2026-04-06T11:04:42+09:00	11	78	89		0
SRX059246	ce11	TFs and others	4391606	running	15899818		2026-04-06T11:04:43+09:00	2026-04-06T11:04:43+09:00					0
SRX054304	ce11	TFs and others	3180657	done	15899788		2026-04-06T11:03:55+09:00	2026-04-06T11:04:44+09:00	18	31	49		0
SRX054254	ce11	TFs and others	5858168	done	15899774		2026-04-06T11:03:31+09:00	2026-04-06T11:04:45+09:00	12	62	74		0
SRX059250	ce11	TFs and others	16864948	running	15899820		2026-04-06T11:04:46+09:00	2026-04-06T11:04:46+09:00					0
SRX059248	ce11	TFs and others	8114172	running	15899819		2026-04-06T11:04:46+09:00	2026-04-06T11:04:46+09:00					0
SRX044017	ce11	TFs and others	5399491	done	15899754		2026-04-06T11:02:55+09:00	2026-04-06T11:04:47+09:00	22	89	111		0
SRX054262	ce11	TFs and others	2973812	done	15899782		2026-04-06T11:03:42+09:00	2026-04-06T11:04:47+09:00	34	31	65		0
SRX059252	ce11	TFs and others	15991314	running	15899822		2026-04-06T11:04:49+09:00	2026-04-06T11:04:49+09:00					0
SRX059251	ce11	TFs and others	16560194	running	15899821		2026-04-06T11:04:49+09:00	2026-04-06T11:04:49+09:00					0
SRX054303	ce11	TFs and others	4693546	done	15899787		2026-04-06T11:03:51+09:00	2026-04-06T11:04:49+09:00	16	42	58		0
SRX054306	ce11	TFs and others	4042196	done	15899790		2026-04-06T11:03:56+09:00	2026-04-06T11:04:50+09:00	12	42	54		0
SRX054265	ce11	TFs and others	3994945	done	15899785		2026-04-06T11:03:51+09:00	2026-04-06T11:04:50+09:00	11	48	59		0
SRX059254	ce11	Histone	11592789	running	15899824		2026-04-06T11:04:53+09:00	2026-04-06T11:04:53+09:00					0
SRX059253	ce11	TFs and others	17674323	running	15899823		2026-04-06T11:04:53+09:00	2026-04-06T11:04:53+09:00					0
SRX059255	ce11	Histone	25891064	running	15899825		2026-04-06T11:04:53+09:00	2026-04-06T11:04:53+09:00					0
SRX044022	ce11	TFs and others	11454976	done	15899758		2026-04-06T11:02:56+09:00	2026-04-06T11:04:53+09:00	22	94	116		0
SRX059256	ce11	TFs and others	3578976	running	15899826		2026-04-06T11:04:55+09:00	2026-04-06T11:04:55+09:00					0
SRX054307	ce11	TFs and others	5195407	done	15899791		2026-04-06T11:03:56+09:00	2026-04-06T11:04:58+09:00	17	45	62		0
SRX059257	ce11	TFs and others	14398666	running	15899827		2026-04-06T11:04:59+09:00	2026-04-06T11:04:59+09:00					0
SRX054261	ce11	TFs and others	7119810	done	15899781		2026-04-06T11:03:42+09:00	2026-04-06T11:04:59+09:00	14	63	77		0
SRX059264	ce11	Histone	19253374	running	15899828		2026-04-06T11:05:01+09:00	2026-04-06T11:05:01+09:00					0
SRX054311	ce11	TFs and others	4502986	done	15899795		2026-04-06T11:04:06+09:00	2026-04-06T11:05:01+09:00	11	44	55		0
SRX054255	ce11	TFs and others	4832460	done	15899775		2026-04-06T11:03:33+09:00	2026-04-06T11:05:02+09:00	28	61	89		0
SRX059265	ce11	Histone	23070060	running	15899829		2026-04-06T11:05:04+09:00	2026-04-06T11:05:04+09:00					0
SRX059267	ce11	TFs and others	8845185	running	15899830		2026-04-06T11:05:04+09:00	2026-04-06T11:05:04+09:00					0
SRX044023	ce11	TFs and others	28993063	done	15899759		2026-04-06T11:03:00+09:00	2026-04-06T11:05:07+09:00	27	100	127		0
SRX059268	ce11	TFs and others	7389099	running	15899831		2026-04-06T11:05:08+09:00	2026-04-06T11:05:08+09:00					0
SRX059232	ce11	TFs and others	2456763	done	15899805		2026-04-06T11:04:15+09:00	2026-04-06T11:05:13+09:00	11	47	58		0
SRX059269	ce11	TFs and others	8549506	running	15899832		2026-04-06T11:05:14+09:00	2026-04-06T11:05:14+09:00					0
SRX044021	ce11	TFs and others	14244415	done	15899756		2026-04-06T11:02:56+09:00	2026-04-06T11:05:17+09:00	23	117	140		0
SRX059270	ce11	TFs and others	10785689	running	15899833		2026-04-06T11:05:19+09:00	2026-04-06T11:05:19+09:00					0
SRX054207	ce11	TFs and others	4220063	done	15899763		2026-04-06T11:03:06+09:00	2026-04-06T11:05:19+09:00	70	63	133		0
SRX059271	ce11	RNA polymerase	3133532	running	15899834		2026-04-06T11:05:22+09:00	2026-04-06T11:05:22+09:00					0
SRX054308	ce11	TFs and others	2804733	done	15899792		2026-04-06T11:04:00+09:00	2026-04-06T11:05:23+09:00	42	41	83		0
SRX059272	ce11	RNA polymerase	8055605	running	15899835		2026-04-06T11:05:25+09:00	2026-04-06T11:05:25+09:00					0
SRX059234	ce11	TFs and others	3402069	done	15899807		2026-04-06T11:04:15+09:00	2026-04-06T11:05:26+09:00	13	58	71		0
SRX054309	ce11	TFs and others	3419652	done	15899793		2026-04-06T11:04:00+09:00	2026-04-06T11:05:26+09:00	48	38	86		0
SRX059274	ce11	Histone	16264926	running	15899837		2026-04-06T11:05:27+09:00	2026-04-06T11:05:27+09:00					0
SRX059273	ce11	Histone	21006018	running	15899836		2026-04-06T11:05:27+09:00	2026-04-06T11:05:27+09:00					0
SRX059246	ce11	TFs and others	4391606	done	15899818		2026-04-06T11:04:43+09:00	2026-04-06T11:05:35+09:00	10	42	52		0
SRX063957	ce11	Histone	25891064	running	15899838		2026-04-06T11:05:36+09:00	2026-04-06T11:05:36+09:00					0
SRX054206	ce11	TFs and others	6132744	done	15899762		2026-04-06T11:03:03+09:00	2026-04-06T11:05:43+09:00	76	84	160		0
SRX063958	ce11	Histone	8463151	running	15899839		2026-04-06T11:05:44+09:00	2026-04-06T11:05:44+09:00					0
SRX059230	ce11	TFs and others	4429111	done	15899803		2026-04-06T11:04:15+09:00	2026-04-06T11:05:44+09:00	13	76	89		0
SRX063959	ce11	Histone	8103294	running	15899840		2026-04-06T11:05:46+09:00	2026-04-06T11:05:46+09:00					0
SRX059226	ce11	TFs and others	4855812	done	15899799		2026-04-06T11:04:11+09:00	2026-04-06T11:05:51+09:00	17	83	100		0
SRX063960	ce11	TFs and others	17659150	running	15899841		2026-04-06T11:05:53+09:00	2026-04-06T11:05:53+09:00					0
SRX059271	ce11	RNA polymerase	3133532	done	15899834		2026-04-06T11:05:22+09:00	2026-04-06T11:06:05+09:00	13	30	43		0
SRX065624	ce11	TFs and others	3506992	running	15899842		2026-04-06T11:06:06+09:00	2026-04-06T11:06:06+09:00					0
SRX059256	ce11	TFs and others	3578976	done	15899826		2026-04-06T11:04:55+09:00	2026-04-06T11:06:12+09:00	15	62	77		0
SRX065625	ce11	TFs and others	5547738	running	15899843		2026-04-06T11:06:13+09:00	2026-04-06T11:06:13+09:00					0
SRX059268	ce11	TFs and others	7389099	done	15899831		2026-04-06T11:05:08+09:00	2026-04-06T11:06:15+09:00	12	55	67		0
SRX059248	ce11	TFs and others	8114172	done	15899819		2026-04-06T11:04:46+09:00	2026-04-06T11:06:16+09:00	16	74	90		0
SRX065628	ce11	TFs and others	5037643	running	15899844		2026-04-06T11:06:18+09:00	2026-04-06T11:06:18+09:00					0
SRX065629	ce11	TFs and others	6202620	running	15899845		2026-04-06T11:06:18+09:00	2026-04-06T11:06:18+09:00					0
SRX059267	ce11	TFs and others	8845185	done	15899830		2026-04-06T11:05:04+09:00	2026-04-06T11:06:28+09:00	22	62	84		0
SRX065632	ce11	TFs and others	5463422	running	15899846		2026-04-06T11:06:30+09:00	2026-04-06T11:06:30+09:00					0
SRX059269	ce11	TFs and others	8549506	done	15899832		2026-04-06T11:05:14+09:00	2026-04-06T11:06:40+09:00	15	71	86		0
SRX065633	ce11	TFs and others	5717141	running	15899847		2026-04-06T11:06:41+09:00	2026-04-06T11:06:41+09:00					0
SRX059272	ce11	RNA polymerase	8055605	done	15899835		2026-04-06T11:05:25+09:00	2026-04-06T11:06:47+09:00	15	67	82		0
SRX065636	ce11	TFs and others	5310923	running	15899848		2026-04-06T11:06:48+09:00	2026-04-06T11:06:48+09:00					0
SRX059240	ce11	TFs and others	7976699	done	15899812		2026-04-06T11:04:31+09:00	2026-04-06T11:06:53+09:00	22	120	142		0
SRX065637	ce11	TFs and others	5719110	running	15899849		2026-04-06T11:06:54+09:00	2026-04-06T11:06:54+09:00					0
SRX065624	ce11	TFs and others	3506992	done	15899842		2026-04-06T11:06:06+09:00	2026-04-06T11:07:07+09:00	10	51	61		0
SRX059270	ce11	TFs and others	10785689	done	15899833		2026-04-06T11:05:19+09:00	2026-04-06T11:07:07+09:00	23	85	108		0
SRX065640	ce11	TFs and others	4247556	running	15899850		2026-04-06T11:07:08+09:00	2026-04-06T11:07:08+09:00					0
SRX065641	ce11	TFs and others	8765642	running	15899851		2026-04-06T11:07:08+09:00	2026-04-06T11:07:08+09:00					0
SRX059243	ce11	TFs and others	7751700	done	15899815		2026-04-06T11:04:34+09:00	2026-04-06T11:07:18+09:00	92	72	164		0
SRX065644	ce11	TFs and others	6535960	running	15899852		2026-04-06T11:07:19+09:00	2026-04-06T11:07:19+09:00					0
SRX059231	ce11	TFs and others	9199053	done	15899804		2026-04-06T11:04:15+09:00	2026-04-06T11:07:19+09:00	24	160	184		0
SRX065645	ce11	TFs and others	4851771	running	15899853		2026-04-06T11:07:22+09:00	2026-04-06T11:07:22+09:00					0
SRX065628	ce11	TFs and others	5037643	done	15899844		2026-04-06T11:06:18+09:00	2026-04-06T11:07:32+09:00	11	62	73		0
SRX065648	ce11	TFs and others	4753341	running	15899854		2026-04-06T11:07:34+09:00	2026-04-06T11:07:34+09:00					0
SRX065636	ce11	TFs and others	5310923	done	15899848		2026-04-06T11:06:48+09:00	2026-04-06T11:07:39+09:00	10	41	51		0
SRX065649	ce11	TFs and others	6346433	running	15899855		2026-04-06T11:07:40+09:00	2026-04-06T11:07:40+09:00					0
SRX065625	ce11	TFs and others	5547738	done	15899843		2026-04-06T11:06:13+09:00	2026-04-06T11:07:56+09:00	11	92	103		0
SRX065652	ce11	TFs and others	6565644	running	15899856		2026-04-06T11:07:57+09:00	2026-04-06T11:07:57+09:00					0
SRX059274	ce11	Histone	16264926	done	15899837		2026-04-06T11:05:27+09:00	2026-04-06T11:07:59+09:00	34	117	151		0
SRX065653	ce11	TFs and others	4773284	running	15899857		2026-04-06T11:08:02+09:00	2026-04-06T11:08:02+09:00					0
SRX065632	ce11	TFs and others	5463422	done	15899846		2026-04-06T11:06:30+09:00	2026-04-06T11:08:02+09:00	11	81	92		0
SRX059225	ce11	Histone	15118307	done	15899798		2026-04-06T11:04:11+09:00	2026-04-06T11:08:04+09:00	32	201	233		0
SRX065656	ce11	TFs and others	6363241	running	15899858		2026-04-06T11:08:06+09:00	2026-04-06T11:08:06+09:00					0
SRX065657	ce11	TFs and others	4582326	running	15899859		2026-04-06T11:08:06+09:00	2026-04-06T11:08:06+09:00					0
SRX065629	ce11	TFs and others	6202620	done	15899845		2026-04-06T11:06:18+09:00	2026-04-06T11:08:07+09:00	13	96	109		0
SRX065660	ce11	TFs and others	7263691	running	15899860		2026-04-06T11:08:08+09:00	2026-04-06T11:08:08+09:00					0
SRX065640	ce11	TFs and others	4247556	done	15899850		2026-04-06T11:07:08+09:00	2026-04-06T11:08:17+09:00	14	55	69		0
SRX065661	ce11	TFs and others	5134187	running	15899861		2026-04-06T11:08:18+09:00	2026-04-06T11:08:18+09:00					0
SRX063958	ce11	Histone	8463151	done	15899839		2026-04-06T11:05:44+09:00	2026-04-06T11:08:19+09:00	19	136	155		0
SRX065664	ce11	TFs and others	7947887	running	15899862		2026-04-06T11:08:21+09:00	2026-04-06T11:08:21+09:00					0
SRX065645	ce11	TFs and others	4851771	done	15899853		2026-04-06T11:07:22+09:00	2026-04-06T11:08:22+09:00	10	50	60		0
SRX065665	ce11	TFs and others	4189170	running	15899863		2026-04-06T11:08:24+09:00	2026-04-06T11:08:24+09:00					0
SRX065633	ce11	TFs and others	5717141	done	15899847		2026-04-06T11:06:41+09:00	2026-04-06T11:08:27+09:00	17	89	106		0
SRX065637	ce11	TFs and others	5719110	done	15899849		2026-04-06T11:06:54+09:00	2026-04-06T11:08:27+09:00	13	80	93		0
SRX065678	ce11	TFs and others	6518274	running	15899865		2026-04-06T11:08:27+09:00	2026-04-06T11:08:27+09:00					0
SRX065677	ce11	TFs and others	6611858	running	15899864		2026-04-06T11:08:27+09:00	2026-04-06T11:08:27+09:00					0
SRX059254	ce11	Histone	11592789	done	15899824		2026-04-06T11:04:53+09:00	2026-04-06T11:08:31+09:00	27	190	217		0
SRX059237	ce11	Histone	15322250	done	15899809		2026-04-06T11:04:25+09:00	2026-04-06T11:08:33+09:00	32	215	247		0
SRX065681	ce11	TFs and others	7350402	running	15899866		2026-04-06T11:08:33+09:00	2026-04-06T11:08:33+09:00					0
SRX063959	ce11	Histone	8103294	done	15899840		2026-04-06T11:05:46+09:00	2026-04-06T11:08:36+09:00	19	150	169		0
SRX065682	ce11	TFs and others	5456507	running	15899867		2026-04-06T11:08:37+09:00	2026-04-06T11:08:37+09:00					0
SRX065685	ce11	TFs and others	4949042	running	15899868		2026-04-06T11:08:37+09:00	2026-04-06T11:08:37+09:00					0
SRX065648	ce11	TFs and others	4753341	done	15899854		2026-04-06T11:07:34+09:00	2026-04-06T11:08:37+09:00	10	53	63		0
SRX065686	ce11	TFs and others	7562402	running	15899869		2026-04-06T11:08:39+09:00	2026-04-06T11:08:39+09:00					0
SRX059241	ce11	TFs and others	15415791	done	15899813		2026-04-06T11:04:31+09:00	2026-04-06T11:08:42+09:00	28	223	251		0
SRX065689	ce11	TFs and others	9851248	running	15899870		2026-04-06T11:08:43+09:00	2026-04-06T11:08:43+09:00					0
SRX065644	ce11	TFs and others	6535960	done	15899852		2026-04-06T11:07:19+09:00	2026-04-06T11:08:45+09:00	11	74	85		0
SRX065690	ce11	TFs and others	3673862	running	15899871		2026-04-06T11:08:46+09:00	2026-04-06T11:08:46+09:00					0
SRX059233	ce11	TFs and others	15907024	done	15899806		2026-04-06T11:04:15+09:00	2026-04-06T11:09:02+09:00	34	252	286		0
SRX065653	ce11	TFs and others	4773284	done	15899857		2026-04-06T11:08:02+09:00	2026-04-06T11:09:02+09:00	13	47	60		0
SRX065693	ce11	TFs and others	4470745	running	15899872		2026-04-06T11:09:03+09:00	2026-04-06T11:09:03+09:00					0
SRX065694	ce11	TFs and others	5025753	running	15899873		2026-04-06T11:09:03+09:00	2026-04-06T11:09:03+09:00					0
DRX184548	ce11	Histone	32033954	done	15899628		2026-04-06T10:59:56+09:00	2026-04-06T11:09:07+09:00	0	550	550		0
SRX065697	ce11	TFs and others	3661211	running	15899874		2026-04-06T11:09:08+09:00	2026-04-06T11:09:08+09:00					0
SRX065649	ce11	TFs and others	6346433	done	15899855		2026-04-06T11:07:40+09:00	2026-04-06T11:09:12+09:00	12	80	92		0
SRX065698	ce11	TFs and others	4542835	running	15899875		2026-04-06T11:09:13+09:00	2026-04-06T11:09:13+09:00					0
SRX059235	ce11	TFs and others	15514273	done	15899808		2026-04-06T11:04:23+09:00	2026-04-06T11:09:18+09:00	27	268	295		0
SRX065701	ce11	TFs and others	7187808	running	15899876		2026-04-06T11:09:19+09:00	2026-04-06T11:09:19+09:00					0
SRX065657	ce11	TFs and others	4582326	done	15899859		2026-04-06T11:08:06+09:00	2026-04-06T11:09:21+09:00	12	63	75		0
SRX065702	ce11	TFs and others	4912880	running	15899877		2026-04-06T11:09:22+09:00	2026-04-06T11:09:22+09:00					0
SRX065641	ce11	TFs and others	8765642	done	15899851		2026-04-06T11:07:08+09:00	2026-04-06T11:09:27+09:00	14	125	139		0
SRX065705	ce11	TFs and others	6455317	running	15899878		2026-04-06T11:09:27+09:00	2026-04-06T11:09:27+09:00					0
SRX065665	ce11	TFs and others	4189170	done	15899863		2026-04-06T11:08:24+09:00	2026-04-06T11:09:30+09:00	10	56	66		0
SRX065706	ce11	TFs and others	8952230	running	15899879		2026-04-06T11:09:31+09:00	2026-04-06T11:09:31+09:00					0
SRX065661	ce11	TFs and others	5134187	done	15899861		2026-04-06T11:08:18+09:00	2026-04-06T11:09:35+09:00	11	66	77		0
SRX065709	ce11	TFs and others	5679829	running	15899880		2026-04-06T11:09:36+09:00	2026-04-06T11:09:36+09:00					0
SRX059242	ce11	TFs and others	15638416	done	15899814		2026-04-06T11:04:34+09:00	2026-04-06T11:09:38+09:00	159	145	304		0
SRX065710	ce11	TFs and others	6286196	running	15899881		2026-04-06T11:09:39+09:00	2026-04-06T11:09:39+09:00					0
SRX065652	ce11	TFs and others	6565644	done	15899856		2026-04-06T11:07:57+09:00	2026-04-06T11:09:40+09:00	18	85	103		0
SRX065713	ce11	TFs and others	5788678	running	15899882		2026-04-06T11:09:41+09:00	2026-04-06T11:09:41+09:00					0
SRX065656	ce11	TFs and others	6363241	done	15899858		2026-04-06T11:08:06+09:00	2026-04-06T11:09:44+09:00	11	87	98		0
SRX065714	ce11	TFs and others	2439120	running	15899883		2026-04-06T11:09:45+09:00	2026-04-06T11:09:45+09:00					0
SRX059251	ce11	TFs and others	16560194	done	15899821		2026-04-06T11:04:49+09:00	2026-04-06T11:09:53+09:00	29	274	303		0
SRX065717	ce11	TFs and others	6148093	running	15899884		2026-04-06T11:09:54+09:00	2026-04-06T11:09:54+09:00					0
SRX065677	ce11	TFs and others	6611858	done	15899864		2026-04-06T11:08:27+09:00	2026-04-06T11:09:56+09:00	28	61	89		0
SRX065660	ce11	TFs and others	7263691	done	15899860		2026-04-06T11:08:08+09:00	2026-04-06T11:09:56+09:00	16	92	108		0
SRX065721	ce11	TFs and others	9517145	running	15899886		2026-04-06T11:09:57+09:00	2026-04-06T11:09:57+09:00					0
SRX065718	ce11	TFs and others	6153186	running	15899885		2026-04-06T11:09:57+09:00	2026-04-06T11:09:57+09:00					0
SRX065685	ce11	TFs and others	4949042	done	15899868		2026-04-06T11:08:37+09:00	2026-04-06T11:10:02+09:00	11	74	85		0
SRX065722	ce11	TFs and others	8304966	running	15899887		2026-04-06T11:10:03+09:00	2026-04-06T11:10:03+09:00					0
SRX059223	ce11	Histone	17396159	done	15899796		2026-04-06T11:04:08+09:00	2026-04-06T11:10:04+09:00	35	320	355		0
SRX065725	ce11	TFs and others	8960112	running	15899888		2026-04-06T11:10:05+09:00	2026-04-06T11:10:05+09:00					0
SRX065690	ce11	TFs and others	3673862	done	15899871		2026-04-06T11:08:46+09:00	2026-04-06T11:10:05+09:00	11	68	79		0
SRX065702	ce11	TFs and others	4912880	done	15899877		2026-04-06T11:09:22+09:00	2026-04-06T11:10:07+09:00	11	34	45		0
SRX059252	ce11	TFs and others	15991314	done	15899822		2026-04-06T11:04:49+09:00	2026-04-06T11:10:08+09:00	34	285	319		0
SRX076077	ce11	Histone	16917825	running	15899890		2026-04-06T11:10:09+09:00	2026-04-06T11:10:09+09:00					0
SRX065726	ce11	TFs and others	8990633	running	15899889		2026-04-06T11:10:09+09:00	2026-04-06T11:10:09+09:00					0
SRX076078	ce11	Histone	12676822	running	15899891		2026-04-06T11:10:09+09:00	2026-04-06T11:10:09+09:00					0
SRX065664	ce11	TFs and others	7947887	done	15899862		2026-04-06T11:08:21+09:00	2026-04-06T11:10:10+09:00	17	92	109		0
SRX076079	ce11	Histone	12806974	running	15899892		2026-04-06T11:10:11+09:00	2026-04-06T11:10:11+09:00					0
SRX065697	ce11	TFs and others	3661211	done	15899874		2026-04-06T11:09:08+09:00	2026-04-06T11:10:11+09:00	9	54	63		0
SRX080059	ce11	TFs and others	3638904	running	15899893		2026-04-06T11:10:15+09:00	2026-04-06T11:10:15+09:00					0
SRX065686	ce11	TFs and others	7562402	done	15899869		2026-04-06T11:08:39+09:00	2026-04-06T11:10:15+09:00	15	81	96		0
SRX080061	ce11	TFs and others	5371132	running	15899894		2026-04-06T11:10:16+09:00	2026-04-06T11:10:16+09:00					0
SRX065678	ce11	TFs and others	6518274	done	15899865		2026-04-06T11:08:27+09:00	2026-04-06T11:10:17+09:00	12	98	110		0
SRX065693	ce11	TFs and others	4470745	done	15899872		2026-04-06T11:09:03+09:00	2026-04-06T11:10:17+09:00	11	63	74		0
SRX080063	ce11	TFs and others	3273507	running	15899896		2026-04-06T11:10:19+09:00	2026-04-06T11:10:19+09:00					0
SRX080065	ce11	TFs and others	4285296	running	15899897		2026-04-06T11:10:19+09:00	2026-04-06T11:10:19+09:00					0
SRX065714	ce11	TFs and others	2439120	done	15899883		2026-04-06T11:09:45+09:00	2026-04-06T11:10:24+09:00	8	31	39		0
SRX080067	ce11	TFs and others	1161234	running	15899898		2026-04-06T11:10:25+09:00	2026-04-06T11:10:25+09:00					0
SRX059253	ce11	TFs and others	17674323	done	15899823		2026-04-06T11:04:53+09:00	2026-04-06T11:10:27+09:00	31	302	333		0
SRX080068	ce11	TFs and others	1799780	running	15899899		2026-04-06T11:10:28+09:00	2026-04-06T11:10:28+09:00					0
SRX065682	ce11	TFs and others	5456507	done	15899867		2026-04-06T11:08:37+09:00	2026-04-06T11:10:29+09:00	21	91	112		0
SRX080070	ce11	TFs and others	4382589	running	15899900		2026-04-06T11:10:30+09:00	2026-04-06T11:10:30+09:00					0
SRX059250	ce11	TFs and others	16864948	done	15899820		2026-04-06T11:04:46+09:00	2026-04-06T11:10:32+09:00	32	314	346		0
SRX080072	ce11	TFs and others	4764680	running	15899901		2026-04-06T11:10:33+09:00	2026-04-06T11:10:33+09:00					0
SRX059265	ce11	Histone	23070060	done	15899829		2026-04-06T11:05:04+09:00	2026-04-06T11:10:33+09:00	36	293	329		0
SRX065694	ce11	TFs and others	5025753	done	15899873		2026-04-06T11:09:03+09:00	2026-04-06T11:10:34+09:00	12	79	91		0
SRX080076	ce11	TFs and others	4285635	running	15899903		2026-04-06T11:10:36+09:00	2026-04-06T11:10:36+09:00					0
SRX080074	ce11	TFs and others	3689890	running	15899902		2026-04-06T11:10:36+09:00	2026-04-06T11:10:36+09:00					0
SRX059273	ce11	Histone	21006018	done	15899836		2026-04-06T11:05:27+09:00	2026-04-06T11:10:37+09:00	66	244	310		0
SRX080078	ce11	TFs and others	5303031	running	15899904		2026-04-06T11:10:39+09:00	2026-04-06T11:10:39+09:00					0
SRX059227	ce11	TFs and others	16535439	done	15899800		2026-04-06T11:04:11+09:00	2026-04-06T11:10:40+09:00	111	278	389		0
SRX063960	ce11	TFs and others	17659150	done	15899841		2026-04-06T11:05:53+09:00	2026-04-06T11:10:41+09:00	30	257	287		0
SRX065698	ce11	TFs and others	4542835	done	15899875		2026-04-06T11:09:13+09:00	2026-04-06T11:10:41+09:00	12	76	88		0
SRX080082	ce11	TFs and others	6303653	running	15899906		2026-04-06T11:10:43+09:00	2026-04-06T11:10:43+09:00					0
SRX080080	ce11	TFs and others	2341051	running	15899905		2026-04-06T11:10:43+09:00	2026-04-06T11:10:43+09:00					0
SRX080084	ce11	TFs and others	1573914	running	15899907		2026-04-06T11:10:43+09:00	2026-04-06T11:10:43+09:00					0
SRX059264	ce11	Histone	19253374	done	15899828		2026-04-06T11:05:01+09:00	2026-04-06T11:10:49+09:00	34	313	347		0
SRX065681	ce11	TFs and others	7350402	done	15899866		2026-04-06T11:08:33+09:00	2026-04-06T11:10:49+09:00	16	119	135		0
SRX080067	ce11	TFs and others	1161234	done	15899898		2026-04-06T11:10:25+09:00	2026-04-06T11:10:50+09:00	6	19	25		0
SRX065701	ce11	TFs and others	7187808	done	15899876		2026-04-06T11:09:19+09:00	2026-04-06T11:10:50+09:00	14	77	91		0
SRX080090	ce11	TFs and others	5139276	running	15899911		2026-04-06T11:10:52+09:00	2026-04-06T11:10:52+09:00					0
SRX080088	ce11	TFs and others	5992012	running	15899910		2026-04-06T11:10:52+09:00	2026-04-06T11:10:52+09:00					0
SRX080087	ce11	TFs and others	4800550	running	15899909		2026-04-06T11:10:52+09:00	2026-04-06T11:10:52+09:00					0
SRX080085	ce11	TFs and others	2502361	running	15899908		2026-04-06T11:10:52+09:00	2026-04-06T11:10:52+09:00					0
SRX059257	ce11	TFs and others	14398666	done	15899827		2026-04-06T11:04:59+09:00	2026-04-06T11:10:53+09:00	26	264	290		0
SRX065713	ce11	TFs and others	5788678	done	15899882		2026-04-06T11:09:41+09:00	2026-04-06T11:10:54+09:00	13	60	73		0
SRX080094	ce11	TFs and others	6016478	running	15899913		2026-04-06T11:10:55+09:00	2026-04-06T11:10:55+09:00					0
SRX080092	ce11	TFs and others	2955703	running	15899912		2026-04-06T11:10:55+09:00	2026-04-06T11:10:55+09:00					0
SRX080068	ce11	TFs and others	1799780	done	15899899		2026-04-06T11:10:28+09:00	2026-04-06T11:11:02+09:00	7	27	34		0
SRX080096	ce11	TFs and others	4663656	running	15899914		2026-04-06T11:11:03+09:00	2026-04-06T11:11:03+09:00					0
SRX065705	ce11	TFs and others	6455317	done	15899878		2026-04-06T11:09:27+09:00	2026-04-06T11:11:10+09:00	14	89	103		0
SRX080098	ce11	TFs and others	7035155	running	15899915		2026-04-06T11:11:11+09:00	2026-04-06T11:11:11+09:00					0
SRX059245	ce11	Histone	25360297	done	15899817		2026-04-06T11:04:37+09:00	2026-04-06T11:11:13+09:00	44	352	396		0
SRX065709	ce11	TFs and others	5679829	done	15899880		2026-04-06T11:09:36+09:00	2026-04-06T11:11:13+09:00	14	83	97		0
SRX080100	ce11	TFs and others	2751348	running	15899916		2026-04-06T11:11:14+09:00	2026-04-06T11:11:14+09:00					0
SRX080102	ce11	TFs and others	6275526	running	15899917		2026-04-06T11:11:14+09:00	2026-04-06T11:11:14+09:00					0
SRX080084	ce11	TFs and others	1573914	done	15899907		2026-04-06T11:10:43+09:00	2026-04-06T11:11:15+09:00	9	23	32		0
SRX080104	ce11	TFs and others	6438791	running	15899918		2026-04-06T11:11:16+09:00	2026-04-06T11:11:16+09:00					0
SRX080074	ce11	TFs and others	3689890	done	15899902		2026-04-06T11:10:36+09:00	2026-04-06T11:11:20+09:00	9	34	43		0
SRX080106	ce11	TFs and others	5315157	running	15899919		2026-04-06T11:11:21+09:00	2026-04-06T11:11:21+09:00					0
SRX080059	ce11	TFs and others	3638904	done	15899893		2026-04-06T11:10:15+09:00	2026-04-06T11:11:23+09:00	11	57	68		0
SRX094473	ce11	Histone	10356199	running	15899920		2026-04-06T11:11:24+09:00	2026-04-06T11:11:24+09:00					0
SRX080063	ce11	TFs and others	3273507	done	15899896		2026-04-06T11:10:19+09:00	2026-04-06T11:11:24+09:00	20	45	65		0
SRX094475	ce11	Histone	12796605	running	15899921		2026-04-06T11:11:26+09:00	2026-04-06T11:11:26+09:00					0
SRX080065	ce11	TFs and others	4285296	done	15899897		2026-04-06T11:10:19+09:00	2026-04-06T11:11:26+09:00	15	52	67		0
SRX065710	ce11	TFs and others	6286196	done	15899881		2026-04-06T11:09:39+09:00	2026-04-06T11:11:28+09:00	12	96	108		0
SRX059229	ce11	Histone	20333805	done	15899802		2026-04-06T11:04:15+09:00	2026-04-06T11:11:28+09:00	62	370	432		0
SRX094514	ce11	TFs and others	17659150	running	15899922		2026-04-06T11:11:28+09:00	2026-04-06T11:11:28+09:00					0
SRX094515	ce11	TFs and others	3221462	running	15899923		2026-04-06T11:11:28+09:00	2026-04-06T11:11:28+09:00					0
SRX1007131	ce11	RNA polymerase	6085075	running	15899924		2026-04-06T11:11:29+09:00	2026-04-06T11:11:29+09:00					0
SRX065706	ce11	TFs and others	8952230	done	15899879		2026-04-06T11:09:31+09:00	2026-04-06T11:11:34+09:00	14	109	123		0
SRX1007132	ce11	RNA polymerase	2905382	running	15899925		2026-04-06T11:11:35+09:00	2026-04-06T11:11:35+09:00					0
SRX080080	ce11	TFs and others	2341051	done	15899905		2026-04-06T11:10:43+09:00	2026-04-06T11:11:35+09:00	9	43	52		0
SRX080085	ce11	TFs and others	2502361	done	15899908		2026-04-06T11:10:52+09:00	2026-04-06T11:11:35+09:00	9	34	43		0
SRX1007133	ce11	RNA polymerase	9065402	running	15899926		2026-04-06T11:11:37+09:00	2026-04-06T11:11:37+09:00					0
SRX1007135	ce11	RNA polymerase	44398214	running	15899927		2026-04-06T11:11:37+09:00	2026-04-06T11:11:37+09:00					0
SRX080072	ce11	TFs and others	4764680	done	15899901		2026-04-06T11:10:33+09:00	2026-04-06T11:11:43+09:00	11	59	70		0
SRX1007136	ce11	RNA polymerase	34711485	running	15899928		2026-04-06T11:11:44+09:00	2026-04-06T11:11:44+09:00					0
SRX080092	ce11	TFs and others	2955703	done	15899912		2026-04-06T11:10:55+09:00	2026-04-06T11:11:46+09:00	9	42	51		0
SRX080070	ce11	TFs and others	4382589	done	15899900		2026-04-06T11:10:30+09:00	2026-04-06T11:11:46+09:00	11	65	76		0
SRX065689	ce11	TFs and others	9851248	done	15899870		2026-04-06T11:08:43+09:00	2026-04-06T11:11:46+09:00	15	168	183		0
SRX059224	ce11	Histone	19829939	done	15899797		2026-04-06T11:04:11+09:00	2026-04-06T11:11:47+09:00	120	336	456		0
SRX1007137	ce11	RNA polymerase	37064023	running	15899929		2026-04-06T11:11:49+09:00	2026-04-06T11:11:49+09:00					0
SRX1007138	ce11	RNA polymerase	38254702	running	15899930		2026-04-06T11:11:49+09:00	2026-04-06T11:11:49+09:00					0
SRX1010106	ce11	RNA polymerase	1846797	running	15899932		2026-04-06T11:11:49+09:00	2026-04-06T11:11:49+09:00					0
SRX1010104	ce11	RNA polymerase	47790140	running	15899931		2026-04-06T11:11:49+09:00	2026-04-06T11:11:49+09:00					0
SRX065718	ce11	TFs and others	6153186	done	15899885		2026-04-06T11:09:57+09:00	2026-04-06T11:11:52+09:00	13	102	115		0
SRX059228	ce11	Histone	19141045	done	15899801		2026-04-06T11:04:11+09:00	2026-04-06T11:11:52+09:00	106	354	460		0
SRX065725	ce11	TFs and others	8960112	done	15899888		2026-04-06T11:10:05+09:00	2026-04-06T11:11:53+09:00	15	92	107		0
SRX1010108	ce11	RNA polymerase	4692533	running	15899933		2026-04-06T11:11:53+09:00	2026-04-06T11:11:53+09:00					0
SRX10144728	ce11	ATAC-Seq	53318775	running	15899934		2026-04-06T11:11:53+09:00	2026-04-06T11:11:53+09:00					0
SRX10144729	ce11	ATAC-Seq	69225522	running	15899935		2026-04-06T11:11:55+09:00	2026-04-06T11:11:55+09:00					0
SRX1007132	ce11	RNA polymerase	2905382	done	15899925		2026-04-06T11:11:35+09:00	2026-04-06T11:11:55+09:00	7	13	20		0
SRX1007131	ce11	RNA polymerase	6085075	done	15899924		2026-04-06T11:11:29+09:00	2026-04-06T11:11:57+09:00	14	14	28		0
SRX10144731	ce11	ATAC-Seq	66095729	running	15899937		2026-04-06T11:11:58+09:00	2026-04-06T11:11:58+09:00					0
SRX10144730	ce11	ATAC-Seq	82331130	running	15899936		2026-04-06T11:11:58+09:00	2026-04-06T11:11:58+09:00					0
SRX065717	ce11	TFs and others	6148093	done	15899884		2026-04-06T11:09:54+09:00	2026-04-06T11:11:58+09:00	16	108	124		0
SRX10144732	ce11	ATAC-Seq	94001427	running	15899938		2026-04-06T11:11:58+09:00	2026-04-06T11:11:58+09:00					0
SRX094515	ce11	TFs and others	3221462	done	15899923		2026-04-06T11:11:28+09:00	2026-04-06T11:11:59+09:00	12	19	31		0
SRX059255	ce11	Histone	25891064	done	15899825		2026-04-06T11:04:53+09:00	2026-04-06T11:11:59+09:00	39	386	425		0
SRX080061	ce11	TFs and others	5371132	done	15899894		2026-04-06T11:10:16+09:00	2026-04-06T11:11:59+09:00	24	79	103		0
SRX080078	ce11	TFs and others	5303031	done	15899904		2026-04-06T11:10:39+09:00	2026-04-06T11:12:01+09:00	13	68	81		0
SRX10144733	ce11	ATAC-Seq	74504288	running	15899939		2026-04-06T11:12:02+09:00	2026-04-06T11:12:02+09:00					0
SRX10144736	ce11	ATAC-Seq	65409952	running	15899942		2026-04-06T11:12:02+09:00	2026-04-06T11:12:02+09:00					0
SRX10144735	ce11	ATAC-Seq	79047962	running	15899941		2026-04-06T11:12:02+09:00	2026-04-06T11:12:02+09:00					0
SRX10144734	ce11	ATAC-Seq	56172329	running	15899940		2026-04-06T11:12:02+09:00	2026-04-06T11:12:02+09:00					0
SRX080087	ce11	TFs and others	4800550	done	15899909		2026-04-06T11:10:52+09:00	2026-04-06T11:12:02+09:00	11	59	70		0
SRX080090	ce11	TFs and others	5139276	done	15899911		2026-04-06T11:10:52+09:00	2026-04-06T11:12:03+09:00	12	59	71		0
SRX10144738	ce11	ATAC-Seq	93407826	running	15899944		2026-04-06T11:12:04+09:00	2026-04-06T11:12:04+09:00					0
SRX10144737	ce11	ATAC-Seq	71692877	running	15899943		2026-04-06T11:12:04+09:00	2026-04-06T11:12:04+09:00					0
SRX065722	ce11	TFs and others	8304966	done	15899887		2026-04-06T11:10:03+09:00	2026-04-06T11:12:04+09:00	21	100	121		0
SRX10144739	ce11	ATAC-Seq	76927674	running	15899945		2026-04-06T11:12:07+09:00	2026-04-06T11:12:07+09:00					0
SRX080096	ce11	TFs and others	4663656	done	15899914		2026-04-06T11:11:03+09:00	2026-04-06T11:12:07+09:00	11	53	64		0
SRX080100	ce11	TFs and others	2751348	done	15899916		2026-04-06T11:11:14+09:00	2026-04-06T11:12:09+09:00	18	37	55		0
SRX10171460	ce11	Histone	9459939	running	15899946		2026-04-06T11:12:10+09:00	2026-04-06T11:12:10+09:00					0
SRX10171471	ce11	Histone	17146943	running	15899947		2026-04-06T11:12:10+09:00	2026-04-06T11:12:10+09:00					0
SRX080076	ce11	TFs and others	4285635	done	15899903		2026-04-06T11:10:36+09:00	2026-04-06T11:12:10+09:00	10	84	94		0
SRX10171472	ce11	Histone	13357392	running	15899948		2026-04-06T11:12:13+09:00	2026-04-06T11:12:13+09:00					0
SRX080082	ce11	TFs and others	6303653	done	15899906		2026-04-06T11:10:43+09:00	2026-04-06T11:12:13+09:00	12	78	90		0
SRX10171473	ce11	Histone	7807636	running	15899949		2026-04-06T11:12:15+09:00	2026-04-06T11:12:15+09:00					0
SRX059244	ce11	Histone	16597845	done	15899816		2026-04-06T11:04:34+09:00	2026-04-06T11:12:19+09:00	174	290	464		0
SRX1007133	ce11	RNA polymerase	9065402	done	15899926		2026-04-06T11:11:37+09:00	2026-04-06T11:12:19+09:00	13	29	42		0
SRX10171474	ce11	Histone	13105655	running	15899950		2026-04-06T11:12:20+09:00	2026-04-06T11:12:20+09:00					0
SRX10171475	ce11	Histone	9996650	running	15899951		2026-04-06T11:12:20+09:00	2026-04-06T11:12:20+09:00					0
SRX080088	ce11	TFs and others	5992012	done	15899910		2026-04-06T11:10:52+09:00	2026-04-06T11:12:20+09:00	14	74	88		0
SRX10171476	ce11	Histone	6091584	running	15899952		2026-04-06T11:12:22+09:00	2026-04-06T11:12:22+09:00					0
SRX065721	ce11	TFs and others	9517145	done	15899886		2026-04-06T11:09:57+09:00	2026-04-06T11:12:22+09:00	16	129	145		0
SRX10171477	ce11	Histone	7767055	running	15899953		2026-04-06T11:12:25+09:00	2026-04-06T11:12:25+09:00					0
SRX065726	ce11	TFs and others	8990633	done	15899889		2026-04-06T11:10:09+09:00	2026-04-06T11:12:27+09:00	28	109	137		0
SRX10171478	ce11	Histone	7405822	running	15899954		2026-04-06T11:12:28+09:00	2026-04-06T11:12:28+09:00					0
SRX063957	ce11	Histone	25891064	done	15899838		2026-04-06T11:05:36+09:00	2026-04-06T11:12:32+09:00	35	381	416		0
SRX1030169	ce11	TFs and others	29502971	running	15899955		2026-04-06T11:12:33+09:00	2026-04-06T11:12:33+09:00					0
SRX080104	ce11	TFs and others	6438791	done	15899918		2026-04-06T11:11:16+09:00	2026-04-06T11:12:43+09:00	14	73	87		0
SRX10342574	ce11	Histone	31994480	running	15899956		2026-04-06T11:12:44+09:00	2026-04-06T11:12:44+09:00					0
SRX059239	ce11	Histone	27183911	done	15899811		2026-04-06T11:04:28+09:00	2026-04-06T11:12:47+09:00	45	454	499		0
SRX10342575	ce11	Histone	33852201	running	15899957		2026-04-06T11:12:49+09:00	2026-04-06T11:12:49+09:00					0
SRX080094	ce11	TFs and others	6016478	done	15899913		2026-04-06T11:10:55+09:00	2026-04-06T11:12:49+09:00	12	102	114		0
SRX10342576	ce11	Histone	43166998	running	15899958		2026-04-06T11:12:51+09:00	2026-04-06T11:12:51+09:00					0
SRX080106	ce11	TFs and others	5315157	done	15899919		2026-04-06T11:11:21+09:00	2026-04-06T11:12:56+09:00	12	82	94		0
SRX10342577	ce11	Histone	40204217	running	15899959		2026-04-06T11:12:57+09:00	2026-04-06T11:12:57+09:00					0
SRX059238	ce11	Histone	27166289	done	15899810		2026-04-06T11:04:25+09:00	2026-04-06T11:12:59+09:00	50	464	514		0
SRX10342590	ce11	Histone	17978083	running	15899960		2026-04-06T11:13:00+09:00	2026-04-06T11:13:00+09:00					0
SRX080102	ce11	TFs and others	6275526	done	15899917		2026-04-06T11:11:14+09:00	2026-04-06T11:13:20+09:00	12	113	125		0
SRX10342591	ce11	Histone	19971878	running	15899961		2026-04-06T11:13:21+09:00	2026-04-06T11:13:21+09:00					0
SRX080098	ce11	TFs and others	7035155	done	15899915		2026-04-06T11:11:11+09:00	2026-04-06T11:13:26+09:00	14	121	135		0
SRX10342592	ce11	Histone	24536500	running	15899962		2026-04-06T11:13:27+09:00	2026-04-06T11:13:27+09:00					0
SRX094473	ce11	Histone	10356199	done	15899920		2026-04-06T11:11:24+09:00	2026-04-06T11:13:46+09:00	18	123	141		0
SRX10342593	ce11	Histone	21968333	running	15899963		2026-04-06T11:13:47+09:00	2026-04-06T11:13:47+09:00					0
SRX1010106	ce11	RNA polymerase	1846797	done	15899932		2026-04-06T11:11:49+09:00	2026-04-06T11:13:56+09:00	18	109	127		0
SRX10342594	ce11	Histone	20325733	running	15899964		2026-04-06T11:13:57+09:00	2026-04-06T11:13:57+09:00					0
SRX076079	ce11	Histone	12806974	done	15899892		2026-04-06T11:10:11+09:00	2026-04-06T11:13:58+09:00	24	202	226		0
SRX10342595	ce11	Histone	21539394	running	15899965		2026-04-06T11:13:58+09:00	2026-04-06T11:13:58+09:00					0
SRX076078	ce11	Histone	12676822	done	15899891		2026-04-06T11:10:09+09:00	2026-04-06T11:14:14+09:00	22	222	244		0
SRX10342596	ce11	Histone	22931718	running	15899966		2026-04-06T11:14:15+09:00	2026-04-06T11:14:15+09:00					0
SRX094475	ce11	Histone	12796605	done	15899921		2026-04-06T11:11:26+09:00	2026-04-06T11:15:02+09:00	22	194	216		0
SRX10342597	ce11	Histone	20823464	running	15899967		2026-04-06T11:15:03+09:00	2026-04-06T11:15:03+09:00					0
SRX076077	ce11	Histone	16917825	done	15899890		2026-04-06T11:10:09+09:00	2026-04-06T11:15:07+09:00	26	271	297		0
SRX10342598	ce11	Histone	22711499	running	15899968		2026-04-06T11:15:08+09:00	2026-04-06T11:15:08+09:00					0
SRX094514	ce11	TFs and others	17659150	done	15899922		2026-04-06T11:11:28+09:00	2026-04-06T11:16:18+09:00	33	257	290		0
SRX10342599	ce11	Histone	22815753	running	15899969		2026-04-06T11:16:19+09:00	2026-04-06T11:16:19+09:00					0
SRX10342591	ce11	Histone	19971878	done	15899961		2026-04-06T11:13:21+09:00	2026-04-06T11:19:52+09:00	35	356	391		0
SRX10342600	ce11	Histone	20409694	running	15899970		2026-04-06T11:19:53+09:00	2026-04-06T11:19:53+09:00					0
SRX1007136	ce11	RNA polymerase	34711485	done	15899928		2026-04-06T11:11:44+09:00	2026-04-06T11:20:42+09:00	49	489	538		0
SRX10342601	ce11	Histone	21049530	running	15899971		2026-04-06T11:20:43+09:00	2026-04-06T11:20:43+09:00					0
SRX10342594	ce11	Histone	20325733	done	15899964		2026-04-06T11:13:57+09:00	2026-04-06T11:20:47+09:00	34	375	409		0
SRX10398999	ce11	TFs and others	17744254	running	15899972		2026-04-06T11:20:48+09:00	2026-04-06T11:20:48+09:00					0
SRX1007137	ce11	RNA polymerase	37064023	done	15899929		2026-04-06T11:11:49+09:00	2026-04-06T11:20:57+09:00	55	492	547		0
SRX10399000	ce11	TFs and others	3543318	running	15899973		2026-04-06T11:20:58+09:00	2026-04-06T11:20:58+09:00					0
SRX10342590	ce11	Histone	17978083	done	15899960		2026-04-06T11:13:00+09:00	2026-04-06T11:21:21+09:00	154	346	500		0
SRX10399002	ce11	TFs and others	10134276	running	15899974		2026-04-06T11:21:22+09:00	2026-04-06T11:21:22+09:00					0
SRX1030169	ce11	TFs and others	29502971	done	15899955		2026-04-06T11:12:33+09:00	2026-04-06T11:21:25+09:00	47	485	532		0
SRX10399003	ce11	TFs and others	11520084	running	15899975		2026-04-06T11:21:26+09:00	2026-04-06T11:21:26+09:00					0
SRX10342592	ce11	Histone	24536500	done	15899962		2026-04-06T11:13:27+09:00	2026-04-06T11:21:28+09:00	40	440	480		0
SRX10342595	ce11	Histone	21539394	done	15899965		2026-04-06T11:13:58+09:00	2026-04-06T11:21:28+09:00	38	412	450		0
SRX10399006	ce11	TFs and others	6324800	running	15899976		2026-04-06T11:21:30+09:00	2026-04-06T11:21:30+09:00					0
SRX10399007	ce11	TFs and others	7823566	running	15899977		2026-04-06T11:21:30+09:00	2026-04-06T11:21:30+09:00					0
SRX10342593	ce11	Histone	21968333	done	15899963		2026-04-06T11:13:47+09:00	2026-04-06T11:21:31+09:00	35	428	463		0
SRX10399012	ce11	TFs and others	12931999	running	15899978		2026-04-06T11:21:32+09:00	2026-04-06T11:21:32+09:00					0
SRX1007138	ce11	RNA polymerase	38254702	done	15899930		2026-04-06T11:11:49+09:00	2026-04-06T11:21:33+09:00	56	527	583		0
SRX10399013	ce11	TFs and others	26032717	running	15899979		2026-04-06T11:21:34+09:00	2026-04-06T11:21:34+09:00					0
SRX10342596	ce11	Histone	22931718	done	15899966		2026-04-06T11:14:15+09:00	2026-04-06T11:21:55+09:00	33	426	459		0
SRX10399015	ce11	TFs and others	19274405	running	15899980		2026-04-06T11:21:56+09:00	2026-04-06T11:21:56+09:00					0
SRX10342597	ce11	Histone	20823464	done	15899967		2026-04-06T11:15:03+09:00	2026-04-06T11:21:59+09:00	31	385	416		0
SRX10399016	ce11	TFs and others	16652358	running	15899981		2026-04-06T11:22:00+09:00	2026-04-06T11:22:00+09:00					0
SRX10171478	ce11	Histone	7405822	done	15899954		2026-04-06T11:12:28+09:00	2026-04-06T11:22:13+09:00	77	507	584		0
SRX10399019	ce11	TFs and others	10584561	running	15899982		2026-04-06T11:22:14+09:00	2026-04-06T11:22:14+09:00					0
SRX10399000	ce11	TFs and others	3543318	done	15899973		2026-04-06T11:20:58+09:00	2026-04-06T11:22:15+09:00	12	65	77		0
SRX1007135	ce11	RNA polymerase	44398214	done	15899927		2026-04-06T11:11:37+09:00	2026-04-06T11:22:17+09:00	62	578	640		0
SRX10399020	ce11	TFs and others	9344915	running	15899983		2026-04-06T11:22:18+09:00	2026-04-06T11:22:18+09:00					0
SRX10399023	ce11	TFs and others	30237542	running	15899984		2026-04-06T11:22:18+09:00	2026-04-06T11:22:18+09:00					0
SRX10171473	ce11	Histone	7807636	done	15899949		2026-04-06T11:12:15+09:00	2026-04-06T11:22:19+09:00	71	532	603		0
SRX10399024	ce11	TFs and others	10514863	running	15899985		2026-04-06T11:22:21+09:00	2026-04-06T11:22:21+09:00					0
SRX10171477	ce11	Histone	7767055	done	15899953		2026-04-06T11:12:25+09:00	2026-04-06T11:22:46+09:00	65	555	620		0
SRX10399027	ce11	TFs and others	13755672	running	15899986		2026-04-06T11:22:47+09:00	2026-04-06T11:22:47+09:00					0
SRX10342598	ce11	Histone	22711499	done	15899968		2026-04-06T11:15:08+09:00	2026-04-06T11:22:59+09:00	35	435	470		0
SRX10399028	ce11	TFs and others	11513557	running	15899987		2026-04-06T11:23:00+09:00	2026-04-06T11:23:00+09:00					0
SRX1010108	ce11	RNA polymerase	4692533	done	15899933		2026-04-06T11:11:53+09:00	2026-04-06T11:23:31+09:00	316	381	697		0
SRX10399029	ce11	TFs and others	12305094	running	15899988		2026-04-06T11:23:32+09:00	2026-04-06T11:23:32+09:00					0
SRX10399006	ce11	TFs and others	6324800	done	15899976		2026-04-06T11:21:30+09:00	2026-04-06T11:23:38+09:00	17	110	127		0
SRX10399033	ce11	TFs and others	12727087	running	15899989		2026-04-06T11:23:39+09:00	2026-04-06T11:23:39+09:00					0
SRX10399002	ce11	TFs and others	10134276	done	15899974		2026-04-06T11:21:22+09:00	2026-04-06T11:23:55+09:00	21	132	153		0
SRX10399035	ce11	TFs and others	15240550	running	15899990		2026-04-06T11:23:56+09:00	2026-04-06T11:23:56+09:00					0
SRX10342599	ce11	Histone	22815753	done	15899969		2026-04-06T11:16:19+09:00	2026-04-06T11:24:12+09:00	35	438	473		0
SRX10399036	ce11	TFs and others	9752445	running	15899991		2026-04-06T11:24:13+09:00	2026-04-06T11:24:13+09:00					0
SRX10399007	ce11	TFs and others	7823566	done	15899977		2026-04-06T11:21:30+09:00	2026-04-06T11:24:17+09:00	17	150	167		0
SRX10435504	ce11	TFs and others	28415103	running	15899992		2026-04-06T11:24:18+09:00	2026-04-06T11:24:18+09:00					0
SRX10171476	ce11	Histone	6091584	done	15899952		2026-04-06T11:12:22+09:00	2026-04-06T11:24:32+09:00	312	417	729		0
SRX10435505	ce11	TFs and others	26879836	running	15899993		2026-04-06T11:24:33+09:00	2026-04-06T11:24:33+09:00					0
SRX10399003	ce11	TFs and others	11520084	done	15899975		2026-04-06T11:21:26+09:00	2026-04-06T11:25:35+09:00	25	224	249		0
SRX10435506	ce11	TFs and others	13134824	running	15899994		2026-04-06T11:25:36+09:00	2026-04-06T11:25:36+09:00					0
SRX10399020	ce11	TFs and others	9344915	done	15899983		2026-04-06T11:22:18+09:00	2026-04-06T11:25:37+09:00	19	180	199		0
SRX10435507	ce11	TFs and others	15101882	running	15899995		2026-04-06T11:25:38+09:00	2026-04-06T11:25:38+09:00					0
SRX10398999	ce11	TFs and others	17744254	done	15899972		2026-04-06T11:20:48+09:00	2026-04-06T11:25:59+09:00	31	279	310		0
SRX10435508	ce11	TFs and others	6835838	running	15899996		2026-04-06T11:26:00+09:00	2026-04-06T11:26:00+09:00					0
SRX10399019	ce11	TFs and others	10584561	done	15899982		2026-04-06T11:22:14+09:00	2026-04-06T11:26:03+09:00	29	199	228		0
SRX10435509	ce11	TFs and others	21224863	running	15899997		2026-04-06T11:26:04+09:00	2026-04-06T11:26:04+09:00					0
SRX10171475	ce11	Histone	9996650	done	15899951		2026-04-06T11:12:20+09:00	2026-04-06T11:26:04+09:00	129	695	824		0
SRX10399012	ce11	TFs and others	12931999	done	15899978		2026-04-06T11:21:32+09:00	2026-04-06T11:26:05+09:00	30	241	271		0
SRX10435511	ce11	TFs and others	11456007	running	15899999		2026-04-06T11:26:06+09:00	2026-04-06T11:26:06+09:00					0
SRX10435510	ce11	TFs and others	22508594	running	15899998		2026-04-06T11:26:06+09:00	2026-04-06T11:26:06+09:00					0
SRX1010104	ce11	RNA polymerase	47790140	done	15899931		2026-04-06T11:11:49+09:00	2026-04-06T11:26:19+09:00	80	790	870		0
SRX10435522	ce11	TFs and others	19737524	running	15900000		2026-04-06T11:26:20+09:00	2026-04-06T11:26:20+09:00					0
SRX10399024	ce11	TFs and others	10514863	done	15899985		2026-04-06T11:22:21+09:00	2026-04-06T11:26:23+09:00	23	218	241		0
SRX10435523	ce11	TFs and others	17374353	running	15900001		2026-04-06T11:26:24+09:00	2026-04-06T11:26:24+09:00					0
SRX10342600	ce11	Histone	20409694	done	15899970		2026-04-06T11:19:53+09:00	2026-04-06T11:26:46+09:00	37	375	412		0
SRX10435524	ce11	TFs and others	17673881	running	15900002		2026-04-06T11:26:47+09:00	2026-04-06T11:26:47+09:00					0
SRX10399028	ce11	TFs and others	11513557	done	15899987		2026-04-06T11:23:00+09:00	2026-04-06T11:27:32+09:00	22	250	272		0
SRX10435525	ce11	TFs and others	21755740	running	15900003		2026-04-06T11:27:33+09:00	2026-04-06T11:27:33+09:00					0
SRX10399027	ce11	TFs and others	13755672	done	15899986		2026-04-06T11:22:47+09:00	2026-04-06T11:27:37+09:00	26	263	289		0
SRX10435526	ce11	TFs and others	26895587	running	15900004		2026-04-06T11:27:38+09:00	2026-04-06T11:27:38+09:00					0
SRX10342601	ce11	Histone	21049530	done	15899971		2026-04-06T11:20:43+09:00	2026-04-06T11:27:51+09:00	36	391	427		0
SRX10435527	ce11	TFs and others	16193821	running	15900005		2026-04-06T11:27:52+09:00	2026-04-06T11:27:52+09:00					0
SRX10399016	ce11	TFs and others	16652358	done	15899981		2026-04-06T11:22:00+09:00	2026-04-06T11:27:56+09:00	36	319	355		0
SRX10435528	ce11	TFs and others	15770325	running	15900006		2026-04-06T11:27:57+09:00	2026-04-06T11:27:57+09:00					0
SRX10342574	ce11	Histone	31994480	done	15899956		2026-04-06T11:12:44+09:00	2026-04-06T11:28:05+09:00	62	859	921		0
SRX10435529	ce11	TFs and others	21391298	running	15900007		2026-04-06T11:28:06+09:00	2026-04-06T11:28:06+09:00					0
SRX10399036	ce11	TFs and others	9752445	done	15899991		2026-04-06T11:24:13+09:00	2026-04-06T11:28:18+09:00	23	221	244		0
SRX10435530	ce11	TFs and others	15548551	running	15900008		2026-04-06T11:28:19+09:00	2026-04-06T11:28:19+09:00					0
SRX10399033	ce11	TFs and others	12727087	done	15899989		2026-04-06T11:23:39+09:00	2026-04-06T11:28:21+09:00	24	258	282		0
SRX10435531	ce11	TFs and others	14873708	running	15900009		2026-04-06T11:28:22+09:00	2026-04-06T11:28:22+09:00					0
SRX10399015	ce11	TFs and others	19274405	done	15899980		2026-04-06T11:21:56+09:00	2026-04-06T11:28:38+09:00	34	368	402		0
SRX10435532	ce11	TFs and others	13590622	running	15900010		2026-04-06T11:28:39+09:00	2026-04-06T11:28:39+09:00					0
SRX10435508	ce11	TFs and others	6835838	done	15899996		2026-04-06T11:26:00+09:00	2026-04-06T11:28:39+09:00	17	142	159		0
SRX10435533	ce11	TFs and others	23068113	running	15900011		2026-04-06T11:28:42+09:00	2026-04-06T11:28:42+09:00					0
SRX10342577	ce11	Histone	40204217	done	15899959		2026-04-06T11:12:57+09:00	2026-04-06T11:28:43+09:00	80	866	946		0
SRX10435534	ce11	TFs and others	10997362	running	15900012		2026-04-06T11:28:45+09:00	2026-04-06T11:28:45+09:00					0
SRX10171472	ce11	Histone	13357392	done	15899948		2026-04-06T11:12:13+09:00	2026-04-06T11:29:02+09:00	104	905	1009		0
SRX10435535	ce11	TFs and others	18842116	running	15900013		2026-04-06T11:29:03+09:00	2026-04-06T11:29:03+09:00					0
SRX10399035	ce11	TFs and others	15240550	done	15899990		2026-04-06T11:23:56+09:00	2026-04-06T11:29:20+09:00	30	294	324		0
SRX10435536	ce11	TFs and others	16581305	running	15900014		2026-04-06T11:29:21+09:00	2026-04-06T11:29:21+09:00					0
SRX10399029	ce11	TFs and others	12305094	done	15899988		2026-04-06T11:23:32+09:00	2026-04-06T11:29:21+09:00	25	323	348		0
SRX10435537	ce11	TFs and others	9949032	running	15900015		2026-04-06T11:29:23+09:00	2026-04-06T11:29:23+09:00					0
SRX10342575	ce11	Histone	33852201	done	15899957		2026-04-06T11:12:49+09:00	2026-04-06T11:29:25+09:00	80	916	996		0
SRX10680855	ce11	TFs and others	13636350	running	15900016		2026-04-06T11:29:26+09:00	2026-04-06T11:29:26+09:00					0
SRX10171474	ce11	Histone	13105655	done	15899950		2026-04-06T11:12:20+09:00	2026-04-06T11:29:27+09:00	120	907	1027		0
SRX10680856	ce11	TFs and others	14110734	running	15900017		2026-04-06T11:29:29+09:00	2026-04-06T11:29:29+09:00					0
SRX10435506	ce11	TFs and others	13134824	done	15899994		2026-04-06T11:25:36+09:00	2026-04-06T11:30:18+09:00	28	254	282		0
SRX10680858	ce11	TFs and others	6669380	running	15900018		2026-04-06T11:30:21+09:00	2026-04-06T11:30:21+09:00					0
SRX10435511	ce11	TFs and others	11456007	done	15899999		2026-04-06T11:26:06+09:00	2026-04-06T11:30:29+09:00	24	239	263		0
SRX10680859	ce11	TFs and others	9853605	running	15900019		2026-04-06T11:30:30+09:00	2026-04-06T11:30:30+09:00					0
SRX10171460	ce11	Histone	9459939	done	15899946		2026-04-06T11:12:10+09:00	2026-04-06T11:30:43+09:00	478	634	1112		0
SRX10925641	ce11	Histone	20770353	running	15900020		2026-04-06T11:30:44+09:00	2026-04-06T11:30:44+09:00					0
SRX10399013	ce11	TFs and others	26032717	done	15899979		2026-04-06T11:21:34+09:00	2026-04-06T11:31:53+09:00	50	568	618		0
SRX10925642	ce11	Histone	21701825	running	15900021		2026-04-06T11:31:54+09:00	2026-04-06T11:31:54+09:00					0
SRX10144736	ce11	ATAC-Seq	65409952	done	15899942		2026-04-06T11:12:02+09:00	2026-04-06T11:32:11+09:00	104	1105	1209		0
SRX10925643	ce11	Histone	22745630	running	15900022		2026-04-06T11:32:12+09:00	2026-04-06T11:32:12+09:00					0
SRX10435505	ce11	TFs and others	26879836	done	15899993		2026-04-06T11:24:33+09:00	2026-04-06T11:32:35+09:00	47	434	481		0
SRX10680858	ce11	TFs and others	6669380	done	15900018		2026-04-06T11:30:21+09:00	2026-04-06T11:32:36+09:00	14	120	134		0
SRX10925644	ce11	Histone	22996189	running	15900023		2026-04-06T11:32:36+09:00	2026-04-06T11:32:36+09:00					0
SRX10925645	ce11	Histone	20799027	running	15900024		2026-04-06T11:32:38+09:00	2026-04-06T11:32:38+09:00					0
SRX10435523	ce11	TFs and others	17374353	done	15900001		2026-04-06T11:26:24+09:00	2026-04-06T11:32:40+09:00	33	343	376		0
SRX10925646	ce11	Histone	23165936	running	15900025		2026-04-06T11:32:41+09:00	2026-04-06T11:32:41+09:00					0
SRX10144728	ce11	ATAC-Seq	53318775	done	15899934		2026-04-06T11:11:53+09:00	2026-04-06T11:32:48+09:00	100	1155	1255		0
SRX10925647	ce11	Histone	22878026	running	15900026		2026-04-06T11:32:50+09:00	2026-04-06T11:32:50+09:00					0
SRX10435522	ce11	TFs and others	19737524	done	15900000		2026-04-06T11:26:20+09:00	2026-04-06T11:32:56+09:00	37	358	395		0
SRX10925648	ce11	Histone	22236561	running	15900027		2026-04-06T11:32:59+09:00	2026-04-06T11:32:59+09:00					0
SRX10435504	ce11	TFs and others	28415103	done	15899992		2026-04-06T11:24:18+09:00	2026-04-06T11:33:05+09:00	49	478	527		0
SRX10925649	ce11	Histone	23424289	running	15900028		2026-04-06T11:33:06+09:00	2026-04-06T11:33:06+09:00					0
SRX10435524	ce11	TFs and others	17673881	done	15900002		2026-04-06T11:26:47+09:00	2026-04-06T11:33:15+09:00	35	352	387		0
SRX10925650	ce11	Histone	23421007	running	15900029		2026-04-06T11:33:16+09:00	2026-04-06T11:33:16+09:00					0
SRX10435534	ce11	TFs and others	10997362	done	15900012		2026-04-06T11:28:45+09:00	2026-04-06T11:33:16+09:00	25	245	270		0
SRX10925653	ce11	Histone	20163185	running	15900030		2026-04-06T11:33:16+09:00	2026-04-06T11:33:16+09:00					0
SRX10435530	ce11	TFs and others	15548551	done	15900008		2026-04-06T11:28:19+09:00	2026-04-06T11:33:16+09:00	31	266	297		0
SRX10925654	ce11	Histone	22079937	running	15900031		2026-04-06T11:33:17+09:00	2026-04-06T11:33:17+09:00					0
SRX10680859	ce11	TFs and others	9853605	done	15900019		2026-04-06T11:30:30+09:00	2026-04-06T11:33:23+09:00	18	155	173		0
SRX10435531	ce11	TFs and others	14873708	done	15900009		2026-04-06T11:28:22+09:00	2026-04-06T11:33:24+09:00	28	274	302		0
SRX10925656	ce11	Histone	22645149	running	15900033		2026-04-06T11:33:26+09:00	2026-04-06T11:33:26+09:00					0
SRX10925655	ce11	Histone	24657757	running	15900032		2026-04-06T11:33:26+09:00	2026-04-06T11:33:26+09:00					0
SRX10435537	ce11	TFs and others	9949032	done	15900015		2026-04-06T11:29:23+09:00	2026-04-06T11:33:39+09:00	21	235	256		0
SRX10925679	ce11	Histone	21745646	running	15900034		2026-04-06T11:33:41+09:00	2026-04-06T11:33:41+09:00					0
SRX10435528	ce11	TFs and others	15770325	done	15900006		2026-04-06T11:27:57+09:00	2026-04-06T11:33:44+09:00	31	316	347		0
SRX10925680	ce11	Histone	21684131	running	15900035		2026-04-06T11:33:45+09:00	2026-04-06T11:33:45+09:00					0
SRX10435527	ce11	TFs and others	16193821	done	15900005		2026-04-06T11:27:52+09:00	2026-04-06T11:33:50+09:00	32	325	357		0
SRX10925681	ce11	Histone	22685309	running	15900036		2026-04-06T11:33:51+09:00	2026-04-06T11:33:51+09:00					0
SRX10680855	ce11	TFs and others	13636350	done	15900016		2026-04-06T11:29:26+09:00	2026-04-06T11:33:57+09:00	21	250	271		0
SRX10925682	ce11	Histone	23185339	running	15900037		2026-04-06T11:34:00+09:00	2026-04-06T11:34:00+09:00					0
SRX10435510	ce11	TFs and others	22508594	done	15899998		2026-04-06T11:26:06+09:00	2026-04-06T11:34:16+09:00	44	445	489		0
SRX10925683	ce11	Histone	23315447	running	15900038		2026-04-06T11:34:17+09:00	2026-04-06T11:34:17+09:00					0
SRX10435532	ce11	TFs and others	13590622	done	15900010		2026-04-06T11:28:39+09:00	2026-04-06T11:34:21+09:00	33	309	342		0
SRX10925684	ce11	Histone	23505606	running	15900039		2026-04-06T11:34:23+09:00	2026-04-06T11:34:23+09:00					0
SRX10144733	ce11	ATAC-Seq	74504288	done	15899939		2026-04-06T11:12:02+09:00	2026-04-06T11:34:30+09:00	101	1247	1348		0
SRX1099836	ce11	TFs and others	6675524	running	15900040		2026-04-06T11:34:32+09:00	2026-04-06T11:34:32+09:00					0
SRX10435525	ce11	TFs and others	21755740	done	15900003		2026-04-06T11:27:33+09:00	2026-04-06T11:34:35+09:00	43	378	421		0
SRX1099837	ce11	TFs and others	20043959	running	15900041		2026-04-06T11:34:38+09:00	2026-04-06T11:34:38+09:00					0
SRX10680856	ce11	TFs and others	14110734	done	15900017		2026-04-06T11:29:29+09:00	2026-04-06T11:34:43+09:00	35	279	314		0
SRX1099838	ce11	TFs and others	12979175	running	15900042		2026-04-06T11:34:44+09:00	2026-04-06T11:34:44+09:00					0
SRX10435507	ce11	TFs and others	15101882	done	15899995		2026-04-06T11:25:38+09:00	2026-04-06T11:34:45+09:00	33	513	546		0
SRX1099839	ce11	TFs and others	9521857	running	15900043		2026-04-06T11:34:46+09:00	2026-04-06T11:34:46+09:00					0
SRX10435529	ce11	TFs and others	21391298	done	15900007		2026-04-06T11:28:06+09:00	2026-04-06T11:35:19+09:00	37	395	432		0
SRX1099840	ce11	TFs and others	18006842	running	15900044		2026-04-06T11:35:22+09:00	2026-04-06T11:35:22+09:00					0
SRX10435509	ce11	TFs and others	21224863	done	15899997		2026-04-06T11:26:04+09:00	2026-04-06T11:35:42+09:00	36	542	578		0
SRX1099841	ce11	TFs and others	10264029	running	15900045		2026-04-06T11:35:43+09:00	2026-04-06T11:35:43+09:00					0
SRX10144737	ce11	ATAC-Seq	71692877	done	15899943		2026-04-06T11:12:04+09:00	2026-04-06T11:35:53+09:00	167	1262	1429		0
SRX11322242	ce11	RNA polymerase	8119087	running	15900046		2026-04-06T11:35:55+09:00	2026-04-06T11:35:55+09:00					0
SRX10435536	ce11	TFs and others	16581305	done	15900014		2026-04-06T11:29:21+09:00	2026-04-06T11:35:57+09:00	33	362	395		0
SRX11322243	ce11	RNA polymerase	8727747	running	15900047		2026-04-06T11:35:58+09:00	2026-04-06T11:35:58+09:00					0
SRX10144730	ce11	ATAC-Seq	82331130	done	15899936		2026-04-06T11:11:58+09:00	2026-04-06T11:36:10+09:00	142	1310	1452		0
SRX11322244	ce11	Histone	10584893	running	15900048		2026-04-06T11:36:13+09:00	2026-04-06T11:36:13+09:00					0
SRX10435526	ce11	TFs and others	26895587	done	15900004		2026-04-06T11:27:38+09:00	2026-04-06T11:36:14+09:00	46	469	515		0
SRX11322245	ce11	Histone	6526657	running	15900049		2026-04-06T11:36:16+09:00	2026-04-06T11:36:16+09:00					0
SRX10435535	ce11	TFs and others	18842116	done	15900013		2026-04-06T11:29:03+09:00	2026-04-06T11:36:28+09:00	37	407	444		0
SRX1132912	ce11	TFs and others	14191303	running	15900050		2026-04-06T11:36:29+09:00	2026-04-06T11:36:29+09:00					0
SRX1099838	ce11	TFs and others	12979175	done	15900042		2026-04-06T11:34:44+09:00	2026-04-06T11:36:43+09:00	15	104	119		0
SRX1132915	ce11	Histone	22878101	running	15900051		2026-04-06T11:36:45+09:00	2026-04-06T11:36:45+09:00					0
SRX10435533	ce11	TFs and others	23068113	done	15900011		2026-04-06T11:28:42+09:00	2026-04-06T11:37:02+09:00	42	457	499		0
SRX1132916	ce11	TFs and others	29558379	running	15900052		2026-04-06T11:37:02+09:00	2026-04-06T11:37:02+09:00					0
SRX1099836	ce11	TFs and others	6675524	done	15900040		2026-04-06T11:34:32+09:00	2026-04-06T11:37:05+09:00	18	135	153		0
SRX1132918	ce11	Histone	25944757	running	15900053		2026-04-06T11:37:08+09:00	2026-04-06T11:37:08+09:00					0
SRX1099837	ce11	TFs and others	20043959	done	15900041		2026-04-06T11:34:38+09:00	2026-04-06T11:37:47+09:00	21	167	188		0
SRX1132919	ce11	TFs and others	12232138	running	15900054		2026-04-06T11:37:49+09:00	2026-04-06T11:37:49+09:00					0
SRX1099839	ce11	TFs and others	9521857	done	15900043		2026-04-06T11:34:46+09:00	2026-04-06T11:38:23+09:00	26	191	217		0
SRX113600	ce11	Histone	7970866	running	15900055		2026-04-06T11:38:24+09:00	2026-04-06T11:38:24+09:00					0
SRX1099840	ce11	TFs and others	18006842	done	15900044		2026-04-06T11:35:22+09:00	2026-04-06T11:38:28+09:00	27	159	186		0
SRX113601	ce11	Histone	12127846	running	15900056		2026-04-06T11:38:29+09:00	2026-04-06T11:38:29+09:00					0
SRX10925641	ce11	Histone	20770353	done	15900020		2026-04-06T11:30:44+09:00	2026-04-06T11:39:15+09:00	47	464	511		0
SRX113602	ce11	Histone	12375428	running	15900057		2026-04-06T11:39:16+09:00	2026-04-06T11:39:16+09:00					0
SRX10342576	ce11	Histone	43166998	done	15899958		2026-04-06T11:12:51+09:00	2026-04-06T11:39:16+09:00	585	1000	1585		0
SRX113603	ce11	Histone	23808649	running	15900058		2026-04-06T11:39:17+09:00	2026-04-06T11:39:18+09:00					0
SRX1099841	ce11	TFs and others	10264029	done	15900045		2026-04-06T11:35:43+09:00	2026-04-06T11:39:36+09:00	23	210	233		0
SRX113604	ce11	Histone	11039671	running	15900059		2026-04-06T11:39:37+09:00	2026-04-06T11:39:37+09:00					0
SRX10925645	ce11	Histone	20799027	done	15900024		2026-04-06T11:32:38+09:00	2026-04-06T11:39:53+09:00	46	388	434		0
SRX113605	ce11	Histone	11435261	running	15900060		2026-04-06T11:39:55+09:00	2026-04-06T11:39:55+09:00					0
SRX11322242	ce11	RNA polymerase	8119087	done	15900046		2026-04-06T11:35:55+09:00	2026-04-06T11:40:22+09:00	32	235	267		0
SRX113606	ce11	Histone	9740995	running	15900061		2026-04-06T11:40:23+09:00	2026-04-06T11:40:23+09:00					0
SRX10925648	ce11	Histone	22236561	done	15900027		2026-04-06T11:32:59+09:00	2026-04-06T11:40:26+09:00	50	396	446		0
SRX113607	ce11	Histone	8241670	running	15900062		2026-04-06T11:40:27+09:00	2026-04-06T11:40:27+09:00					0
SRX11322245	ce11	Histone	6526657	done	15900049		2026-04-06T11:36:16+09:00	2026-04-06T11:40:31+09:00	32	223	255		0
SRX113608	ce11	Histone	6956186	running	15900063		2026-04-06T11:40:32+09:00	2026-04-06T11:40:32+09:00					0
SRX10925647	ce11	Histone	22878026	done	15900026		2026-04-06T11:32:50+09:00	2026-04-06T11:40:36+09:00	54	411	465		0
SRX113600	ce11	Histone	7970866	done	15900055		2026-04-06T11:38:24+09:00	2026-04-06T11:40:36+09:00	12	120	132		0
SRX113609	ce11	Histone	14958099	running	15900064		2026-04-06T11:40:37+09:00	2026-04-06T11:40:37+09:00					0
SRX113610	ce11	Histone	14341616	running	15900065		2026-04-06T11:40:37+09:00	2026-04-06T11:40:37+09:00					0
SRX10925646	ce11	Histone	23165936	done	15900025		2026-04-06T11:32:41+09:00	2026-04-06T11:40:42+09:00	51	429	480		0
SRX10925642	ce11	Histone	21701825	done	15900021		2026-04-06T11:31:54+09:00	2026-04-06T11:40:43+09:00	53	476	529		0
SRX113611	ce11	Histone	15876751	running	15900066		2026-04-06T11:40:43+09:00	2026-04-06T11:40:43+09:00					0
SRX11322243	ce11	RNA polymerase	8727747	done	15900047		2026-04-06T11:35:58+09:00	2026-04-06T11:40:43+09:00	32	252	284		0
SRX113617	ce11	Histone	6857333	running	15900068		2026-04-06T11:40:45+09:00	2026-04-06T11:40:45+09:00					0
SRX113616	ce11	Histone	7097223	running	15900067		2026-04-06T11:40:45+09:00	2026-04-06T11:40:45+09:00					0
SRX10925679	ce11	Histone	21745646	done	15900034		2026-04-06T11:33:41+09:00	2026-04-06T11:41:06+09:00	47	397	444		0
SRX113618	ce11	Histone	7627245	running	15900069		2026-04-06T11:41:07+09:00	2026-04-06T11:41:07+09:00					0
SRX10925653	ce11	Histone	20163185	done	15900030		2026-04-06T11:33:16+09:00	2026-04-06T11:41:12+09:00	44	431	475		0
SRX113619	ce11	Histone	7562954	running	15900070		2026-04-06T11:41:13+09:00	2026-04-06T11:41:13+09:00					0
SRX10925643	ce11	Histone	22745630	done	15900022		2026-04-06T11:32:12+09:00	2026-04-06T11:41:21+09:00	52	496	548		0
SRX113620	ce11	Histone	6873247	running	15900071		2026-04-06T11:41:22+09:00	2026-04-06T11:41:22+09:00					0
SRX10925649	ce11	Histone	23424289	done	15900028		2026-04-06T11:33:06+09:00	2026-04-06T11:41:23+09:00	53	444	497		0
SRX113621	ce11	Histone	7751200	running	15900072		2026-04-06T11:41:24+09:00	2026-04-06T11:41:24+09:00					0
SRX10925681	ce11	Histone	22685309	done	15900036		2026-04-06T11:33:51+09:00	2026-04-06T11:41:25+09:00	51	401	452		0
SRX11633392	ce11	TFs and others	11159475	running	15900073		2026-04-06T11:41:28+09:00	2026-04-06T11:41:28+09:00					0
SRX1132912	ce11	TFs and others	14191303	done	15900050		2026-04-06T11:36:29+09:00	2026-04-06T11:41:32+09:00	30	272	302		0
SRX11633393	ce11	TFs and others	14335432	running	15900074		2026-04-06T11:41:33+09:00	2026-04-06T11:41:33+09:00					0
SRX10925682	ce11	Histone	23185339	done	15900037		2026-04-06T11:34:00+09:00	2026-04-06T11:41:43+09:00	52	410	462		0
SRX11633394	ce11	TFs and others	9798601	running	15900075		2026-04-06T11:41:44+09:00	2026-04-06T11:41:44+09:00					0
SRX113601	ce11	Histone	12127846	done	15900056		2026-04-06T11:38:29+09:00	2026-04-06T11:41:45+09:00	16	180	196		0
SRX11633395	ce11	TFs and others	11081177	running	15900076		2026-04-06T11:41:47+09:00	2026-04-06T11:41:47+09:00					0
SRX10925644	ce11	Histone	22996189	done	15900023		2026-04-06T11:32:36+09:00	2026-04-06T11:41:47+09:00	51	500	551		0
SRX10925680	ce11	Histone	21684131	done	15900035		2026-04-06T11:33:45+09:00	2026-04-06T11:41:46+09:00	87	393	480		0
SRX10925650	ce11	Histone	23421007	done	15900029		2026-04-06T11:33:16+09:00	2026-04-06T11:41:48+09:00	64	448	512		0
SRX10925654	ce11	Histone	22079937	done	15900031		2026-04-06T11:33:17+09:00	2026-04-06T11:41:48+09:00	49	462	511		0
SRX11633400	ce11	TFs and others	13997378	running	15900078		2026-04-06T11:41:49+09:00	2026-04-06T11:41:49+09:00					0
SRX11633396	ce11	TFs and others	14804697	running	15900077		2026-04-06T11:41:49+09:00	2026-04-06T11:41:49+09:00					0
SRX11633401	ce11	TFs and others	18428596	running	15900079		2026-04-06T11:41:49+09:00	2026-04-06T11:41:49+09:00					0
SRX11633402	ce11	TFs and others	22364902	running	15900080		2026-04-06T11:41:49+09:00	2026-04-06T11:41:49+09:00					0
SRX113608	ce11	Histone	6956186	done	15900063		2026-04-06T11:40:32+09:00	2026-04-06T11:42:19+09:00	13	94	107		0
SRX11633403	ce11	TFs and others	10732127	running	15900081		2026-04-06T11:42:20+09:00	2026-04-06T11:42:20+09:00					0
SRX1132919	ce11	TFs and others	12232138	done	15900054		2026-04-06T11:37:49+09:00	2026-04-06T11:42:24+09:00	25	249	274		0
SRX11633404	ce11	TFs and others	17038881	running	15900082		2026-04-06T11:42:25+09:00	2026-04-06T11:42:25+09:00					0
SRX10925656	ce11	Histone	22645149	done	15900033		2026-04-06T11:33:26+09:00	2026-04-06T11:42:25+09:00	54	485	539		0
SRX11633405	ce11	TFs and others	27402976	running	15900083		2026-04-06T11:42:28+09:00	2026-04-06T11:42:28+09:00					0
SRX113602	ce11	Histone	12375428	done	15900057		2026-04-06T11:39:16+09:00	2026-04-06T11:42:30+09:00	15	179	194		0
SRX118221	ce11	TFs and others	3773496	running	15900084		2026-04-06T11:42:31+09:00	2026-04-06T11:42:31+09:00					0
SRX10925683	ce11	Histone	23315447	done	15900038		2026-04-06T11:34:17+09:00	2026-04-06T11:42:39+09:00	59	442	501		0
SRX118222	ce11	TFs and others	3560372	running	15900085		2026-04-06T11:42:40+09:00	2026-04-06T11:42:40+09:00					0
SRX113604	ce11	Histone	11039671	done	15900059		2026-04-06T11:39:37+09:00	2026-04-06T11:42:42+09:00	15	169	184		0
SRX118226	ce11	TFs and others	7426844	running	15900086		2026-04-06T11:42:43+09:00	2026-04-06T11:42:43+09:00					0
SRX10925684	ce11	Histone	23505606	done	15900039		2026-04-06T11:34:23+09:00	2026-04-06T11:42:44+09:00	55	445	500		0
SRX118227	ce11	TFs and others	11242035	running	15900087		2026-04-06T11:42:45+09:00	2026-04-06T11:42:45+09:00					0
SRX113617	ce11	Histone	6857333	done	15900068		2026-04-06T11:40:45+09:00	2026-04-06T11:42:47+09:00	12	110	122		0
SRX120286	ce11	TFs and others	6307945	running	15900088		2026-04-06T11:42:48+09:00	2026-04-06T11:42:48+09:00					0
SRX113607	ce11	Histone	8241670	done	15900062		2026-04-06T11:40:27+09:00	2026-04-06T11:42:49+09:00	12	130	142		0
SRX120287	ce11	TFs and others	6005290	running	15900089		2026-04-06T11:42:52+09:00	2026-04-06T11:42:52+09:00					0
SRX11322244	ce11	Histone	10584893	done	15900048		2026-04-06T11:36:13+09:00	2026-04-06T11:42:54+09:00	40	360	400		0
SRX1299429	ce11	Histone	8967527	running	15900090		2026-04-06T11:42:55+09:00	2026-04-06T11:42:55+09:00					0
SRX113616	ce11	Histone	7097223	done	15900067		2026-04-06T11:40:45+09:00	2026-04-06T11:42:57+09:00	12	120	132		0
SRX13110309	ce11	RNA polymerase	9205537	running	15900091		2026-04-06T11:42:58+09:00	2026-04-06T11:42:58+09:00					0
SRX113605	ce11	Histone	11435261	done	15900060		2026-04-06T11:39:55+09:00	2026-04-06T11:43:05+09:00	15	175	190		0
SRX13110311	ce11	RNA polymerase	10742112	running	15900092		2026-04-06T11:43:06+09:00	2026-04-06T11:43:06+09:00					0
SRX118226	ce11	TFs and others	7426844	done	15900086		2026-04-06T11:42:43+09:00	2026-04-06T11:43:07+09:00	7	17	24		0
SRX13110313	ce11	RNA polymerase	7352008	running	15900093		2026-04-06T11:43:09+09:00	2026-04-06T11:43:09+09:00					0
SRX10925655	ce11	Histone	24657757	done	15900032		2026-04-06T11:33:26+09:00	2026-04-06T11:43:13+09:00	68	519	587		0
SRX13110314	ce11	RNA polymerase	18087252	running	15900095		2026-04-06T11:43:14+09:00	2026-04-06T11:43:14+09:00					0
SRX113606	ce11	Histone	9740995	done	15900061		2026-04-06T11:40:23+09:00	2026-04-06T11:43:17+09:00	22	151	173		0
SRX13110315	ce11	RNA polymerase	21198851	running	15900096		2026-04-06T11:43:20+09:00	2026-04-06T11:43:20+09:00					0
SRX113618	ce11	Histone	7627245	done	15900069		2026-04-06T11:41:07+09:00	2026-04-06T11:43:20+09:00	12	121	133		0
SRX118227	ce11	TFs and others	11242035	done	15900087		2026-04-06T11:42:45+09:00	2026-04-06T11:43:22+09:00	9	27	36		0
SRX13110319	ce11	TFs and others	16705645	running	15900097		2026-04-06T11:43:22+09:00	2026-04-06T11:43:22+09:00					0
SRX13110320	ce11	TFs and others	16561614	running	15900098		2026-04-06T11:43:25+09:00	2026-04-06T11:43:25+09:00					0
SRX118222	ce11	TFs and others	3560372	done	15900085		2026-04-06T11:42:40+09:00	2026-04-06T11:43:26+09:00	8	38	46		0
SRX113619	ce11	Histone	7562954	done	15900070		2026-04-06T11:41:13+09:00	2026-04-06T11:43:27+09:00	13	120	133		0
SRX113620	ce11	Histone	6873247	done	15900071		2026-04-06T11:41:22+09:00	2026-04-06T11:43:27+09:00	12	113	125		0
SRX13110321	ce11	TFs and others	19007906	running	15900099		2026-04-06T11:43:28+09:00	2026-04-06T11:43:28+09:00					0
SRX13110324	ce11	TFs and others	16808427	running	15900101		2026-04-06T11:43:28+09:00	2026-04-06T11:43:28+09:00					0
SRX13110322	ce11	TFs and others	14600942	running	15900100		2026-04-06T11:43:28+09:00	2026-04-06T11:43:28+09:00					0
SRX118221	ce11	TFs and others	3773496	done	15900084		2026-04-06T11:42:31+09:00	2026-04-06T11:43:29+09:00	9	49	58		0
SRX13110326	ce11	TFs and others	13613036	running	15900102		2026-04-06T11:43:32+09:00	2026-04-06T11:43:32+09:00					0
SRX10144734	ce11	ATAC-Seq	56172329	done	15899940		2026-04-06T11:12:02+09:00	2026-04-06T11:43:36+09:00	873	1021	1894		0
SRX13110327	ce11	TFs and others	17825908	running	15900103		2026-04-06T11:43:37+09:00	2026-04-06T11:43:37+09:00					0
SRX113621	ce11	Histone	7751200	done	15900072		2026-04-06T11:41:24+09:00	2026-04-06T11:43:39+09:00	13	121	134		0
SRX13110328	ce11	TFs and others	18467068	running	15900104		2026-04-06T11:43:43+09:00	2026-04-06T11:43:43+09:00					0
SRX113610	ce11	Histone	14341616	done	15900065		2026-04-06T11:40:37+09:00	2026-04-06T11:44:04+09:00	18	189	207		0
SRX13110329	ce11	TFs and others	13248824	running	15900105		2026-04-06T11:44:05+09:00	2026-04-06T11:44:05+09:00					0
SRX120287	ce11	TFs and others	6005290	done	15900089		2026-04-06T11:42:52+09:00	2026-04-06T11:44:17+09:00	12	73	85		0
SRX13110330	ce11	TFs and others	13049705	running	15900106		2026-04-06T11:44:19+09:00	2026-04-06T11:44:19+09:00					0
SRX120286	ce11	TFs and others	6307945	done	15900088		2026-04-06T11:42:48+09:00	2026-04-06T11:44:27+09:00	11	88	99		0
SRX13110341	ce11	TFs and others	16667868	running	15900107		2026-04-06T11:44:29+09:00	2026-04-06T11:44:29+09:00					0
SRX113609	ce11	Histone	14958099	done	15900064		2026-04-06T11:40:37+09:00	2026-04-06T11:44:29+09:00	24	208	232		0
SRX13110342	ce11	TFs and others	17870653	running	15900108		2026-04-06T11:44:31+09:00	2026-04-06T11:44:31+09:00					0
SRX1132915	ce11	Histone	22878101	done	15900051		2026-04-06T11:36:45+09:00	2026-04-06T11:44:46+09:00	50	431	481		0
SRX13110343	ce11	TFs and others	16519686	running	15900109		2026-04-06T11:44:47+09:00	2026-04-06T11:44:47+09:00					0
SRX113611	ce11	Histone	15876751	done	15900066		2026-04-06T11:40:43+09:00	2026-04-06T11:44:49+09:00	20	225	245		0
SRX13110344	ce11	TFs and others	17904533	running	15900110		2026-04-06T11:44:50+09:00	2026-04-06T11:44:50+09:00					0
SRX113603	ce11	Histone	23808649	done	15900058		2026-04-06T11:39:17+09:00	2026-04-06T11:45:16+09:00	25	332	357		0
SRX13110345	ce11	TFs and others	13003194	running	15900111		2026-04-06T11:45:19+09:00	2026-04-06T11:45:19+09:00					0
SRX1132918	ce11	Histone	25944757	done	15900053		2026-04-06T11:37:08+09:00	2026-04-06T11:45:50+09:00	46	476	522		0
SRX13110346	ce11	TFs and others	11741156	running	15900112		2026-04-06T11:45:51+09:00	2026-04-06T11:45:51+09:00					0
SRX1299429	ce11	Histone	8967527	done	15900090		2026-04-06T11:42:55+09:00	2026-04-06T11:45:53+09:00	19	159	178		0
SRX13110347	ce11	TFs and others	19147033	running	15900113		2026-04-06T11:45:54+09:00	2026-04-06T11:45:54+09:00					0
SRX11633392	ce11	TFs and others	11159475	done	15900073		2026-04-06T11:41:28+09:00	2026-04-06T11:46:01+09:00	29	243	272		0
SRX13110348	ce11	TFs and others	15860083	running	15900114		2026-04-06T11:46:02+09:00	2026-04-06T11:46:02+09:00					0
SRX11633394	ce11	TFs and others	9798601	done	15900075		2026-04-06T11:41:44+09:00	2026-04-06T11:46:09+09:00	23	242	265		0
SRX13110349	ce11	TFs and others	20522787	running	15900115		2026-04-06T11:46:10+09:00	2026-04-06T11:46:10+09:00					0
SRX13110313	ce11	RNA polymerase	7352008	done	15900093		2026-04-06T11:43:09+09:00	2026-04-06T11:46:14+09:00	48	137	185		0
SRX13110350	ce11	TFs and others	15997017	running	15900116		2026-04-06T11:46:15+09:00	2026-04-06T11:46:15+09:00					0
SRX13110309	ce11	RNA polymerase	9205537	done	15900091		2026-04-06T11:42:58+09:00	2026-04-06T11:46:33+09:00	21	193	214		0
SRX13110351	ce11	TFs and others	12742419	running	15900117		2026-04-06T11:46:34+09:00	2026-04-06T11:46:34+09:00					0
SRX10399023	ce11	TFs and others	30237542	done	15899984		2026-04-06T11:22:18+09:00	2026-04-06T11:46:45+09:00	118	1349	1467		0
SRX13110352	ce11	TFs and others	8256086	running	15900118		2026-04-06T11:46:46+09:00	2026-04-06T11:46:46+09:00					0
SRX1132916	ce11	TFs and others	29558379	done	15900052		2026-04-06T11:37:02+09:00	2026-04-06T11:46:47+09:00	58	527	585		0
SRX13110354	ce11	TFs and others	20710289	running	15900119		2026-04-06T11:46:48+09:00	2026-04-06T11:46:48+09:00					0
SRX11633395	ce11	TFs and others	11081177	done	15900076		2026-04-06T11:41:47+09:00	2026-04-06T11:46:48+09:00	26	275	301		0
SRX13110311	ce11	RNA polymerase	10742112	done	15900092		2026-04-06T11:43:06+09:00	2026-04-06T11:46:49+09:00	24	198	222		0
SRX13110356	ce11	TFs and others	15902738	running	15900120		2026-04-06T11:46:51+09:00	2026-04-06T11:46:51+09:00					0
SRX13496419	ce11	TFs and others	12054970	running	15900121		2026-04-06T11:46:51+09:00	2026-04-06T11:46:51+09:00					0
SRX11633403	ce11	TFs and others	10732127	done	15900081		2026-04-06T11:42:20+09:00	2026-04-06T11:47:12+09:00	27	265	292		0
SRX13496420	ce11	TFs and others	16285563	running	15900122		2026-04-06T11:47:13+09:00	2026-04-06T11:47:13+09:00					0
SRX11633400	ce11	TFs and others	13997378	done	15900078		2026-04-06T11:41:49+09:00	2026-04-06T11:47:16+09:00	35	292	327		0
SRX1353663	ce11	TFs and others	14006131	running	15900123		2026-04-06T11:47:19+09:00	2026-04-06T11:47:19+09:00					0
SRX11633393	ce11	TFs and others	14335432	done	15900074		2026-04-06T11:41:33+09:00	2026-04-06T11:47:57+09:00	33	350	383		0
SRX1353664	ce11	TFs and others	15191543	running	15900124		2026-04-06T11:47:58+09:00	2026-04-06T11:47:58+09:00					0
SRX13110326	ce11	TFs and others	13613036	done	15900102		2026-04-06T11:43:32+09:00	2026-04-06T11:48:06+09:00	33	241	274		0
SRX1353665	ce11	TFs and others	14247449	running	15900125		2026-04-06T11:48:07+09:00	2026-04-06T11:48:07+09:00					0
SRX10144731	ce11	ATAC-Seq	66095729	done	15899937		2026-04-06T11:11:58+09:00	2026-04-06T11:48:20+09:00	1059	1123	2182		0
SRX1353666	ce11	TFs and others	14547030	running	15900126		2026-04-06T11:48:21+09:00	2026-04-06T11:48:21+09:00					0
SRX13110328	ce11	TFs and others	18467068	done	15900104		2026-04-06T11:43:43+09:00	2026-04-06T11:48:44+09:00	35	265	300		0
SRX1353667	ce11	TFs and others	15113259	running	15900127		2026-04-06T11:48:47+09:00	2026-04-06T11:48:47+09:00					0
SRX13110327	ce11	TFs and others	17825908	done	15900103		2026-04-06T11:43:37+09:00	2026-04-06T11:48:52+09:00	34	280	314		0
SRX1353668	ce11	TFs and others	14864045	running	15900128		2026-04-06T11:48:53+09:00	2026-04-06T11:48:53+09:00					0
SRX13110319	ce11	TFs and others	16705645	done	15900097		2026-04-06T11:43:22+09:00	2026-04-06T11:49:03+09:00	35	306	341		0
SRX1388756	ce11	RNA polymerase	4071852	running	15900129		2026-04-06T11:49:04+09:00	2026-04-06T11:49:04+09:00					0
SRX13110329	ce11	TFs and others	13248824	done	15900105		2026-04-06T11:44:05+09:00	2026-04-06T11:49:08+09:00	27	275	302		0
SRX1388757	ce11	RNA polymerase	4094047	running	15900130		2026-04-06T11:49:09+09:00	2026-04-06T11:49:09+09:00					0
SRX11633396	ce11	TFs and others	14804697	done	15900077		2026-04-06T11:41:49+09:00	2026-04-06T11:49:15+09:00	65	380	445		0
SRX1388758	ce11	RNA polymerase	4494469	running	15900131		2026-04-06T11:49:16+09:00	2026-04-06T11:49:16+09:00					0
SRX13110322	ce11	TFs and others	14600942	done	15900100		2026-04-06T11:43:28+09:00	2026-04-06T11:49:16+09:00	33	314	347		0
SRX1388759	ce11	RNA polymerase	4178244	running	15900132		2026-04-06T11:49:17+09:00	2026-04-06T11:49:17+09:00					0
SRX10171471	ce11	Histone	17146943	done	15899947		2026-04-06T11:12:10+09:00	2026-04-06T11:49:19+09:00	990	1239	2229		0
SRX13110324	ce11	TFs and others	16808427	done	15900101		2026-04-06T11:43:28+09:00	2026-04-06T11:49:20+09:00	39	313	352		0
SRX13110314	ce11	RNA polymerase	18087252	done	15900095		2026-04-06T11:43:14+09:00	2026-04-06T11:49:21+09:00	40	327	367		0
SRX13110345	ce11	TFs and others	13003194	done	15900111		2026-04-06T11:45:19+09:00	2026-04-06T11:49:22+09:00	26	216	242		0
SRX1388760	ce11	RNA polymerase	3999906	running	15900133		2026-04-06T11:49:22+09:00	2026-04-06T11:49:22+09:00					0
SRX1388762	ce11	RNA polymerase	3585613	running	15900135		2026-04-06T11:49:22+09:00	2026-04-06T11:49:22+09:00					0
SRX1388761	ce11	RNA polymerase	6278884	running	15900134		2026-04-06T11:49:22+09:00	2026-04-06T11:49:22+09:00					0
SRX1388763	ce11	RNA polymerase	4976690	running	15900136		2026-04-06T11:49:25+09:00	2026-04-06T11:49:25+09:00					0
SRX13110330	ce11	TFs and others	13049705	done	15900106		2026-04-06T11:44:19+09:00	2026-04-06T11:49:29+09:00	27	283	310		0
SRX1388764	ce11	RNA polymerase	6061718	running	15900137		2026-04-06T11:49:31+09:00	2026-04-06T11:49:31+09:00					0
SRX13110321	ce11	TFs and others	19007906	done	15900099		2026-04-06T11:43:28+09:00	2026-04-06T11:49:45+09:00	56	320	376		0
SRX1388765	ce11	RNA polymerase	4012072	running	15900138		2026-04-06T11:49:46+09:00	2026-04-06T11:49:46+09:00					0
SRX13110320	ce11	TFs and others	16561614	done	15900098		2026-04-06T11:43:25+09:00	2026-04-06T11:49:59+09:00	35	358	393		0
SRX1388766	ce11	RNA polymerase	3615269	running	15900139		2026-04-06T11:50:00+09:00	2026-04-06T11:50:00+09:00					0
SRX13110343	ce11	TFs and others	16519686	done	15900109		2026-04-06T11:44:47+09:00	2026-04-06T11:50:05+09:00	33	284	317		0
SRX13496419	ce11	TFs and others	12054970	done	15900121		2026-04-06T11:46:51+09:00	2026-04-06T11:50:05+09:00	22	172	194		0
SRX1388767	ce11	RNA polymerase	5332698	running	15900140		2026-04-06T11:50:06+09:00	2026-04-06T11:50:06+09:00					0
SRX1388768	ce11	Histone	3322867	running	15900141		2026-04-06T11:50:06+09:00	2026-04-06T11:50:06+09:00					0
SRX13110352	ce11	TFs and others	8256086	done	15900118		2026-04-06T11:46:46+09:00	2026-04-06T11:50:06+09:00	20	180	200		0
SRX1388769	ce11	Histone	3183642	running	15900142		2026-04-06T11:50:10+09:00	2026-04-06T11:50:10+09:00					0
SRX13110341	ce11	TFs and others	16667868	done	15900107		2026-04-06T11:44:29+09:00	2026-04-06T11:50:14+09:00	32	313	345		0
SRX1388770	ce11	Histone	3272186	running	15900143		2026-04-06T11:50:17+09:00	2026-04-06T11:50:17+09:00					0
SRX11633404	ce11	TFs and others	17038881	done	15900082		2026-04-06T11:42:25+09:00	2026-04-06T11:50:17+09:00	40	431	471		0
SRX13110346	ce11	TFs and others	11741156	done	15900112		2026-04-06T11:45:51+09:00	2026-04-06T11:50:19+09:00	29	239	268		0
SRX1388771	ce11	Histone	8786527	running	15900144		2026-04-06T11:50:20+09:00	2026-04-06T11:50:20+09:00					0
SRX1388772	ce11	Histone	6307347	running	15900145		2026-04-06T11:50:20+09:00	2026-04-06T11:50:20+09:00					0
SRX10144729	ce11	ATAC-Seq	69225522	done	15899935		2026-04-06T11:11:55+09:00	2026-04-06T11:50:21+09:00	1110	1196	2306		0
SRX1388773	ce11	Histone	6497093	running	15900146		2026-04-06T11:50:23+09:00	2026-04-06T11:50:23+09:00					0
SRX13110342	ce11	TFs and others	17870653	done	15900108		2026-04-06T11:44:31+09:00	2026-04-06T11:50:29+09:00	33	325	358		0
SRX1388774	ce11	Histone	3261040	running	15900147		2026-04-06T11:50:30+09:00	2026-04-06T11:50:30+09:00					0
SRX13110344	ce11	TFs and others	17904533	done	15900110		2026-04-06T11:44:50+09:00	2026-04-06T11:50:35+09:00	48	297	345		0
SRX1388775	ce11	Histone	2257065	running	15900148		2026-04-06T11:50:37+09:00	2026-04-06T11:50:37+09:00					0
SRX11633401	ce11	TFs and others	18428596	done	15900079		2026-04-06T11:41:49+09:00	2026-04-06T11:50:38+09:00	66	463	529		0
SRX1388776	ce11	Histone	3633709	running	15900149		2026-04-06T11:50:39+09:00	2026-04-06T11:50:39+09:00					0
SRX1388756	ce11	RNA polymerase	4071852	done	15900129		2026-04-06T11:49:04+09:00	2026-04-06T11:50:44+09:00	12	87	99		0
SRX1388777	ce11	Histone	6335686	running	15900150		2026-04-06T11:50:45+09:00	2026-04-06T11:50:45+09:00					0
SRX13110315	ce11	RNA polymerase	21198851	done	15900096		2026-04-06T11:43:20+09:00	2026-04-06T11:50:47+09:00	45	402	447		0
SRX1388778	ce11	Histone	7341639	running	15900151		2026-04-06T11:50:48+09:00	2026-04-06T11:50:48+09:00					0
SRX1388760	ce11	RNA polymerase	3999906	done	15900133		2026-04-06T11:49:22+09:00	2026-04-06T11:50:50+09:00	15	73	88		0
SRX1388779	ce11	Histone	6755648	running	15900152		2026-04-06T11:50:51+09:00	2026-04-06T11:50:51+09:00					0
SRX1388762	ce11	RNA polymerase	3585613	done	15900135		2026-04-06T11:49:22+09:00	2026-04-06T11:50:52+09:00	11	78	89		0
SRX1388757	ce11	RNA polymerase	4094047	done	15900130		2026-04-06T11:49:09+09:00	2026-04-06T11:50:53+09:00	15	89	104		0
SRX146416	ce11	TFs and others	5042449	running	15900154		2026-04-06T11:50:55+09:00	2026-04-06T11:50:55+09:00					0
SRX146415	ce11	TFs and others	1834890	running	15900153		2026-04-06T11:50:55+09:00	2026-04-06T11:50:55+09:00					0
SRX1388759	ce11	RNA polymerase	4178244	done	15900132		2026-04-06T11:49:17+09:00	2026-04-06T11:50:56+09:00	12	86	98		0
SRX146419	ce11	TFs and others	4285635	running	15900155		2026-04-06T11:50:57+09:00	2026-04-06T11:50:57+09:00					0
SRX1388758	ce11	RNA polymerase	4494469	done	15900131		2026-04-06T11:49:16+09:00	2026-04-06T11:51:04+09:00	12	96	108		0
SRX146420	ce11	TFs and others	5303031	running	15900156		2026-04-06T11:51:05+09:00	2026-04-06T11:51:05+09:00					0
SRX1388765	ce11	RNA polymerase	4012072	done	15900138		2026-04-06T11:49:46+09:00	2026-04-06T11:51:20+09:00	12	81	93		0
SRX146423	ce11	TFs and others	3273507	running	15900157		2026-04-06T11:51:21+09:00	2026-04-06T11:51:21+09:00					0
SRX1388766	ce11	RNA polymerase	3615269	done	15900139		2026-04-06T11:50:00+09:00	2026-04-06T11:51:23+09:00	11	72	83		0
SRX146424	ce11	TFs and others	4285296	running	15900158		2026-04-06T11:51:25+09:00	2026-04-06T11:51:25+09:00					0
SRX146415	ce11	TFs and others	1834890	done	15900153		2026-04-06T11:50:55+09:00	2026-04-06T11:51:27+09:00	6	26	32		0
SRX146460	ce11	TFs and others	4285635	running	15900159		2026-04-06T11:51:28+09:00	2026-04-06T11:51:28+09:00					0
SRX1388768	ce11	Histone	3322867	done	15900141		2026-04-06T11:50:06+09:00	2026-04-06T11:51:28+09:00	10	72	82		0
SRX13496420	ce11	TFs and others	16285563	done	15900122		2026-04-06T11:47:13+09:00	2026-04-06T11:51:29+09:00	26	230	256		0
SRX146461	ce11	TFs and others	5303031	running	15900160		2026-04-06T11:51:30+09:00	2026-04-06T11:51:30+09:00					0
SRX146464	ce11	TFs and others	2341051	running	15900161		2026-04-06T11:51:30+09:00	2026-04-06T11:51:30+09:00					0
SRX13110351	ce11	TFs and others	12742419	done	15900117		2026-04-06T11:46:34+09:00	2026-04-06T11:51:30+09:00	25	271	296		0
SRX1388763	ce11	RNA polymerase	4976690	done	15900136		2026-04-06T11:49:25+09:00	2026-04-06T11:51:30+09:00	21	104	125		0
SRX1388769	ce11	Histone	3183642	done	15900142		2026-04-06T11:50:10+09:00	2026-04-06T11:51:31+09:00	11	70	81		0
SRX146468	ce11	TFs and others	3174139	running	15900163		2026-04-06T11:51:33+09:00	2026-04-06T11:51:33+09:00					0
SRX146469	ce11	TFs and others	5185898	running	15900164		2026-04-06T11:51:33+09:00	2026-04-06T11:51:33+09:00					0
SRX146465	ce11	TFs and others	6303653	running	15900162		2026-04-06T11:51:33+09:00	2026-04-06T11:51:33+09:00					0
SRX1388775	ce11	Histone	2257065	done	15900148		2026-04-06T11:50:37+09:00	2026-04-06T11:51:38+09:00	8	53	61		0
SRX1388770	ce11	Histone	3272186	done	15900143		2026-04-06T11:50:17+09:00	2026-04-06T11:51:38+09:00	10	71	81		0
SRX146490	ce11	TFs and others	5700331	running	15900166		2026-04-06T11:51:39+09:00	2026-04-06T11:51:39+09:00					0
SRX146489	ce11	TFs and others	3730166	running	15900165		2026-04-06T11:51:39+09:00	2026-04-06T11:51:39+09:00					0
SRX1388761	ce11	RNA polymerase	6278884	done	15900134		2026-04-06T11:49:22+09:00	2026-04-06T11:51:46+09:00	16	128	144		0
SRX146500	ce11	TFs and others	5078643	running	15900167		2026-04-06T11:51:47+09:00	2026-04-06T11:51:47+09:00					0
SRX146416	ce11	TFs and others	5042449	done	15900154		2026-04-06T11:50:55+09:00	2026-04-06T11:51:53+09:00	9	49	58		0
SRX1388764	ce11	RNA polymerase	6061718	done	15900137		2026-04-06T11:49:31+09:00	2026-04-06T11:51:55+09:00	17	126	143		0
SRX146501	ce11	TFs and others	4816763	running	15900168		2026-04-06T11:51:56+09:00	2026-04-06T11:51:56+09:00					0
SRX146504	ce11	TFs and others	5650319	running	15900169		2026-04-06T11:51:56+09:00	2026-04-06T11:51:56+09:00					0
SRX1388774	ce11	Histone	3261040	done	15900147		2026-04-06T11:50:30+09:00	2026-04-06T11:52:00+09:00	18	72	90		0
SRX146505	ce11	TFs and others	3071171	running	15900170		2026-04-06T11:52:01+09:00	2026-04-06T11:52:01+09:00					0
SRX1388767	ce11	RNA polymerase	5332698	done	15900140		2026-04-06T11:50:06+09:00	2026-04-06T11:52:06+09:00	14	105	119		0
SRX146506	ce11	TFs and others	3783726	running	15900171		2026-04-06T11:52:07+09:00	2026-04-06T11:52:07+09:00					0
SRX1388776	ce11	Histone	3633709	done	15900149		2026-04-06T11:50:39+09:00	2026-04-06T11:52:08+09:00	11	78	89		0
SRX146423	ce11	TFs and others	3273507	done	15900157		2026-04-06T11:51:21+09:00	2026-04-06T11:52:08+09:00	8	39	47		0
SRX146507	ce11	TFs and others	3189324	running	15900172		2026-04-06T11:52:11+09:00	2026-04-06T11:52:11+09:00					0
SRX146512	ce11	TFs and others	4723194	running	15900173		2026-04-06T11:52:11+09:00	2026-04-06T11:52:11+09:00					0
SRX146420	ce11	TFs and others	5303031	done	15900156		2026-04-06T11:51:05+09:00	2026-04-06T11:52:12+09:00	9	58	67		0
SRX146513	ce11	TFs and others	5605041	running	15900174		2026-04-06T11:52:13+09:00	2026-04-06T11:52:13+09:00					0
SRX146424	ce11	TFs and others	4285296	done	15900158		2026-04-06T11:51:25+09:00	2026-04-06T11:52:14+09:00	8	41	49		0
SRX146464	ce11	TFs and others	2341051	done	15900161		2026-04-06T11:51:30+09:00	2026-04-06T11:52:15+09:00	6	39	45		0
SRX146516	ce11	TFs and others	4080576	running	15900175		2026-04-06T11:52:16+09:00	2026-04-06T11:52:16+09:00					0
SRX146517	ce11	TFs and others	2598529	running	15900176		2026-04-06T11:52:16+09:00	2026-04-06T11:52:16+09:00					0
SRX146419	ce11	TFs and others	4285635	done	15900155		2026-04-06T11:50:57+09:00	2026-04-06T11:52:19+09:00	9	73	82		0
SRX146520	ce11	TFs and others	5908241	running	15900177		2026-04-06T11:52:20+09:00	2026-04-06T11:52:20+09:00					0
SRX13110350	ce11	TFs and others	15997017	done	15900116		2026-04-06T11:46:15+09:00	2026-04-06T11:52:21+09:00	31	335	366		0
SRX146521	ce11	TFs and others	6376741	running	15900178		2026-04-06T11:52:22+09:00	2026-04-06T11:52:22+09:00					0
SRX13110348	ce11	TFs and others	15860083	done	15900114		2026-04-06T11:46:02+09:00	2026-04-06T11:52:25+09:00	29	354	383		0
SRX147613	ce11	TFs and others	4718103	running	15900179		2026-04-06T11:52:26+09:00	2026-04-06T11:52:26+09:00					0
SRX146500	ce11	TFs and others	5078643	done	15900167		2026-04-06T11:51:47+09:00	2026-04-06T11:52:26+09:00	9	30	39		0
SRX146468	ce11	TFs and others	3174139	done	15900163		2026-04-06T11:51:33+09:00	2026-04-06T11:52:27+09:00	8	46	54		0
SRX147617	ce11	TFs and others	5170353	running	15900181		2026-04-06T11:52:28+09:00	2026-04-06T11:52:28+09:00					0
SRX147614	ce11	TFs and others	3450416	running	15900180		2026-04-06T11:52:28+09:00	2026-04-06T11:52:28+09:00					0
SRX146489	ce11	TFs and others	3730166	done	15900165		2026-04-06T11:51:39+09:00	2026-04-06T11:52:28+09:00	8	41	49		0
SRX147618	ce11	TFs and others	5324899	running	15900182		2026-04-06T11:52:31+09:00	2026-04-06T11:52:31+09:00					0
SRX146461	ce11	TFs and others	5303031	done	15900160		2026-04-06T11:51:30+09:00	2026-04-06T11:52:36+09:00	9	57	66		0
SRX147621	ce11	TFs and others	4893961	running	15900183		2026-04-06T11:52:38+09:00	2026-04-06T11:52:38+09:00					0
SRX146501	ce11	TFs and others	4816763	done	15900168		2026-04-06T11:51:56+09:00	2026-04-06T11:52:38+09:00	8	34	42		0
SRX147622	ce11	TFs and others	5197141	running	15900184		2026-04-06T11:52:42+09:00	2026-04-06T11:52:42+09:00					0
SRX146465	ce11	TFs and others	6303653	done	15900162		2026-04-06T11:51:33+09:00	2026-04-06T11:52:46+09:00	11	61	72		0
SRX146505	ce11	TFs and others	3071171	done	15900170		2026-04-06T11:52:01+09:00	2026-04-06T11:52:46+09:00	8	37	45		0
SRX147625	ce11	TFs and others	3323286	running	15900185		2026-04-06T11:52:47+09:00	2026-04-06T11:52:47+09:00					0
SRX147626	ce11	TFs and others	5175048	running	15900186		2026-04-06T11:52:47+09:00	2026-04-06T11:52:47+09:00					0
SRX146469	ce11	TFs and others	5185898	done	15900164		2026-04-06T11:51:33+09:00	2026-04-06T11:52:47+09:00	13	61	74		0
SRX1388772	ce11	Histone	6307347	done	15900145		2026-04-06T11:50:20+09:00	2026-04-06T11:52:49+09:00	17	132	149		0
SRX147630	ce11	TFs and others	6036969	running	15900188		2026-04-06T11:52:50+09:00	2026-04-06T11:52:50+09:00					0
SRX147629	ce11	TFs and others	8275721	running	15900187		2026-04-06T11:52:50+09:00	2026-04-06T11:52:50+09:00					0
SRX146460	ce11	TFs and others	4285635	done	15900159		2026-04-06T11:51:28+09:00	2026-04-06T11:52:50+09:00	9	73	82		0
SRX146490	ce11	TFs and others	5700331	done	15900166		2026-04-06T11:51:39+09:00	2026-04-06T11:52:51+09:00	12	60	72		0
SRX147633	ce11	TFs and others	7153813	running	15900189		2026-04-06T11:52:52+09:00	2026-04-06T11:52:52+09:00					0
SRX147634	ce11	TFs and others	8800954	running	15900190		2026-04-06T11:52:52+09:00	2026-04-06T11:52:52+09:00					0
SRX1388773	ce11	Histone	6497093	done	15900146		2026-04-06T11:50:23+09:00	2026-04-06T11:52:55+09:00	17	135	152		0
SRX147637	ce11	TFs and others	5025604	running	15900191		2026-04-06T11:52:56+09:00	2026-04-06T11:52:56+09:00					0
SRX147614	ce11	TFs and others	3450416	done	15900180		2026-04-06T11:52:28+09:00	2026-04-06T11:52:56+09:00	7	21	28		0
SRX147638	ce11	TFs and others	4358445	running	15900192		2026-04-06T11:52:58+09:00	2026-04-06T11:52:58+09:00					0
SRX146517	ce11	TFs and others	2598529	done	15900176		2026-04-06T11:52:16+09:00	2026-04-06T11:52:58+09:00	7	35	42		0
SRX146520	ce11	TFs and others	5908241	done	15900177		2026-04-06T11:52:20+09:00	2026-04-06T11:52:59+09:00	10	28	38		0
SRX11633402	ce11	TFs and others	22364902	done	15900080		2026-04-06T11:41:49+09:00	2026-04-06T11:53:01+09:00	102	570	672		0
SRX147641	ce11	TFs and others	7461455	running	15900193		2026-04-06T11:53:02+09:00	2026-04-06T11:53:02+09:00					0
SRX147642	ce11	TFs and others	6026182	running	15900194		2026-04-06T11:53:02+09:00	2026-04-06T11:53:02+09:00					0
SRX147645	ce11	TFs and others	6410115	running	15900195		2026-04-06T11:53:02+09:00	2026-04-06T11:53:02+09:00					0
SRX146507	ce11	TFs and others	3189324	done	15900172		2026-04-06T11:52:11+09:00	2026-04-06T11:53:05+09:00	8	46	54		0
SRX147646	ce11	TFs and others	5672599	running	15900196		2026-04-06T11:53:05+09:00	2026-04-06T11:53:05+09:00					0
SRX1388777	ce11	Histone	6335686	done	15900150		2026-04-06T11:50:45+09:00	2026-04-06T11:53:09+09:00	14	129	143		0
SRX10144739	ce11	ATAC-Seq	76927674	done	15899945		2026-04-06T11:12:07+09:00	2026-04-06T11:53:10+09:00	1168	1295	2463		0
SRX148638	ce11	Histone	9883662	running	15900198		2026-04-06T11:53:11+09:00	2026-04-06T11:53:11+09:00					0
SRX148637	ce11	Histone	15301248	running	15900197		2026-04-06T11:53:11+09:00	2026-04-06T11:53:11+09:00					0
SRX146516	ce11	TFs and others	4080576	done	15900175		2026-04-06T11:52:16+09:00	2026-04-06T11:53:13+09:00	9	48	57		0
SRX148639	ce11	Histone	14860990	running	15900199		2026-04-06T11:53:14+09:00	2026-04-06T11:53:14+09:00					0
SRX13110356	ce11	TFs and others	15902738	done	15900120		2026-04-06T11:46:51+09:00	2026-04-06T11:53:14+09:00	33	349	382		0
SRX151402	ce11	TFs and others	6620262	running	15900200		2026-04-06T11:53:16+09:00	2026-04-06T11:53:16+09:00					0
SRX146506	ce11	TFs and others	3783726	done	15900171		2026-04-06T11:52:07+09:00	2026-04-06T11:53:19+09:00	8	64	72		0
SRX1388779	ce11	Histone	6755648	done	15900152		2026-04-06T11:50:51+09:00	2026-04-06T11:53:21+09:00	14	135	149		0
SRX151406	ce11	TFs and others	8913638	running	15900202		2026-04-06T11:53:23+09:00	2026-04-06T11:53:23+09:00					0
SRX151403	ce11	TFs and others	5821931	running	15900201		2026-04-06T11:53:23+09:00	2026-04-06T11:53:23+09:00					0
SRX13110347	ce11	TFs and others	19147033	done	15900113		2026-04-06T11:45:54+09:00	2026-04-06T11:53:24+09:00	39	411	450		0
SRX151407	ce11	TFs and others	4892808	running	15900203		2026-04-06T11:53:25+09:00	2026-04-06T11:53:25+09:00					0
SRX147625	ce11	TFs and others	3323286	done	15900185		2026-04-06T11:52:47+09:00	2026-04-06T11:53:35+09:00	9	39	48		0
SRX1388778	ce11	Histone	7341639	done	15900151		2026-04-06T11:50:48+09:00	2026-04-06T11:53:35+09:00	15	151	166		0
SRX1388771	ce11	Histone	8786527	done	15900144		2026-04-06T11:50:20+09:00	2026-04-06T11:53:35+09:00	19	175	194		0
SRX146513	ce11	TFs and others	5605041	done	15900174		2026-04-06T11:52:13+09:00	2026-04-06T11:53:35+09:00	10	72	82		0
SRX15407768	ce11	TFs and others	9758566	running	15900204		2026-04-06T11:53:35+09:00	2026-04-06T11:53:35+09:00					0
SRX15407769	ce11	TFs and others	11193660	running	15900205		2026-04-06T11:53:35+09:00	2026-04-06T11:53:35+09:00					0
SRX15407770	ce11	TFs and others	11771068	running	15900206		2026-04-06T11:53:35+09:00	2026-04-06T11:53:35+09:00					0
SRX15407771	ce11	TFs and others	10957458	running	15900207		2026-04-06T11:53:35+09:00	2026-04-06T11:53:35+09:00					0
SRX147613	ce11	TFs and others	4718103	done	15900179		2026-04-06T11:52:26+09:00	2026-04-06T11:53:41+09:00	9	65	74		0
SRX146504	ce11	TFs and others	5650319	done	15900169		2026-04-06T11:51:56+09:00	2026-04-06T11:53:42+09:00	49	57	106		0
SRX15407772	ce11	TFs and others	31442701	running	15900208		2026-04-06T11:53:43+09:00	2026-04-06T11:53:43+09:00					0
SRX15407773	ce11	TFs and others	29489415	running	15900209		2026-04-06T11:53:43+09:00	2026-04-06T11:53:43+09:00					0
SRX146521	ce11	TFs and others	6376741	done	15900178		2026-04-06T11:52:22+09:00	2026-04-06T11:53:44+09:00	11	71	82		0
SRX146512	ce11	TFs and others	4723194	done	15900173		2026-04-06T11:52:11+09:00	2026-04-06T11:53:44+09:00	24	69	93		0
SRX147617	ce11	TFs and others	5170353	done	15900181		2026-04-06T11:52:28+09:00	2026-04-06T11:53:45+09:00	10	67	77		0
SRX147618	ce11	TFs and others	5324899	done	15900182		2026-04-06T11:52:31+09:00	2026-04-06T11:53:45+09:00	10	64	74		0
SRX15407774	ce11	TFs and others	31369868	running	15900210		2026-04-06T11:53:46+09:00	2026-04-06T11:53:46+09:00					0
SRX15407775	ce11	TFs and others	11737620	running	15900211		2026-04-06T11:53:46+09:00	2026-04-06T11:53:46+09:00					0
SRX15407776	ce11	TFs and others	18679526	running	15900212		2026-04-06T11:53:46+09:00	2026-04-06T11:53:46+09:00					0
SRX15407777	ce11	TFs and others	20540584	running	15900213		2026-04-06T11:53:46+09:00	2026-04-06T11:53:46+09:00					0
SRX13110349	ce11	TFs and others	20522787	done	15900115		2026-04-06T11:46:10+09:00	2026-04-06T11:53:47+09:00	37	420	457		0
SRX15407778	ce11	TFs and others	20407605	running	15900214		2026-04-06T11:53:49+09:00	2026-04-06T11:53:49+09:00					0
SRX147638	ce11	TFs and others	4358445	done	15900192		2026-04-06T11:52:58+09:00	2026-04-06T11:53:54+09:00	9	47	56		0
SRX147622	ce11	TFs and others	5197141	done	15900184		2026-04-06T11:52:42+09:00	2026-04-06T11:53:54+09:00	9	63	72		0
SRX15407779	ce11	TFs and others	19314090	running	15900215		2026-04-06T11:53:55+09:00	2026-04-06T11:53:55+09:00					0
SRX15407780	ce11	TFs and others	16524259	running	15900216		2026-04-06T11:53:58+09:00	2026-04-06T11:53:58+09:00					0
SRX147646	ce11	TFs and others	5672599	done	15900196		2026-04-06T11:53:05+09:00	2026-04-06T11:54:00+09:00	10	45	55		0
SRX147621	ce11	TFs and others	4893961	done	15900183		2026-04-06T11:52:38+09:00	2026-04-06T11:54:00+09:00	22	60	82		0
SRX15625451	ce11	TFs and others	372219041	running	15900218		2026-04-06T11:54:01+09:00	2026-04-06T11:54:01+09:00					0
SRX15407781	ce11	TFs and others	19171822	running	15900217		2026-04-06T11:54:01+09:00	2026-04-06T11:54:01+09:00					0
SRX147637	ce11	TFs and others	5025604	done	15900191		2026-04-06T11:52:56+09:00	2026-04-06T11:54:01+09:00	12	53	65		0
SRX15887167	ce11	TFs and others	41359758	running	15900219		2026-04-06T11:54:04+09:00	2026-04-06T11:54:04+09:00					0
SRX147629	ce11	TFs and others	8275721	done	15900187		2026-04-06T11:52:50+09:00	2026-04-06T11:54:04+09:00	13	61	74		0
SRX15887168	ce11	TFs and others	22188057	running	15900220		2026-04-06T11:54:05+09:00	2026-04-06T11:54:05+09:00					0
SRX147630	ce11	TFs and others	6036969	done	15900188		2026-04-06T11:52:50+09:00	2026-04-06T11:54:07+09:00	12	65	77		0
SRX15887169	ce11	TFs and others	23556759	running	15900221		2026-04-06T11:54:09+09:00	2026-04-06T11:54:09+09:00					0
SRX147645	ce11	TFs and others	6410115	done	15900195		2026-04-06T11:53:02+09:00	2026-04-06T11:54:21+09:00	12	67	79		0
SRX15887170	ce11	TFs and others	35799607	running	15900222		2026-04-06T11:54:22+09:00	2026-04-06T11:54:22+09:00					0
SRX147626	ce11	TFs and others	5175048	done	15900186		2026-04-06T11:52:47+09:00	2026-04-06T11:54:23+09:00	20	75	95		0
SRX147633	ce11	TFs and others	7153813	done	15900189		2026-04-06T11:52:52+09:00	2026-04-06T11:54:24+09:00	15	77	92		0
SRX15887172	ce11	TFs and others	12931999	running	15900223		2026-04-06T11:54:25+09:00	2026-04-06T11:54:25+09:00					0
SRX15887173	ce11	TFs and others	26032717	running	15900224		2026-04-06T11:54:25+09:00	2026-04-06T11:54:25+09:00					0
SRX147642	ce11	TFs and others	6026182	done	15900194		2026-04-06T11:53:02+09:00	2026-04-06T11:54:25+09:00	10	73	83		0
SRX15887175	ce11	TFs and others	19274405	running	15900225		2026-04-06T11:54:28+09:00	2026-04-06T11:54:28+09:00					0
SRX151402	ce11	TFs and others	6620262	done	15900200		2026-04-06T11:53:16+09:00	2026-04-06T11:54:31+09:00	15	60	75		0
SRX15887176	ce11	TFs and others	16652358	running	15900226		2026-04-06T11:54:32+09:00	2026-04-06T11:54:32+09:00					0
SRX10144735	ce11	ATAC-Seq	79047962	done	15899941		2026-04-06T11:12:02+09:00	2026-04-06T11:54:38+09:00	1267	1289	2556		0
SRX15887178	ce11	TFs and others	12727087	running	15900227		2026-04-06T11:54:39+09:00	2026-04-06T11:54:39+09:00					0
SRX151403	ce11	TFs and others	5821931	done	15900201		2026-04-06T11:53:23+09:00	2026-04-06T11:54:40+09:00	13	64	77		0
SRX15887179	ce11	TFs and others	42920540	running	15900228		2026-04-06T11:54:41+09:00	2026-04-06T11:54:41+09:00					0
SRX147634	ce11	TFs and others	8800954	done	15900190		2026-04-06T11:52:52+09:00	2026-04-06T11:54:42+09:00	17	92	109		0
SRX151407	ce11	TFs and others	4892808	done	15900203		2026-04-06T11:53:25+09:00	2026-04-06T11:54:43+09:00	9	69	78		0
SRX15887181	ce11	TFs and others	15240550	running	15900229		2026-04-06T11:54:45+09:00	2026-04-06T11:54:45+09:00					0
SRX15887182	ce11	TFs and others	9752445	running	15900230		2026-04-06T11:54:45+09:00	2026-04-06T11:54:45+09:00					0
SRX147641	ce11	TFs and others	7461455	done	15900193		2026-04-06T11:53:02+09:00	2026-04-06T11:54:45+09:00	12	91	103		0
SRX15887187	ce11	TFs and others	23011225	running	15900231		2026-04-06T11:54:47+09:00	2026-04-06T11:54:47+09:00					0
SRX13110354	ce11	TFs and others	20710289	done	15900119		2026-04-06T11:46:48+09:00	2026-04-06T11:54:50+09:00	39	443	482		0
SRX15887188	ce11	TFs and others	11520084	running	15900232		2026-04-06T11:54:51+09:00	2026-04-06T11:54:51+09:00					0
SRX11633405	ce11	TFs and others	27402976	done	15900083		2026-04-06T11:42:28+09:00	2026-04-06T11:54:58+09:00	55	695	750		0
SRX15887191	ce11	TFs and others	13755672	running	15900233		2026-04-06T11:54:59+09:00	2026-04-06T11:54:59+09:00					0
SRX151406	ce11	TFs and others	8913638	done	15900202		2026-04-06T11:53:23+09:00	2026-04-06T11:55:40+09:00	13	124	137		0
SRX15887194	ce11	TFs and others	10514863	running	15900234		2026-04-06T11:55:43+09:00	2026-04-06T11:55:43+09:00					0
SRX148638	ce11	Histone	9883662	done	15900198		2026-04-06T11:53:11+09:00	2026-04-06T11:55:49+09:00	28	129	157		0
SRX15887195	ce11	TFs and others	30237542	running	15900235		2026-04-06T11:55:50+09:00	2026-04-06T11:55:50+09:00					0
SRX148639	ce11	Histone	14860990	done	15900199		2026-04-06T11:53:14+09:00	2026-04-06T11:56:28+09:00	21	172	193		0
SRX15887197	ce11	TFs and others	22496276	running	15900236		2026-04-06T11:56:29+09:00	2026-04-06T11:56:29+09:00					0
SRX15407768	ce11	TFs and others	9758566	done	15900204		2026-04-06T11:53:35+09:00	2026-04-06T11:56:38+09:00	22	161	183		0
SRX15887198	ce11	TFs and others	9243704	running	15900237		2026-04-06T11:56:39+09:00	2026-04-06T11:56:39+09:00					0
SRX15407769	ce11	TFs and others	11193660	done	15900205		2026-04-06T11:53:35+09:00	2026-04-06T11:56:53+09:00	23	174	197		0
SRX15887200	ce11	TFs and others	11513557	running	15900238		2026-04-06T11:56:54+09:00	2026-04-06T11:56:54+09:00					0
SRX148637	ce11	Histone	15301248	done	15900197		2026-04-06T11:53:11+09:00	2026-04-06T11:57:06+09:00	19	216	235		0
SRX15887201	ce11	TFs and others	12305094	running	15900239		2026-04-06T11:57:08+09:00	2026-04-06T11:57:08+09:00					0
SRX15407771	ce11	TFs and others	10957458	done	15900207		2026-04-06T11:53:35+09:00	2026-04-06T11:58:02+09:00	26	240	266		0
SRX15887204	ce11	TFs and others	14915841	running	15900240		2026-04-06T11:58:03+09:00	2026-04-06T11:58:03+09:00					0
SRX15407770	ce11	TFs and others	11771068	done	15900206		2026-04-06T11:53:35+09:00	2026-04-06T11:58:16+09:00	26	255	281		0
SRX15407775	ce11	TFs and others	11737620	done	15900211		2026-04-06T11:53:46+09:00	2026-04-06T11:58:16+09:00	24	246	270		0
SRX15887205	ce11	TFs and others	12212805	running	15900241		2026-04-06T11:58:17+09:00	2026-04-06T11:58:17+09:00					0
SRX15887206	ce11	TFs and others	15171167	running	15900242		2026-04-06T11:58:17+09:00	2026-04-06T11:58:17+09:00					0
SRX15887182	ce11	TFs and others	9752445	done	15900230		2026-04-06T11:54:45+09:00	2026-04-06T11:58:53+09:00	20	228	248		0
SRX15887210	ce11	TFs and others	17327293	running	15900243		2026-04-06T11:58:54+09:00	2026-04-06T11:58:54+09:00					0
SRX15887172	ce11	TFs and others	12931999	done	15900223		2026-04-06T11:54:25+09:00	2026-04-06T11:58:57+09:00	27	244	271		0
SRX15887211	ce11	TFs and others	22013041	running	15900244		2026-04-06T11:59:00+09:00	2026-04-06T11:59:00+09:00					0
SRX15887188	ce11	TFs and others	11520084	done	15900232		2026-04-06T11:54:51+09:00	2026-04-06T11:59:02+09:00	26	225	251		0
SRX15887215	ce11	TFs and others	14135831	running	15900245		2026-04-06T11:59:03+09:00	2026-04-06T11:59:03+09:00					0
SRX1353663	ce11	TFs and others	14006131	done	15900123		2026-04-06T11:47:19+09:00	2026-04-06T11:59:03+09:00	54	649	703		0
SRX15887198	ce11	TFs and others	9243704	done	15900237		2026-04-06T11:56:39+09:00	2026-04-06T11:59:04+09:00	17	128	145		0
SRX15887216	ce11	TFs and others	19485839	running	15900246		2026-04-06T11:59:05+09:00	2026-04-06T11:59:05+09:00					0
SRX15887217	ce11	TFs and others	15058684	running	15900247		2026-04-06T11:59:05+09:00	2026-04-06T11:59:05+09:00					0
SRX15887178	ce11	TFs and others	12727087	done	15900227		2026-04-06T11:54:39+09:00	2026-04-06T11:59:27+09:00	27	260	287		0
SRX15887221	ce11	TFs and others	18101822	running	15900248		2026-04-06T11:59:28+09:00	2026-04-06T11:59:28+09:00					0
SRX15887194	ce11	TFs and others	10514863	done	15900234		2026-04-06T11:55:43+09:00	2026-04-06T11:59:53+09:00	30	220	250		0
SRX15887222	ce11	TFs and others	8234750	running	15900249		2026-04-06T11:59:54+09:00	2026-04-06T11:59:54+09:00					0
SRX1353665	ce11	TFs and others	14247449	done	15900125		2026-04-06T11:48:07+09:00	2026-04-06T12:00:02+09:00	60	655	715		0
SRX15887227	ce11	TFs and others	3543318	running	15900250		2026-04-06T12:00:03+09:00	2026-04-06T12:00:03+09:00					0
SRX15887191	ce11	TFs and others	13755672	done	15900233		2026-04-06T11:54:59+09:00	2026-04-06T12:00:04+09:00	39	265	304		0
SRX15887228	ce11	TFs and others	17744254	running	15900251		2026-04-06T12:00:05+09:00	2026-04-06T12:00:05+09:00					0
SRX15887181	ce11	TFs and others	15240550	done	15900229		2026-04-06T11:54:45+09:00	2026-04-06T12:00:07+09:00	28	294	322		0
SRX15887231	ce11	TFs and others	10134276	running	15900252		2026-04-06T12:00:09+09:00	2026-04-06T12:00:09+09:00					0
SRX15887176	ce11	TFs and others	16652358	done	15900226		2026-04-06T11:54:32+09:00	2026-04-06T12:00:28+09:00	33	322	355		0
SRX1674090	ce11	RNA polymerase	50879695	running	15900253		2026-04-06T12:00:29+09:00	2026-04-06T12:00:29+09:00					0
SRX15407780	ce11	TFs and others	16524259	done	15900216		2026-04-06T11:53:58+09:00	2026-04-06T12:00:29+09:00	35	356	391		0
SRX1674093	ce11	RNA polymerase	103005862	running	15900254		2026-04-06T12:00:31+09:00	2026-04-06T12:00:31+09:00					0
SRX1353666	ce11	TFs and others	14547030	done	15900126		2026-04-06T11:48:21+09:00	2026-04-06T12:00:31+09:00	57	673	730		0
SRX1674094	ce11	RNA polymerase	56496066	running	15900255		2026-04-06T12:00:34+09:00	2026-04-06T12:00:34+09:00					0
SRX1353664	ce11	TFs and others	15191543	done	15900124		2026-04-06T11:47:58+09:00	2026-04-06T12:00:56+09:00	58	720	778		0
SRX1674098	ce11	RNA polymerase	100922140	running	15900256		2026-04-06T12:00:57+09:00	2026-04-06T12:00:57+09:00					0
SRX15407776	ce11	TFs and others	18679526	done	15900212		2026-04-06T11:53:46+09:00	2026-04-06T12:00:57+09:00	50	380	430		0
SRX1674099	ce11	RNA polymerase	104108339	running	15900257		2026-04-06T12:01:00+09:00	2026-04-06T12:01:00+09:00					0
SRX1353667	ce11	TFs and others	15113259	done	15900127		2026-04-06T11:48:47+09:00	2026-04-06T12:01:14+09:00	57	690	747		0
SRX1674100	ce11	RNA polymerase	57625311	running	15900258		2026-04-06T12:01:15+09:00	2026-04-06T12:01:15+09:00					0
SRX1353668	ce11	TFs and others	14864045	done	15900128		2026-04-06T11:48:53+09:00	2026-04-06T12:01:15+09:00	60	681	741		0
SRX1674101	ce11	RNA polymerase	58288493	running	15900259		2026-04-06T12:01:16+09:00	2026-04-06T12:01:16+09:00					0
SRX15887175	ce11	TFs and others	19274405	done	15900225		2026-04-06T11:54:28+09:00	2026-04-06T12:01:16+09:00	37	371	408		0
SRX1674102	ce11	Histone	36972865	running	15900260		2026-04-06T12:01:20+09:00	2026-04-06T12:01:20+09:00					0
SRX15887227	ce11	TFs and others	3543318	done	15900250		2026-04-06T12:00:03+09:00	2026-04-06T12:01:22+09:00	12	67	79		0
SRX17187270	ce11	ATAC-Seq	26857339	running	15900261		2026-04-06T12:01:23+09:00	2026-04-06T12:01:23+09:00					0
SRX10144738	ce11	ATAC-Seq	93407826	done	15899944		2026-04-06T11:12:04+09:00	2026-04-06T12:01:26+09:00	1441	1521	2962		0
SRX17187271	ce11	ATAC-Seq	37059032	running	15900262		2026-04-06T12:01:28+09:00	2026-04-06T12:01:28+09:00					0
SRX15887200	ce11	TFs and others	11513557	done	15900238		2026-04-06T11:56:54+09:00	2026-04-06T12:01:29+09:00	24	250	274		0
SRX15407779	ce11	TFs and others	19314090	done	15900215		2026-04-06T11:53:55+09:00	2026-04-06T12:01:30+09:00	56	398	454		0
SRX17187274	ce11	ATAC-Seq	51345758	running	15900263		2026-04-06T12:01:31+09:00	2026-04-06T12:01:31+09:00					0
SRX17187275	ce11	ATAC-Seq	18992890	running	15900264		2026-04-06T12:01:31+09:00	2026-04-06T12:01:31+09:00					0
SRX15407778	ce11	TFs and others	20407605	done	15900214		2026-04-06T11:53:49+09:00	2026-04-06T12:01:39+09:00	52	417	469		0
SRX17187279	ce11	ATAC-Seq	44597260	running	15900265		2026-04-06T12:01:40+09:00	2026-04-06T12:01:40+09:00					0
SRX15407777	ce11	TFs and others	20540584	done	15900213		2026-04-06T11:53:46+09:00	2026-04-06T12:01:41+09:00	42	433	475		0
SRX17187281	ce11	ATAC-Seq	25121166	running	15900266		2026-04-06T12:01:42+09:00	2026-04-06T12:01:42+09:00					0
SRX15407781	ce11	TFs and others	19171822	done	15900217		2026-04-06T11:54:01+09:00	2026-04-06T12:01:52+09:00	55	415	470		0
SRX17187287	ce11	ATAC-Seq	50491908	running	15900267		2026-04-06T12:01:53+09:00	2026-04-06T12:01:53+09:00					0
SRX15887169	ce11	TFs and others	23556759	done	15900221		2026-04-06T11:54:09+09:00	2026-04-06T12:02:15+09:00	44	441	485		0
SRX17187289	ce11	ATAC-Seq	24864294	running	15900268		2026-04-06T12:02:16+09:00	2026-04-06T12:02:16+09:00					0
SRX15887168	ce11	TFs and others	22188057	done	15900220		2026-04-06T11:54:05+09:00	2026-04-06T12:02:34+09:00	52	456	508		0
SRX17187292	ce11	ATAC-Seq	18555740	running	15900269		2026-04-06T12:02:35+09:00	2026-04-06T12:02:35+09:00					0
SRX15887205	ce11	TFs and others	12212805	done	15900241		2026-04-06T11:58:17+09:00	2026-04-06T12:02:46+09:00	29	239	268		0
SRX17187294	ce11	ATAC-Seq	23392419	running	15900270		2026-04-06T12:02:47+09:00	2026-04-06T12:02:47+09:00					0
SRX10144732	ce11	ATAC-Seq	94001427	done	15899938		2026-04-06T11:11:58+09:00	2026-04-06T12:02:53+09:00	1486	1569	3055		0
SRX17187296	ce11	ATAC-Seq	13526778	running	15900271		2026-04-06T12:02:54+09:00	2026-04-06T12:02:54+09:00					0
SRX15887222	ce11	TFs and others	8234750	done	15900249		2026-04-06T11:59:54+09:00	2026-04-06T12:02:54+09:00	19	161	180		0
SRX172525	ce11	Histone	15886021	running	15900272		2026-04-06T12:02:57+09:00	2026-04-06T12:02:57+09:00					0
SRX15887201	ce11	TFs and others	12305094	done	15900239		2026-04-06T11:57:08+09:00	2026-04-06T12:02:58+09:00	25	324	349		0
SRX172526	ce11	Histone	32252152	running	15900273		2026-04-06T12:03:00+09:00	2026-04-06T12:03:00+09:00					0
SRX15887231	ce11	TFs and others	10134276	done	15900252		2026-04-06T12:00:09+09:00	2026-04-06T12:03:18+09:00	58	130	188		0
SRX172527	ce11	Histone	23992486	running	15900274		2026-04-06T12:03:20+09:00	2026-04-06T12:03:20+09:00					0
SRX15887204	ce11	TFs and others	14915841	done	15900240		2026-04-06T11:58:03+09:00	2026-04-06T12:03:26+09:00	30	292	322		0
SRX17392620	ce11	Histone	35516656	running	15900275		2026-04-06T12:03:27+09:00	2026-04-06T12:03:27+09:00					0
SRX15887187	ce11	TFs and others	23011225	done	15900231		2026-04-06T11:54:47+09:00	2026-04-06T12:03:50+09:00	45	498	543		0
SRX17392621	ce11	Histone	51727448	running	15900276		2026-04-06T12:03:51+09:00	2026-04-06T12:03:51+09:00					0
SRX15887217	ce11	TFs and others	15058684	done	15900247		2026-04-06T11:59:05+09:00	2026-04-06T12:03:55+09:00	31	258	289		0
SRX17392622	ce11	Histone	47195563	running	15900277		2026-04-06T12:03:56+09:00	2026-04-06T12:03:56+09:00					0
SRX15887197	ce11	TFs and others	22496276	done	15900236		2026-04-06T11:56:29+09:00	2026-04-06T12:04:02+09:00	46	406	452		0
SRX17392623	ce11	Histone	46827749	running	15900278		2026-04-06T12:04:03+09:00	2026-04-06T12:04:03+09:00					0
SRX15887206	ce11	TFs and others	15171167	done	15900242		2026-04-06T11:58:17+09:00	2026-04-06T12:04:04+09:00	29	317	346		0
SRX17392624	ce11	Histone	42304940	running	15900279		2026-04-06T12:04:05+09:00	2026-04-06T12:04:05+09:00					0
SRX15887215	ce11	TFs and others	14135831	done	15900245		2026-04-06T11:59:03+09:00	2026-04-06T12:04:05+09:00	37	264	301		0
SRX17392625	ce11	Histone	42399887	running	15900280		2026-04-06T12:04:07+09:00	2026-04-06T12:04:07+09:00					0
SRX15887216	ce11	TFs and others	19485839	done	15900246		2026-04-06T11:59:05+09:00	2026-04-06T12:04:16+09:00	37	274	311		0
SRX17605265	ce11	TFs and others	50210686	running	15900281		2026-04-06T12:04:19+09:00	2026-04-06T12:04:19+09:00					0
SRX15407773	ce11	TFs and others	29489415	done	15900209		2026-04-06T11:53:43+09:00	2026-04-06T12:04:31+09:00	67	581	648		0
SRX17605266	ce11	TFs and others	59307901	running	15900282		2026-04-06T12:04:34+09:00	2026-04-06T12:04:34+09:00					0
SRX15887173	ce11	TFs and others	26032717	done	15900224		2026-04-06T11:54:25+09:00	2026-04-06T12:04:43+09:00	48	570	618		0
SRX17605267	ce11	TFs and others	57387970	running	15900283		2026-04-06T12:04:46+09:00	2026-04-06T12:04:46+09:00					0
SRX15887210	ce11	TFs and others	17327293	done	15900243		2026-04-06T11:58:54+09:00	2026-04-06T12:05:03+09:00	35	334	369		0
SRX17605290	ce11	TFs and others	27465369	running	15900284		2026-04-06T12:05:04+09:00	2026-04-06T12:05:04+09:00					0
SRX15887170	ce11	TFs and others	35799607	done	15900222		2026-04-06T11:54:22+09:00	2026-04-06T12:05:05+09:00	66	577	643		0
SRX17605291	ce11	TFs and others	31798736	running	15900285		2026-04-06T12:05:07+09:00	2026-04-06T12:05:07+09:00					0
SRX15407774	ce11	TFs and others	31369868	done	15900210		2026-04-06T11:53:46+09:00	2026-04-06T12:05:22+09:00	60	636	696		0
SRX1769982	ce11	TFs and others	3470371	running	15900286		2026-04-06T12:05:26+09:00	2026-04-06T12:05:26+09:00					0
SRX15887228	ce11	TFs and others	17744254	done	15900251		2026-04-06T12:00:05+09:00	2026-04-06T12:05:27+09:00	41	281	322		0
SRX1769983	ce11	TFs and others	19445923	running	15900287		2026-04-06T12:05:28+09:00	2026-04-06T12:05:28+09:00					0
SRX15407772	ce11	TFs and others	31442701	done	15900208		2026-04-06T11:53:43+09:00	2026-04-06T12:05:32+09:00	60	649	709		0
SRX1769984	ce11	TFs and others	11140655	running	15900288		2026-04-06T12:05:35+09:00	2026-04-06T12:05:35+09:00					0
SRX15887221	ce11	TFs and others	18101822	done	15900248		2026-04-06T11:59:28+09:00	2026-04-06T12:06:14+09:00	34	372	406		0
SRX1769985	ce11	TFs and others	20141515	running	15900289		2026-04-06T12:06:15+09:00	2026-04-06T12:06:15+09:00					0
SRX15887211	ce11	TFs and others	22013041	done	15900244		2026-04-06T11:59:00+09:00	2026-04-06T12:06:16+09:00	42	394	436		0
SRX1769986	ce11	TFs and others	7949569	running	15900290		2026-04-06T12:06:17+09:00	2026-04-06T12:06:17+09:00					0
SRX1769982	ce11	TFs and others	3470371	done	15900286		2026-04-06T12:05:26+09:00	2026-04-06T12:06:46+09:00	16	64	80		0
SRX1769987	ce11	TFs and others	1629672	running	15900291		2026-04-06T12:06:48+09:00	2026-04-06T12:06:48+09:00					0
SRX1769987	ce11	TFs and others	1629672	done	15900291		2026-04-06T12:06:48+09:00	2026-04-06T12:07:06+09:00	7	11	18		0
SRX1769988	ce11	TFs and others	6113677	running	15900292		2026-04-06T12:07:07+09:00	2026-04-06T12:07:07+09:00					0
SRX1769986	ce11	TFs and others	7949569	done	15900290		2026-04-06T12:06:17+09:00	2026-04-06T12:08:49+09:00	20	131	151		0
SRX1769984	ce11	TFs and others	11140655	done	15900288		2026-04-06T12:05:35+09:00	2026-04-06T12:08:49+09:00	38	156	194		0
SRX1769990	ce11	TFs and others	14525466	running	15900294		2026-04-06T12:08:52+09:00	2026-04-06T12:08:52+09:00					0
SRX1769989	ce11	TFs and others	5084782	running	15900293		2026-04-06T12:08:52+09:00	2026-04-06T12:08:52+09:00					0
SRX15887167	ce11	TFs and others	41359758	failed	15900219		2026-04-06T11:54:04+09:00	2026-04-06T12:08:57+09:00	75	818	893	pipeline_exit_1	0
SRX1769991	ce11	TFs and others	22271448	running	15900295		2026-04-06T12:08:58+09:00	2026-04-06T12:08:58+09:00					0
SRX1769988	ce11	TFs and others	6113677	done	15900292		2026-04-06T12:07:07+09:00	2026-04-06T12:09:18+09:00	15	115	130		0
SRX1769992	ce11	TFs and others	6174995	running	15900296		2026-04-06T12:09:19+09:00	2026-04-06T12:09:19+09:00					0
SRX172527	ce11	Histone	23992486	done	15900274		2026-04-06T12:03:20+09:00	2026-04-06T12:09:33+09:00	33	340	373		0
SRX1769993	ce11	TFs and others	18925488	running	15900297		2026-04-06T12:09:34+09:00	2026-04-06T12:09:34+09:00					0
SRX172525	ce11	Histone	15886021	done	15900272		2026-04-06T12:02:57+09:00	2026-04-06T12:10:22+09:00	236	209	445		0
SRX1769994	ce11	TFs and others	54569107	running	15900298		2026-04-06T12:10:23+09:00	2026-04-06T12:10:23+09:00					0
SRX15887179	ce11	TFs and others	42920540	done	15900228		2026-04-06T11:54:41+09:00	2026-04-06T12:10:33+09:00	79	873	952		0
SRX1769989	ce11	TFs and others	5084782	done	15900293		2026-04-06T12:08:52+09:00	2026-04-06T12:10:33+09:00	63	38	101		0
SRX1769995	ce11	TFs and others	7133376	running	15900299		2026-04-06T12:10:35+09:00	2026-04-06T12:10:35+09:00					0
SRX1769996	ce11	TFs and others	87175889	running	15900300		2026-04-06T12:10:35+09:00	2026-04-06T12:10:35+09:00					0
SRX1769990	ce11	TFs and others	14525466	done	15900294		2026-04-06T12:08:52+09:00	2026-04-06T12:11:08+09:00	30	105	135		0
SRX1769997	ce11	TFs and others	53147964	running	15900301		2026-04-06T12:11:08+09:00	2026-04-06T12:11:08+09:00					0
SRX1769992	ce11	TFs and others	6174995	done	15900296		2026-04-06T12:09:19+09:00	2026-04-06T12:11:18+09:00	15	104	119		0
SRX172526	ce11	Histone	32252152	done	15900273		2026-04-06T12:03:00+09:00	2026-04-06T12:11:17+09:00	41	455	496		0
SRX18303535	ce11	ATAC-Seq	15803636	running	15900303		2026-04-06T12:11:21+09:00	2026-04-06T12:11:21+09:00					0
SRX18303534	ce11	ATAC-Seq	14660316	running	15900302		2026-04-06T12:11:21+09:00	2026-04-06T12:11:21+09:00					0
SRX1769985	ce11	TFs and others	20141515	done	15900289		2026-04-06T12:06:15+09:00	2026-04-06T12:11:40+09:00	37	287	324		0
SRX18303536	ce11	ATAC-Seq	8684764	running	15900304		2026-04-06T12:11:41+09:00	2026-04-06T12:11:41+09:00					0
SRX1769995	ce11	TFs and others	7133376	done	15900299		2026-04-06T12:10:35+09:00	2026-04-06T12:11:46+09:00	12	59	71		0
SRX18303537	ce11	ATAC-Seq	5906324	running	15900305		2026-04-06T12:11:47+09:00	2026-04-06T12:11:47+09:00					0
SRX1769996	ce11	TFs and others	87175889	failed	15900300		2026-04-06T12:10:35+09:00	2026-04-06T12:12:30+09:00	115			no_fastq_found	0
SRX18303538	ce11	ATAC-Seq	11437689	running	15900306		2026-04-06T12:12:31+09:00	2026-04-06T12:12:31+09:00					0
SRX1769997	ce11	TFs and others	53147964	failed	15900301		2026-04-06T12:11:08+09:00	2026-04-06T12:12:31+09:00	83			no_fastq_found	0
SRX18303539	ce11	ATAC-Seq	18051887	running	15900307		2026-04-06T12:12:35+09:00	2026-04-06T12:12:36+09:00					0
SRX17605290	ce11	TFs and others	27465369	done	15900284		2026-04-06T12:05:04+09:00	2026-04-06T12:12:47+09:00	45	416	461		0
SRX18303540	ce11	ATAC-Seq	5323987	running	15900308		2026-04-06T12:12:49+09:00	2026-04-06T12:12:49+09:00					0
SRX1769983	ce11	TFs and others	19445923	done	15900287		2026-04-06T12:05:28+09:00	2026-04-06T12:13:11+09:00	344	118	462		0
SRX18303541	ce11	ATAC-Seq	10736284	running	15900309		2026-04-06T12:13:12+09:00	2026-04-06T12:13:12+09:00					0
SRX1769993	ce11	TFs and others	18925488	done	15900297		2026-04-06T12:09:34+09:00	2026-04-06T12:14:07+09:00	32	240	272		0
SRX18303542	ce11	ATAC-Seq	17158167	running	15900310		2026-04-06T12:14:09+09:00	2026-04-06T12:14:09+09:00					0
SRX17187296	ce11	ATAC-Seq	13526778	done	15900271		2026-04-06T12:02:54+09:00	2026-04-06T12:14:25+09:00	64	627	691		0
SRX18303543	ce11	ATAC-Seq	24012629	running	15900311		2026-04-06T12:14:27+09:00	2026-04-06T12:14:27+09:00					0
SRX1769991	ce11	TFs and others	22271448	done	15900295		2026-04-06T12:08:58+09:00	2026-04-06T12:14:38+09:00	42	297	339		0
SRX18303544	ce11	ATAC-Seq	13315761	running	15900312		2026-04-06T12:14:39+09:00	2026-04-06T12:14:39+09:00					0
SRX18303537	ce11	ATAC-Seq	5906324	done	15900305		2026-04-06T12:11:47+09:00	2026-04-06T12:16:10+09:00	25	237	262		0
SRX18303545	ce11	ATAC-Seq	7617178	running	15900313		2026-04-06T12:16:11+09:00	2026-04-06T12:16:11+09:00					0
SRX1674090	ce11	RNA polymerase	50879695	done	15900253		2026-04-06T12:00:29+09:00	2026-04-06T12:16:25+09:00	81	875	956		0
SRX18303546	ce11	ATAC-Seq	32658691	running	15900314		2026-04-06T12:16:26+09:00	2026-04-06T12:16:26+09:00					0
SRX18303540	ce11	ATAC-Seq	5323987	done	15900308		2026-04-06T12:12:49+09:00	2026-04-06T12:16:56+09:00	24	222	246		0
SRX18303547	ce11	ATAC-Seq	21629179	running	15900315		2026-04-06T12:16:58+09:00	2026-04-06T12:16:58+09:00					0
SRX17605265	ce11	TFs and others	50210686	done	15900281		2026-04-06T12:04:19+09:00	2026-04-06T12:17:21+09:00	79	702	781		0
SRX18303548	ce11	ATAC-Seq	28994666	running	15900316		2026-04-06T12:17:22+09:00	2026-04-06T12:17:22+09:00					0
SRX1674094	ce11	RNA polymerase	56496066	done	15900255		2026-04-06T12:00:34+09:00	2026-04-06T12:17:46+09:00	89	942	1031		0
SRX17187275	ce11	ATAC-Seq	18992890	done	15900264		2026-04-06T12:01:31+09:00	2026-04-06T12:17:47+09:00	89	887	976		0
SRX18303549	ce11	ATAC-Seq	6794643	running	15900317		2026-04-06T12:17:48+09:00	2026-04-06T12:17:48+09:00					0
SRX188613	ce11	RNA polymerase	4666552	running	15900318		2026-04-06T12:17:48+09:00	2026-04-06T12:17:48+09:00					0
SRX18303536	ce11	ATAC-Seq	8684764	done	15900304		2026-04-06T12:11:41+09:00	2026-04-06T12:18:02+09:00	44	337	381		0
SRX188614	ce11	RNA polymerase	6486474	running	15900319		2026-04-06T12:18:03+09:00	2026-04-06T12:18:03+09:00					0
SRX17605291	ce11	TFs and others	31798736	done	15900285		2026-04-06T12:05:07+09:00	2026-04-06T12:18:19+09:00	314	478	792		0
SRX188617	ce11	RNA polymerase	4922526	running	15900320		2026-04-06T12:18:20+09:00	2026-04-06T12:18:20+09:00					0
SRX188617	ce11	RNA polymerase	4922526	done	15900320		2026-04-06T12:18:20+09:00	2026-04-06T12:19:03+09:00	9	33	42		0
SRX1674100	ce11	RNA polymerase	57625311	done	15900258		2026-04-06T12:01:15+09:00	2026-04-06T12:19:04+09:00	93	976	1069		0
SRX188618	ce11	RNA polymerase	4144392	running	15900321		2026-04-06T12:19:06+09:00	2026-04-06T12:19:06+09:00					0
SRX19312603	ce11	ATAC-Seq	15982381	running	15900322		2026-04-06T12:19:06+09:00	2026-04-06T12:19:06+09:00					0
SRX188613	ce11	RNA polymerase	4666552	done	15900318		2026-04-06T12:17:48+09:00	2026-04-06T12:19:13+09:00	11	74	85		0
SRX17187289	ce11	ATAC-Seq	24864294	done	15900268		2026-04-06T12:02:16+09:00	2026-04-06T12:19:14+09:00	85	933	1018		0
SRX19312605	ce11	ATAC-Seq	16276519	running	15900324		2026-04-06T12:19:15+09:00	2026-04-06T12:19:15+09:00					0
SRX19312604	ce11	ATAC-Seq	18064937	running	15900323		2026-04-06T12:19:15+09:00	2026-04-06T12:19:15+09:00					0
SRX1674101	ce11	RNA polymerase	58288493	done	15900259		2026-04-06T12:01:16+09:00	2026-04-06T12:19:16+09:00	93	987	1080		0
SRX17187292	ce11	ATAC-Seq	18555740	done	15900269		2026-04-06T12:02:35+09:00	2026-04-06T12:19:18+09:00	85	917	1002		0
SRX19312607	ce11	ATAC-Seq	16352658	running	15900326		2026-04-06T12:19:19+09:00	2026-04-06T12:19:19+09:00					0
SRX19312606	ce11	ATAC-Seq	17903531	running	15900325		2026-04-06T12:19:19+09:00	2026-04-06T12:19:19+09:00					0
SRX17605267	ce11	TFs and others	57387970	done	15900283		2026-04-06T12:04:46+09:00	2026-04-06T12:19:40+09:00	87	807	894		0
SRX19312608	ce11	ATAC-Seq	15096490	running	15900327		2026-04-06T12:19:41+09:00	2026-04-06T12:19:41+09:00					0
SRX188614	ce11	RNA polymerase	6486474	done	15900319		2026-04-06T12:18:03+09:00	2026-04-06T12:19:53+09:00	13	97	110		0
SRX19312661	ce11	TFs and others	32169120	running	15900328		2026-04-06T12:19:56+09:00	2026-04-06T12:19:56+09:00					0
SRX188618	ce11	RNA polymerase	4144392	done	15900321		2026-04-06T12:19:06+09:00	2026-04-06T12:20:14+09:00	11	57	68		0
SRX15887195	ce11	TFs and others	30237542	done	15900235		2026-04-06T11:55:50+09:00	2026-04-06T12:20:15+09:00	117	1348	1465		0
SRX19312662	ce11	TFs and others	29237604	running	15900329		2026-04-06T12:20:17+09:00	2026-04-06T12:20:17+09:00					0
SRX19312663	ce11	TFs and others	24313284	running	15900330		2026-04-06T12:20:17+09:00	2026-04-06T12:20:17+09:00					0
SRX18303538	ce11	ATAC-Seq	11437689	done	15900306		2026-04-06T12:12:31+09:00	2026-04-06T12:20:35+09:00	40	443	483		0
SRX19312664	ce11	TFs and others	28602884	running	15900331		2026-04-06T12:20:36+09:00	2026-04-06T12:20:36+09:00					0
SRX18303541	ce11	ATAC-Seq	10736284	done	15900309		2026-04-06T12:13:12+09:00	2026-04-06T12:20:59+09:00	38	429	467		0
SRX1949396	ce11	TFs and others	11238748	running	15900332		2026-04-06T12:21:00+09:00	2026-04-06T12:21:00+09:00					0
SRX18303545	ce11	ATAC-Seq	7617178	done	15900313		2026-04-06T12:16:11+09:00	2026-04-06T12:21:31+09:00	29	291	320		0
SRX1949397	ce11	TFs and others	12492161	running	15900333		2026-04-06T12:21:32+09:00	2026-04-06T12:21:32+09:00					0
SRX18303535	ce11	ATAC-Seq	15803636	done	15900303		2026-04-06T12:11:21+09:00	2026-04-06T12:21:51+09:00	54	575	629		0
SRX1949398	ce11	TFs and others	20859731	running	15900334		2026-04-06T12:21:52+09:00	2026-04-06T12:21:52+09:00					0
SRX18303534	ce11	ATAC-Seq	14660316	done	15900302		2026-04-06T12:11:21+09:00	2026-04-06T12:22:24+09:00	68	595	663		0
SRX19856960	ce11	TFs and others	40013894	running	15900335		2026-04-06T12:22:25+09:00	2026-04-06T12:22:25+09:00					0
SRX1949398	ce11	TFs and others	20859731	failed	15900334		2026-04-06T12:21:52+09:00	2026-04-06T12:22:26+09:00	34			no_fastq_found	0
SRX19856962	ce11	TFs and others	45539975	running	15900336		2026-04-06T12:22:28+09:00	2026-04-06T12:22:28+09:00					0
SRX17187294	ce11	ATAC-Seq	23392419	done	15900270		2026-04-06T12:02:47+09:00	2026-04-06T12:22:29+09:00	108	1074	1182		0
SRX2011722	ce11	TFs and others	17446004	running	15900337		2026-04-06T12:22:30+09:00	2026-04-06T12:22:30+09:00					0
SRX18303549	ce11	ATAC-Seq	6794643	done	15900317		2026-04-06T12:17:48+09:00	2026-04-06T12:23:10+09:00	50	271	321		0
SRX2011723	ce11	TFs and others	11867230	running	15900338		2026-04-06T12:23:11+09:00	2026-04-06T12:23:11+09:00					0
SRX1674102	ce11	Histone	36972865	done	15900260		2026-04-06T12:01:20+09:00	2026-04-06T12:23:13+09:00	552	761	1313		0
SRX2011724	ce11	TFs and others	12623036	running	15900339		2026-04-06T12:23:15+09:00	2026-04-06T12:23:15+09:00					0
SRX18303544	ce11	ATAC-Seq	13315761	done	15900312		2026-04-06T12:14:39+09:00	2026-04-06T12:23:53+09:00	52	502	554		0
SRX2011725	ce11	TFs and others	14269660	running	15900340		2026-04-06T12:23:54+09:00	2026-04-06T12:23:54+09:00					0
SRX18303539	ce11	ATAC-Seq	18051887	done	15900307		2026-04-06T12:12:35+09:00	2026-04-06T12:24:36+09:00	58	661	719		0
SRX20276861	ce11	ATAC-Seq	99630303	running	15900341		2026-04-06T12:24:37+09:00	2026-04-06T12:24:37+09:00					0
SRX17187271	ce11	ATAC-Seq	37059032	done	15900262		2026-04-06T12:01:28+09:00	2026-04-06T12:24:37+09:00	663	726	1389		0
SRX20276862	ce11	ATAC-Seq	87310820	running	15900342		2026-04-06T12:24:39+09:00	2026-04-06T12:24:39+09:00					0
SRX1949396	ce11	TFs and others	11238748	done	15900332		2026-04-06T12:21:00+09:00	2026-04-06T12:24:54+09:00	23	211	234		0
SRX20276863	ce11	ATAC-Seq	95954850	running	15900343		2026-04-06T12:24:55+09:00	2026-04-06T12:24:55+09:00					0
SRX17605266	ce11	TFs and others	59307901	done	15900282		2026-04-06T12:04:34+09:00	2026-04-06T12:24:56+09:00	386	836	1222		0
SRX20276864	ce11	ATAC-Seq	101184494	running	15900344		2026-04-06T12:24:58+09:00	2026-04-06T12:24:58+09:00					0
SRX18303542	ce11	ATAC-Seq	17158167	done	15900310		2026-04-06T12:14:09+09:00	2026-04-06T12:25:32+09:00	59	624	683		0
SRX20276865	ce11	ATAC-Seq	92055004	running	15900345		2026-04-06T12:25:33+09:00	2026-04-06T12:25:33+09:00					0
SRX1949397	ce11	TFs and others	12492161	done	15900333		2026-04-06T12:21:32+09:00	2026-04-06T12:25:44+09:00	23	229	252		0
SRX20276866	ce11	ATAC-Seq	87586715	running	15900346		2026-04-06T12:25:45+09:00	2026-04-06T12:25:45+09:00					0
SRX20276862	ce11	ATAC-Seq	87310820	failed	15900342		2026-04-06T12:24:39+09:00	2026-04-06T12:26:47+09:00	128			no_fastq_found	0
SRX20276910	ce11	Histone	18013783	running	15900347		2026-04-06T12:26:48+09:00	2026-04-06T12:26:48+09:00					0
SRX1674093	ce11	RNA polymerase	103005862	done	15900254		2026-04-06T12:00:31+09:00	2026-04-06T12:26:56+09:00	198	1387	1585		0
SRX20276863	ce11	ATAC-Seq	95954850	failed	15900343		2026-04-06T12:24:55+09:00	2026-04-06T12:26:56+09:00	121			no_fastq_found	0
SRX20276914	ce11	Histone	21176345	running	15900348		2026-04-06T12:26:58+09:00	2026-04-06T12:26:58+09:00					0
SRX20276915	ce11	Histone	29726278	running	15900349		2026-04-06T12:26:58+09:00	2026-04-06T12:26:58+09:00					0
SRX1769994	ce11	TFs and others	54569107	done	15900298		2026-04-06T12:10:23+09:00	2026-04-06T12:27:00+09:00	106	891	997		0
SRX20276916	ce11	Histone	20397924	running	15900350		2026-04-06T12:27:01+09:00	2026-04-06T12:27:01+09:00					0
SRX17187270	ce11	ATAC-Seq	26857339	done	15900261		2026-04-06T12:01:23+09:00	2026-04-06T12:27:01+09:00	216	1322	1538		0
SRX20276917	ce11	Histone	29977448	running	15900351		2026-04-06T12:27:04+09:00	2026-04-06T12:27:04+09:00					0
SRX17187281	ce11	ATAC-Seq	25121166	done	15900266		2026-04-06T12:01:42+09:00	2026-04-06T12:28:00+09:00	556	1022	1578		0
SRX20276922	ce11	Histone	39655937	running	15900352		2026-04-06T12:28:01+09:00	2026-04-06T12:28:01+09:00					0
SRX20276865	ce11	ATAC-Seq	92055004	failed	15900345		2026-04-06T12:25:33+09:00	2026-04-06T12:28:48+09:00	195			no_fastq_found	0
SRX20276861	ce11	ATAC-Seq	99630303	failed	15900341		2026-04-06T12:24:37+09:00	2026-04-06T12:28:48+09:00	251			no_fastq_found	0
SRX20276923	ce11	Histone	37957801	running	15900353		2026-04-06T12:28:52+09:00	2026-04-06T12:28:52+09:00					0
SRX20276924	ce11	Histone	50091762	running	15900354		2026-04-06T12:28:52+09:00	2026-04-06T12:28:52+09:00					0
SRX19312603	ce11	ATAC-Seq	15982381	done	15900322		2026-04-06T12:19:06+09:00	2026-04-06T12:29:27+09:00	52	569	621		0
SRX20276925	ce11	Histone	34743022	running	15900355		2026-04-06T12:29:28+09:00	2026-04-06T12:29:28+09:00					0
SRX18303543	ce11	ATAC-Seq	24012629	done	15900311		2026-04-06T12:14:27+09:00	2026-04-06T12:29:38+09:00	74	836	910		0
SRX20276927	ce11	Histone	16993439	running	15900356		2026-04-06T12:29:39+09:00	2026-04-06T12:29:39+09:00					0
SRX19312605	ce11	ATAC-Seq	16276519	done	15900324		2026-04-06T12:19:15+09:00	2026-04-06T12:30:08+09:00	51	602	653		0
SRX20276930	ce11	Histone	32915775	running	15900357		2026-04-06T12:30:09+09:00	2026-04-06T12:30:09+09:00					0
SRX19312608	ce11	ATAC-Seq	15096490	done	15900327		2026-04-06T12:19:41+09:00	2026-04-06T12:30:22+09:00	49	592	641		0
SRX20276931	ce11	Histone	23253143	running	15900358		2026-04-06T12:30:23+09:00	2026-04-06T12:30:23+09:00					0
SRX20276927	ce11	Histone	16993439	failed	15900356		2026-04-06T12:29:39+09:00	2026-04-06T12:30:25+09:00	46			no_fastq_found	0
SRX20276932	ce11	Histone	31466814	running	15900359		2026-04-06T12:30:26+09:00	2026-04-06T12:30:26+09:00					0
SRX19312607	ce11	ATAC-Seq	16352658	failed	15900326		2026-04-06T12:19:19+09:00	2026-04-06T12:30:26+09:00	68	599	667	pipeline_exit_1	0
SRX20276933	ce11	Histone	26337244	running	15900360		2026-04-06T12:30:29+09:00	2026-04-06T12:30:29+09:00					0
SRX17392624	ce11	Histone	42304940	done	15900279		2026-04-06T12:04:05+09:00	2026-04-06T12:30:51+09:00	294	1312	1606		0
SRX20276938	ce11	Histone	34182338	running	15900361		2026-04-06T12:30:53+09:00	2026-04-06T12:30:53+09:00					0
SRX18303547	ce11	ATAC-Seq	21629179	done	15900315		2026-04-06T12:16:58+09:00	2026-04-06T12:30:58+09:00	71	769	840		0
SRX20276939	ce11	Histone	42505710	running	15900362		2026-04-06T12:30:59+09:00	2026-04-06T12:30:59+09:00					0
SRX17392625	ce11	Histone	42399887	done	15900280		2026-04-06T12:04:07+09:00	2026-04-06T12:31:00+09:00	293	1319	1612		0
SRX20276940	ce11	Histone	40752427	running	15900363		2026-04-06T12:31:02+09:00	2026-04-06T12:31:02+09:00					0
SRX19312604	ce11	ATAC-Seq	18064937	done	15900323		2026-04-06T12:19:15+09:00	2026-04-06T12:31:43+09:00	57	690	747		0
SRX20276932	ce11	Histone	31466814	failed	15900359		2026-04-06T12:30:26+09:00	2026-04-06T12:31:43+09:00	77			no_fastq_found	0
SRX20276941	ce11	Histone	40909282	running	15900364		2026-04-06T12:31:44+09:00	2026-04-06T12:31:44+09:00					0
SRX2035133	ce11	Histone	7076912	running	15900365		2026-04-06T12:31:44+09:00	2026-04-06T12:31:44+09:00					0
SRX17187279	ce11	ATAC-Seq	44597260	done	15900265		2026-04-06T12:01:40+09:00	2026-04-06T12:31:52+09:00	222	1588	1810		0
SRX2035134	ce11	Histone	6829144	running	15900366		2026-04-06T12:31:53+09:00	2026-04-06T12:31:53+09:00					0
SRX19312664	ce11	TFs and others	28602884	done	15900331		2026-04-06T12:20:36+09:00	2026-04-06T12:32:05+09:00	110	578	688		0
SRX2035136	ce11	Histone	6460224	running	15900367		2026-04-06T12:32:06+09:00	2026-04-06T12:32:06+09:00					0
SRX19856962	ce11	TFs and others	45539975	done	15900336		2026-04-06T12:22:28+09:00	2026-04-06T12:32:53+09:00	73	552	625		0
SRX2035137	ce11	Histone	6426854	running	15900368		2026-04-06T12:32:54+09:00	2026-04-06T12:32:54+09:00					0
SRX17392623	ce11	Histone	46827749	done	15900278		2026-04-06T12:04:03+09:00	2026-04-06T12:33:01+09:00	296	1441	1737		0
SRX20811767	ce11	Histone	28779848	running	15900369		2026-04-06T12:33:02+09:00	2026-04-06T12:33:02+09:00					0
SRX19312662	ce11	TFs and others	29237604	done	15900329		2026-04-06T12:20:17+09:00	2026-04-06T12:33:15+09:00	129	649	778		0
SRX20811768	ce11	Histone	18748114	running	15900370		2026-04-06T12:33:16+09:00	2026-04-06T12:33:16+09:00					0
SRX20811768	ce11	Histone	18748114	failed	15900370		2026-04-06T12:33:16+09:00	2026-04-06T12:33:55+09:00	39			no_fastq_found	0
SRX20811767	ce11	Histone	28779848	failed	15900369		2026-04-06T12:33:02+09:00	2026-04-06T12:33:55+09:00	53			no_fastq_found	0
SRX208755	ce11	TFs and others	19595990	running	15900371		2026-04-06T12:33:56+09:00	2026-04-06T12:33:56+09:00					0
SRX208756	ce11	TFs and others	6972845	running	15900372		2026-04-06T12:33:56+09:00	2026-04-06T12:33:56+09:00					0
SRX2011723	ce11	TFs and others	11867230	done	15900338		2026-04-06T12:23:11+09:00	2026-04-06T12:35:12+09:00	84	636	720		0
SRX208763	ce11	TFs and others	11756944	running	15900373		2026-04-06T12:35:13+09:00	2026-04-06T12:35:13+09:00					0
SRX2011724	ce11	TFs and others	12623036	done	15900339		2026-04-06T12:23:15+09:00	2026-04-06T12:35:25+09:00	88	642	730		0
SRX208764	ce11	TFs and others	14746480	running	15900374		2026-04-06T12:35:26+09:00	2026-04-06T12:35:26+09:00					0
SRX19312606	ce11	ATAC-Seq	17903531	done	15900325		2026-04-06T12:19:19+09:00	2026-04-06T12:35:40+09:00	537	444	981		0
SRX208767	ce11	TFs and others	8273591	running	15900375		2026-04-06T12:35:41+09:00	2026-04-06T12:35:41+09:00					0
SRX17187274	ce11	ATAC-Seq	51345758	failed	15900263		2026-04-06T12:01:31+09:00	2026-04-06T12:36:15+09:00	2084			no_fastq_found	0
SRX208768	ce11	TFs and others	12785509	running	15900376		2026-04-06T12:36:16+09:00	2026-04-06T12:36:16+09:00					0
SRX20276922	ce11	Histone	39655937	failed	15900352		2026-04-06T12:28:01+09:00	2026-04-06T12:36:16+09:00	495			no_fastq_found	0
SRX208769	ce11	TFs and others	13454005	running	15900377		2026-04-06T12:36:17+09:00	2026-04-06T12:36:17+09:00					0
SRX18303548	ce11	ATAC-Seq	28994666	done	15900316		2026-04-06T12:17:22+09:00	2026-04-06T12:36:30+09:00	85	1063	1148		0
SRX208770	ce11	TFs and others	18415218	running	15900378		2026-04-06T12:36:32+09:00	2026-04-06T12:36:32+09:00					0
SRX208756	ce11	TFs and others	6972845	done	15900372		2026-04-06T12:33:56+09:00	2026-04-06T12:36:45+09:00	16	153	169		0
SRX208771	ce11	RNA polymerase	14095169	running	15900379		2026-04-06T12:36:46+09:00	2026-04-06T12:36:46+09:00					0
SRX18303546	ce11	ATAC-Seq	32658691	done	15900314		2026-04-06T12:16:26+09:00	2026-04-06T12:37:32+09:00	101	1165	1266		0
SRX208772	ce11	RNA polymerase	13827258	running	15900380		2026-04-06T12:37:33+09:00	2026-04-06T12:37:33+09:00					0
SRX19312663	ce11	TFs and others	24313284	done	15900330		2026-04-06T12:20:17+09:00	2026-04-06T12:37:40+09:00	114	928	1042		0
SRX208773	ce11	RNA polymerase	17247211	running	15900381		2026-04-06T12:37:41+09:00	2026-04-06T12:37:41+09:00					0
SRX208767	ce11	TFs and others	8273591	done	15900375		2026-04-06T12:35:41+09:00	2026-04-06T12:38:13+09:00	25	127	152		0
SRX208774	ce11	RNA polymerase	19098144	running	15900382		2026-04-06T12:38:14+09:00	2026-04-06T12:38:14+09:00					0
SRX2011725	ce11	TFs and others	14269660	done	15900340		2026-04-06T12:23:54+09:00	2026-04-06T12:38:34+09:00	101	779	880		0
SRX208775	ce11	TFs and others	15778723	running	15900383		2026-04-06T12:38:35+09:00	2026-04-06T12:38:35+09:00					0
SRX208763	ce11	TFs and others	11756944	done	15900373		2026-04-06T12:35:13+09:00	2026-04-06T12:38:38+09:00	35	169	204		0
SRX208776	ce11	TFs and others	11387508	running	15900384		2026-04-06T12:38:39+09:00	2026-04-06T12:38:39+09:00					0
SRX2035136	ce11	Histone	6460224	done	15900367		2026-04-06T12:32:06+09:00	2026-04-06T12:38:56+09:00	53	357	410		0
SRX208777	ce11	TFs and others	10320462	running	15900385		2026-04-06T12:38:57+09:00	2026-04-06T12:38:57+09:00					0
SRX2035134	ce11	Histone	6829144	done	15900366		2026-04-06T12:31:53+09:00	2026-04-06T12:39:04+09:00	51	379	430		0
SRX208778	ce11	TFs and others	11715770	running	15900386		2026-04-06T12:39:05+09:00	2026-04-06T12:39:05+09:00					0
SRX17392621	ce11	Histone	51727448	done	15900276		2026-04-06T12:03:51+09:00	2026-04-06T12:39:18+09:00	307	1819	2126		0
SRX2035133	ce11	Histone	7076912	done	15900365		2026-04-06T12:31:44+09:00	2026-04-06T12:39:18+09:00	58	395	453		0
SRX208778	ce11	TFs and others	11715770	failed	15900386		2026-04-06T12:39:05+09:00	2026-04-06T12:39:19+09:00	14			no_fastq_found	0
SRX21064584	ce11	TFs and others	13209219	running	15900389		2026-04-06T12:39:20+09:00	2026-04-06T12:39:20+09:00					0
SRX21064582	ce11	TFs and others	4052356	running	15900387		2026-04-06T12:39:20+09:00	2026-04-06T12:39:20+09:00					0
SRX21064583	ce11	TFs and others	14553950	running	15900388		2026-04-06T12:39:20+09:00	2026-04-06T12:39:20+09:00					0
SRX20276941	ce11	Histone	40909282	failed	15900364		2026-04-06T12:31:44+09:00	2026-04-06T12:39:20+09:00	456			no_fastq_found	0
SRX21064585	ce11	TFs and others	14402133	running	15900390		2026-04-06T12:39:23+09:00	2026-04-06T12:39:23+09:00					0
SRX2035137	ce11	Histone	6426854	done	15900368		2026-04-06T12:32:54+09:00	2026-04-06T12:39:47+09:00	59	354	413		0
SRX21064586	ce11	TFs and others	17583852	running	15900391		2026-04-06T12:39:48+09:00	2026-04-06T12:39:48+09:00					0
SRX208764	ce11	TFs and others	14746480	done	15900374		2026-04-06T12:35:26+09:00	2026-04-06T12:39:49+09:00	26	236	262		0
SRX21064587	ce11	TFs and others	23081685	running	15900392		2026-04-06T12:39:50+09:00	2026-04-06T12:39:50+09:00					0
SRX2011722	ce11	TFs and others	17446004	done	15900337		2026-04-06T12:22:30+09:00	2026-04-06T12:40:02+09:00	118	934	1052		0
SRX21064588	ce11	TFs and others	9654916	running	15900393		2026-04-06T12:40:03+09:00	2026-04-06T12:40:03+09:00					0
SRX208755	ce11	TFs and others	19595990	done	15900371		2026-04-06T12:33:56+09:00	2026-04-06T12:40:16+09:00	39	340	379		0
SRX21064589	ce11	TFs and others	15631996	running	15900394		2026-04-06T12:40:16+09:00	2026-04-06T12:40:16+09:00					0
SRX20276931	ce11	Histone	23253143	done	15900358		2026-04-06T12:30:23+09:00	2026-04-06T12:40:16+09:00	80	512	592		0
SRX21064590	ce11	TFs and others	15897607	running	15900395		2026-04-06T12:40:17+09:00	2026-04-06T12:40:17+09:00					0
SRX20276914	ce11	Histone	21176345	done	15900348		2026-04-06T12:26:58+09:00	2026-04-06T12:40:42+09:00	93	731	824		0
SRX21064591	ce11	TFs and others	15670415	running	15900396		2026-04-06T12:40:43+09:00	2026-04-06T12:40:43+09:00					0
SRX20276916	ce11	Histone	20397924	done	15900350		2026-04-06T12:27:01+09:00	2026-04-06T12:40:53+09:00	87	745	832		0
SRX21064592	ce11	TFs and others	17231087	running	15900397		2026-04-06T12:40:54+09:00	2026-04-06T12:40:54+09:00					0
SRX208769	ce11	TFs and others	13454005	done	15900377		2026-04-06T12:36:17+09:00	2026-04-06T12:40:57+09:00	28	251	279		0
SRX21064593	ce11	TFs and others	21942316	running	15900398		2026-04-06T12:40:58+09:00	2026-04-06T12:40:58+09:00					0
SRX208771	ce11	RNA polymerase	14095169	done	15900379		2026-04-06T12:36:46+09:00	2026-04-06T12:41:11+09:00	31	233	264		0
SRX21064600	ce11	TFs and others	11175253	running	15900399		2026-04-06T12:41:12+09:00	2026-04-06T12:41:12+09:00					0
SRX208768	ce11	TFs and others	12785509	done	15900376		2026-04-06T12:36:16+09:00	2026-04-06T12:41:26+09:00	62	247	309		0
SRX21064601	ce11	TFs and others	9294136	running	15900400		2026-04-06T12:41:27+09:00	2026-04-06T12:41:27+09:00					0
SRX208772	ce11	RNA polymerase	13827258	done	15900380		2026-04-06T12:37:33+09:00	2026-04-06T12:41:29+09:00	27	208	235		0
SRX21064602	ce11	TFs and others	7936231	running	15900401		2026-04-06T12:41:30+09:00	2026-04-06T12:41:30+09:00					0
SRX21064582	ce11	TFs and others	4052356	done	15900387		2026-04-06T12:39:20+09:00	2026-04-06T12:42:08+09:00	82	86	168		0
SRX21064603	ce11	TFs and others	2583721	running	15900402		2026-04-06T12:42:09+09:00	2026-04-06T12:42:09+09:00					0
SRX208776	ce11	TFs and others	11387508	done	15900384		2026-04-06T12:38:39+09:00	2026-04-06T12:42:09+09:00	22	187	209		0
SRX21064608	ce11	TFs and others	5878468	running	15900403		2026-04-06T12:42:11+09:00	2026-04-06T12:42:11+09:00					0
SRX208773	ce11	RNA polymerase	17247211	done	15900381		2026-04-06T12:37:41+09:00	2026-04-06T12:42:16+09:00	35	240	275		0
SRX21064609	ce11	TFs and others	9095654	running	15900405		2026-04-06T12:42:17+09:00	2026-04-06T12:42:17+09:00					0
SRX208770	ce11	TFs and others	18415218	done	15900378		2026-04-06T12:36:32+09:00	2026-04-06T12:42:17+09:00	38	306	344		0
SRX21064610	ce11	TFs and others	25338318	running	15900406		2026-04-06T12:42:18+09:00	2026-04-06T12:42:18+09:00					0
SRX208777	ce11	TFs and others	10320462	done	15900385		2026-04-06T12:38:57+09:00	2026-04-06T12:42:23+09:00	20	186	206		0
SRX21064611	ce11	TFs and others	21509217	running	15900407		2026-04-06T12:42:24+09:00	2026-04-06T12:42:24+09:00					0
SRX21064588	ce11	TFs and others	9654916	done	15900393		2026-04-06T12:40:03+09:00	2026-04-06T12:42:51+09:00	22	146	168		0
SRX212235	ce11	TFs and others	12552249	running	15900408		2026-04-06T12:42:52+09:00	2026-04-06T12:42:52+09:00					0
SRX17187287	ce11	ATAC-Seq	50491908	done	15900267		2026-04-06T12:01:53+09:00	2026-04-06T12:43:01+09:00	231	2237	2468		0
SRX2144165	ce11	Histone	4913051	running	15900409		2026-04-06T12:43:03+09:00	2026-04-06T12:43:03+09:00					0
SRX21064603	ce11	TFs and others	2583721	done	15900402		2026-04-06T12:42:09+09:00	2026-04-06T12:43:06+09:00	9	48	57		0
SRX2144166	ce11	Histone	3651845	running	15900410		2026-04-06T12:43:07+09:00	2026-04-06T12:43:07+09:00					0
SRX208775	ce11	TFs and others	15778723	done	15900383		2026-04-06T12:38:35+09:00	2026-04-06T12:43:11+09:00	31	244	275		0
SRX2144167	ce11	Histone	5401926	running	15900411		2026-04-06T12:43:12+09:00	2026-04-06T12:43:12+09:00					0
SRX208774	ce11	RNA polymerase	19098144	done	15900382		2026-04-06T12:38:14+09:00	2026-04-06T12:43:14+09:00	41	258	299		0
SRX2144168	ce11	Histone	8669264	running	15900412		2026-04-06T12:43:14+09:00	2026-04-06T12:43:14+09:00					0
SRX21064608	ce11	TFs and others	5878468	done	15900403		2026-04-06T12:42:11+09:00	2026-04-06T12:43:44+09:00	16	77	93		0
SRX2144169	ce11	Histone	4267483	running	15900413		2026-04-06T12:43:45+09:00	2026-04-06T12:43:45+09:00					0
SRX20276933	ce11	Histone	26337244	done	15900360		2026-04-06T12:30:29+09:00	2026-04-06T12:43:45+09:00	206	590	796		0
SRX2144170	ce11	RNA polymerase	5531968	running	15900414		2026-04-06T12:43:47+09:00	2026-04-06T12:43:47+09:00					0
SRX1674098	ce11	RNA polymerase	100922140	done	15900256		2026-04-06T12:00:57+09:00	2026-04-06T12:43:47+09:00	274	2296	2570		0
SRX21064601	ce11	TFs and others	9294136	done	15900400		2026-04-06T12:41:27+09:00	2026-04-06T12:43:47+09:00	19	121	140		0
SRX2144171	ce11	RNA polymerase	9709567	running	15900415		2026-04-06T12:43:50+09:00	2026-04-06T12:43:50+09:00					0
SRX2144172	ce11	RNA polymerase	5477242	running	15900416		2026-04-06T12:43:50+09:00	2026-04-06T12:43:50+09:00					0
SRX21064602	ce11	TFs and others	7936231	done	15900401		2026-04-06T12:41:30+09:00	2026-04-06T12:44:12+09:00	20	142	162		0
SRX2144173	ce11	RNA polymerase	9595716	running	15900417		2026-04-06T12:44:13+09:00	2026-04-06T12:44:13+09:00					0
SRX21064609	ce11	TFs and others	9095654	done	15900405		2026-04-06T12:42:17+09:00	2026-04-06T12:44:19+09:00	19	103	122		0
SRX2144174	ce11	RNA polymerase	4398420	running	15900418		2026-04-06T12:44:20+09:00	2026-04-06T12:44:20+09:00					0
SRX20276924	ce11	Histone	50091762	done	15900354		2026-04-06T12:28:52+09:00	2026-04-06T12:44:27+09:00	173	762	935		0
SRX2144175	ce11	Histone	6518497	running	15900419		2026-04-06T12:44:28+09:00	2026-04-06T12:44:28+09:00					0
SRX19312661	ce11	TFs and others	32169120	done	15900328		2026-04-06T12:19:56+09:00	2026-04-06T12:44:30+09:00	132	1342	1474		0
SRX2144176	ce11	Histone	5032150	running	15900420		2026-04-06T12:44:31+09:00	2026-04-06T12:44:31+09:00					0
SRX2144166	ce11	Histone	3651845	done	15900410		2026-04-06T12:43:07+09:00	2026-04-06T12:44:37+09:00	12	78	90		0
SRX2144177	ce11	Histone	5173938	running	15900421		2026-04-06T12:44:38+09:00	2026-04-06T12:44:38+09:00					0
SRX21064600	ce11	TFs and others	11175253	done	15900399		2026-04-06T12:41:12+09:00	2026-04-06T12:44:38+09:00	28	177	205		0
SRX2144178	ce11	Histone	8786701	running	15900422		2026-04-06T12:44:40+09:00	2026-04-06T12:44:40+09:00					0
SRX21064585	ce11	TFs and others	14402133	done	15900390		2026-04-06T12:39:23+09:00	2026-04-06T12:44:40+09:00	28	288	316		0
SRX212235	ce11	TFs and others	12552249	done	15900408		2026-04-06T12:42:52+09:00	2026-04-06T12:44:43+09:00	20	91	111		0
SRX2144180	ce11	RNA polymerase	6729731	running	15900424		2026-04-06T12:44:44+09:00	2026-04-06T12:44:44+09:00					0
SRX2144179	ce11	Histone	6820219	running	15900423		2026-04-06T12:44:44+09:00	2026-04-06T12:44:44+09:00					0
SRX19856960	ce11	TFs and others	40013894	done	15900335		2026-04-06T12:22:25+09:00	2026-04-06T12:44:46+09:00	991	349	1340		0
SRX2144181	ce11	RNA polymerase	8842349	running	15900425		2026-04-06T12:44:47+09:00	2026-04-06T12:44:47+09:00					0
SRX2144165	ce11	Histone	4913051	done	15900409		2026-04-06T12:43:03+09:00	2026-04-06T12:44:57+09:00	12	102	114		0
SRX2144182	ce11	RNA polymerase	7550443	running	15900426		2026-04-06T12:44:58+09:00	2026-04-06T12:44:58+09:00					0
SRX1674099	ce11	RNA polymerase	104108339	done	15900257		2026-04-06T12:01:00+09:00	2026-04-06T12:45:00+09:00	279	2361	2640		0
SRX2144183	ce11	RNA polymerase	6715360	running	15900427		2026-04-06T12:45:03+09:00	2026-04-06T12:45:03+09:00					0
SRX2144167	ce11	Histone	5401926	done	15900411		2026-04-06T12:43:12+09:00	2026-04-06T12:45:04+09:00	13	99	112		0
SRX21064589	ce11	TFs and others	15631996	done	15900394		2026-04-06T12:40:16+09:00	2026-04-06T12:45:05+09:00	31	258	289		0
SRX2144184	ce11	RNA polymerase	5526585	running	15900428		2026-04-06T12:45:06+09:00	2026-04-06T12:45:06+09:00					0
SRX2144190	ce11	Histone	3444666	running	15900429		2026-04-06T12:45:06+09:00	2026-04-06T12:45:06+09:00					0
SRX2144169	ce11	Histone	4267483	done	15900413		2026-04-06T12:43:45+09:00	2026-04-06T12:45:22+09:00	12	85	97		0
SRX2144191	ce11	Histone	6821424	running	15900430		2026-04-06T12:45:23+09:00	2026-04-06T12:45:23+09:00					0
SRX21064590	ce11	TFs and others	15897607	done	15900395		2026-04-06T12:40:17+09:00	2026-04-06T12:45:27+09:00	32	277	309		0
SRX2144192	ce11	Histone	2717461	running	15900431		2026-04-06T12:45:28+09:00	2026-04-06T12:45:28+09:00					0
SRX2144172	ce11	RNA polymerase	5477242	done	15900416		2026-04-06T12:43:50+09:00	2026-04-06T12:45:42+09:00	15	97	112		0
SRX2144170	ce11	RNA polymerase	5531968	done	15900414		2026-04-06T12:43:47+09:00	2026-04-06T12:45:43+09:00	17	99	116		0
SRX2144193	ce11	Histone	4009970	running	15900432		2026-04-06T12:45:45+09:00	2026-04-06T12:45:45+09:00					0
SRX2144194	ce11	Histone	3823058	running	15900433		2026-04-06T12:45:45+09:00	2026-04-06T12:45:45+09:00					0
SRX21064591	ce11	TFs and others	15670415	done	15900396		2026-04-06T12:40:43+09:00	2026-04-06T12:45:48+09:00	38	266	304		0
SRX20276915	ce11	Histone	29726278	done	15900349		2026-04-06T12:26:58+09:00	2026-04-06T12:45:49+09:00	105	1026	1131		0
SRX2163950	ce11	Histone	50549812	running	15900435		2026-04-06T12:45:51+09:00	2026-04-06T12:45:51+09:00					0
SRX2163949	ce11	Histone	41298351	running	15900434		2026-04-06T12:45:51+09:00	2026-04-06T12:45:51+09:00					0
SRX21064586	ce11	TFs and others	17583852	done	15900391		2026-04-06T12:39:48+09:00	2026-04-06T12:45:58+09:00	36	333	369		0
SRX2170085	ce11	Bisulfite-Seq	326964	running	15900436		2026-04-06T12:45:59+09:00	2026-04-06T12:45:59+09:00					0
SRX2144174	ce11	RNA polymerase	4398420	done	15900418		2026-04-06T12:44:20+09:00	2026-04-06T12:46:00+09:00	12	88	100		0
SRX21762554	ce11	TFs and others	8682734	running	15900437		2026-04-06T12:46:01+09:00	2026-04-06T12:46:01+09:00					0
SRX2144171	ce11	RNA polymerase	9709567	done	15900415		2026-04-06T12:43:50+09:00	2026-04-06T12:46:17+09:00	21	126	147		0
SRX21762555	ce11	TFs and others	13829214	running	15900438		2026-04-06T12:46:20+09:00	2026-04-06T12:46:20+09:00					0
SRX21064592	ce11	TFs and others	17231087	done	15900397		2026-04-06T12:40:54+09:00	2026-04-06T12:46:21+09:00	39	287	326		0
SRX21762556	ce11	TFs and others	6195493	running	15900439		2026-04-06T12:46:23+09:00	2026-04-06T12:46:23+09:00					0
SRX2144176	ce11	Histone	5032150	done	15900420		2026-04-06T12:44:31+09:00	2026-04-06T12:46:25+09:00	12	102	114		0
SRX21762557	ce11	TFs and others	11531890	running	15900440		2026-04-06T12:46:26+09:00	2026-04-06T12:46:26+09:00					0
SRX2144190	ce11	Histone	3444666	done	15900429		2026-04-06T12:45:06+09:00	2026-04-06T12:46:32+09:00	10	75	85		0
SRX2144177	ce11	Histone	5173938	done	15900421		2026-04-06T12:44:38+09:00	2026-04-06T12:46:33+09:00	12	102	114		0
SRX21762560	ce11	RNA polymerase	22669304	running	15900441		2026-04-06T12:46:33+09:00	2026-04-06T12:46:33+09:00					0
SRX21762561	ce11	RNA polymerase	18073472	running	15900442		2026-04-06T12:46:35+09:00	2026-04-06T12:46:35+09:00					0
SRX2144168	ce11	Histone	8669264	done	15900412		2026-04-06T12:43:14+09:00	2026-04-06T12:46:37+09:00	19	184	203		0
SRX21762562	ce11	RNA polymerase	26006759	running	15900443		2026-04-06T12:46:38+09:00	2026-04-06T12:46:38+09:00					0
SRX2144192	ce11	Histone	2717461	done	15900431		2026-04-06T12:45:28+09:00	2026-04-06T12:46:38+09:00	9	61	70		0
SRX21762563	ce11	RNA polymerase	8465221	running	15900444		2026-04-06T12:46:41+09:00	2026-04-06T12:46:41+09:00					0
SRX2144180	ce11	RNA polymerase	6729731	done	15900424		2026-04-06T12:44:44+09:00	2026-04-06T12:46:49+09:00	15	110	125		0
SRX21762564	ce11	RNA polymerase	7171321	running	15900445		2026-04-06T12:46:50+09:00	2026-04-06T12:46:50+09:00					0
SRX2144175	ce11	Histone	6518497	done	15900419		2026-04-06T12:44:28+09:00	2026-04-06T12:46:52+09:00	17	126	143		0
SRX21762565	ce11	RNA polymerase	14774536	running	15900446		2026-04-06T12:46:53+09:00	2026-04-06T12:46:53+09:00					0
SRX2144181	ce11	RNA polymerase	8842349	done	15900425		2026-04-06T12:44:47+09:00	2026-04-06T12:46:58+09:00	21	110	131		0
SRX21762566	ce11	RNA polymerase	11155204	running	15900447		2026-04-06T12:46:59+09:00	2026-04-06T12:46:59+09:00					0
SRX2144182	ce11	RNA polymerase	7550443	done	15900426		2026-04-06T12:44:58+09:00	2026-04-06T12:47:05+09:00	16	111	127		0
SRX21804016	ce11	ATAC-Seq	13361761	running	15900448		2026-04-06T12:47:06+09:00	2026-04-06T12:47:06+09:00					0
SRX2144179	ce11	Histone	6820219	done	15900423		2026-04-06T12:44:44+09:00	2026-04-06T12:47:06+09:00	15	126	141		0
SRX21804017	ce11	ATAC-Seq	11913759	running	15900449		2026-04-06T12:47:08+09:00	2026-04-06T12:47:08+09:00					0
SRX21064587	ce11	TFs and others	23081685	done	15900392		2026-04-06T12:39:50+09:00	2026-04-06T12:47:09+09:00	41	397	438		0
SRX2144193	ce11	Histone	4009970	done	15900432		2026-04-06T12:45:45+09:00	2026-04-06T12:47:10+09:00	11	74	85		0
SRX21804019	ce11	ATAC-Seq	17948282	running	15900451		2026-04-06T12:47:11+09:00	2026-04-06T12:47:11+09:00					0
SRX21804018	ce11	ATAC-Seq	16675512	running	15900450		2026-04-06T12:47:11+09:00	2026-04-06T12:47:11+09:00					0
SRX2144173	ce11	RNA polymerase	9595716	done	15900417		2026-04-06T12:44:13+09:00	2026-04-06T12:47:17+09:00	21	163	184		0
SRX21804020	ce11	ATAC-Seq	13800295	running	15900452		2026-04-06T12:47:18+09:00	2026-04-06T12:47:18+09:00					0
SRX2144183	ce11	RNA polymerase	6715360	done	15900427		2026-04-06T12:45:03+09:00	2026-04-06T12:47:18+09:00	17	118	135		0
SRX20276939	ce11	Histone	42505710	done	15900362		2026-04-06T12:30:59+09:00	2026-04-06T12:47:20+09:00	179	802	981		0
SRX21804022	ce11	ATAC-Seq	17090101	running	15900454		2026-04-06T12:47:21+09:00	2026-04-06T12:47:21+09:00					0
SRX21804021	ce11	ATAC-Seq	21897656	running	15900453		2026-04-06T12:47:21+09:00	2026-04-06T12:47:21+09:00					0
SRX2144194	ce11	Histone	3823058	done	15900433		2026-04-06T12:45:45+09:00	2026-04-06T12:47:23+09:00	14	83	97		0
SRX2144184	ce11	RNA polymerase	5526585	done	15900428		2026-04-06T12:45:06+09:00	2026-04-06T12:47:23+09:00	41	95	136		0
SRX21804023	ce11	ATAC-Seq	17809067	running	15900455		2026-04-06T12:47:24+09:00	2026-04-06T12:47:24+09:00					0
SRX21804024	ce11	ATAC-Seq	25456261	running	15900456		2026-04-06T12:47:24+09:00	2026-04-06T12:47:24+09:00					0
SRX21064593	ce11	TFs and others	21942316	done	15900398		2026-04-06T12:40:58+09:00	2026-04-06T12:47:49+09:00	50	360	410		0
SRX21064611	ce11	TFs and others	21509217	done	15900407		2026-04-06T12:42:24+09:00	2026-04-06T12:47:49+09:00	42	282	324		0
SRX2202776	ce11	Histone	16007623	running	15900458		2026-04-06T12:47:50+09:00	2026-04-06T12:47:50+09:00					0
SRX2202775	ce11	Histone	16937099	running	15900457		2026-04-06T12:47:50+09:00	2026-04-06T12:47:50+09:00					0
SRX2144191	ce11	Histone	6821424	done	15900430		2026-04-06T12:45:23+09:00	2026-04-06T12:47:52+09:00	17	132	149		0
SRX2202779	ce11	TFs and others	20981917	running	15900459		2026-04-06T12:47:53+09:00	2026-04-06T12:47:53+09:00					0
SRX21064584	ce11	TFs and others	13209219	done	15900389		2026-04-06T12:39:20+09:00	2026-04-06T12:48:03+09:00	235	287	522		0
SRX2202780	ce11	TFs and others	19386364	running	15900460		2026-04-06T12:48:04+09:00	2026-04-06T12:48:04+09:00					0
SRX2144178	ce11	Histone	8786701	done	15900422		2026-04-06T12:44:40+09:00	2026-04-06T12:48:08+09:00	21	187	208		0
SRX2202781	ce11	TFs and others	22115537	running	15900461		2026-04-06T12:48:09+09:00	2026-04-06T12:48:09+09:00					0
SRX21762556	ce11	TFs and others	6195493	done	15900439		2026-04-06T12:46:23+09:00	2026-04-06T12:48:18+09:00	15	100	115		0
SRX2202782	ce11	TFs and others	23888948	running	15900462		2026-04-06T12:48:20+09:00	2026-04-06T12:48:20+09:00					0
SRX21762554	ce11	TFs and others	8682734	done	15900437		2026-04-06T12:46:01+09:00	2026-04-06T12:48:47+09:00	22	143	165		0
SRX2202783	ce11	TFs and others	20182598	running	15900463		2026-04-06T12:48:48+09:00	2026-04-06T12:48:48+09:00					0
SRX21064610	ce11	TFs and others	25338318	done	15900406		2026-04-06T12:42:18+09:00	2026-04-06T12:48:58+09:00	69	330	399		0
SRX2202784	ce11	TFs and others	23824880	running	15900464		2026-04-06T12:48:59+09:00	2026-04-06T12:48:59+09:00					0
SRX21064583	ce11	TFs and others	14553950	done	15900388		2026-04-06T12:39:20+09:00	2026-04-06T12:49:08+09:00	261	327	588		0
SRX2170085	ce11	Bisulfite-Seq	326964	done	15900436		2026-04-06T12:45:59+09:00	2026-04-06T12:49:10+09:00	68	122	190		0
SRX2202786	ce11	TFs and others	19485470	running	15900466		2026-04-06T12:49:11+09:00	2026-04-06T12:49:11+09:00					0
SRX2202785	ce11	TFs and others	22406252	running	15900465		2026-04-06T12:49:09+09:00	2026-04-06T12:49:11+09:00					0
SRX21762564	ce11	RNA polymerase	7171321	done	15900445		2026-04-06T12:46:50+09:00	2026-04-06T12:49:27+09:00	18	139	157		0
SRX2202787	ce11	TFs and others	20837923	running	15900467		2026-04-06T12:49:28+09:00	2026-04-06T12:49:28+09:00					0
SRX21762563	ce11	RNA polymerase	8465221	done	15900444		2026-04-06T12:46:41+09:00	2026-04-06T12:49:34+09:00	19	154	173		0
SRX2202788	ce11	TFs and others	24890077	running	15900468		2026-04-06T12:49:35+09:00	2026-04-06T12:49:35+09:00					0
SRX20276923	ce11	Histone	37957801	done	15900353		2026-04-06T12:28:52+09:00	2026-04-06T12:49:48+09:00	147	1109	1256		0
SRX222634	ce11	TFs and others	6220459	running	15900469		2026-04-06T12:49:49+09:00	2026-04-06T12:49:49+09:00					0
SRX21762557	ce11	TFs and others	11531890	done	15900440		2026-04-06T12:46:26+09:00	2026-04-06T12:50:12+09:00	25	201	226		0
SRX222635	ce11	TFs and others	3974082	running	15900470		2026-04-06T12:50:13+09:00	2026-04-06T12:50:13+09:00					0
SRX20276925	ce11	Histone	34743022	done	15900355		2026-04-06T12:29:28+09:00	2026-04-06T12:50:34+09:00	185	1081	1266		0
SRX222638	ce11	TFs and others	7552112	running	15900471		2026-04-06T12:50:35+09:00	2026-04-06T12:50:35+09:00					0
SRX21762555	ce11	TFs and others	13829214	done	15900438		2026-04-06T12:46:20+09:00	2026-04-06T12:50:42+09:00	29	232	261		0
SRX222639	ce11	TFs and others	6976383	running	15900472		2026-04-06T12:50:43+09:00	2026-04-06T12:50:43+09:00					0
SRX21762566	ce11	RNA polymerase	11155204	done	15900447		2026-04-06T12:46:59+09:00	2026-04-06T12:50:49+09:00	22	207	229		0
SRX222642	ce11	TFs and others	5641350	running	15900473		2026-04-06T12:50:50+09:00	2026-04-06T12:50:50+09:00					0
SRX222634	ce11	TFs and others	6220459	done	15900469		2026-04-06T12:49:49+09:00	2026-04-06T12:50:53+09:00	12	52	64		0
SRX222643	ce11	TFs and others	6024147	running	15900474		2026-04-06T12:50:54+09:00	2026-04-06T12:50:54+09:00					0
SRX20276930	ce11	Histone	32915775	done	15900357		2026-04-06T12:30:09+09:00	2026-04-06T12:50:54+09:00	142	1103	1245		0
SRX2228847	ce11	TFs and others	20144069	running	15900475		2026-04-06T12:50:56+09:00	2026-04-06T12:50:56+09:00					0
SRX17392622	ce11	Histone	47195563	done	15900277		2026-04-06T12:03:56+09:00	2026-04-06T12:51:13+09:00	309	2433	2742		0
SRX2228848	ce11	TFs and others	23585231	running	15900476		2026-04-06T12:51:14+09:00	2026-04-06T12:51:14+09:00					0
SRX21762565	ce11	RNA polymerase	14774536	done	15900446		2026-04-06T12:46:53+09:00	2026-04-06T12:51:15+09:00	29	232	261		0
SRX2228849	ce11	TFs and others	8154140	running	15900477		2026-04-06T12:51:16+09:00	2026-04-06T12:51:16+09:00					0
SRX222635	ce11	TFs and others	3974082	done	15900470		2026-04-06T12:50:13+09:00	2026-04-06T12:51:21+09:00	10	57	67		0
SRX2228850	ce11	TFs and others	10569347	running	15900478		2026-04-06T12:51:22+09:00	2026-04-06T12:51:22+09:00					0
SRX20276940	ce11	Histone	40752427	done	15900363		2026-04-06T12:31:02+09:00	2026-04-06T12:51:53+09:00	498	753	1251		0
SRX2228851	ce11	TFs and others	5733878	running	15900479		2026-04-06T12:51:54+09:00	2026-04-06T12:51:54+09:00					0
SRX21762561	ce11	RNA polymerase	18073472	done	15900442		2026-04-06T12:46:35+09:00	2026-04-06T12:52:17+09:00	34	307	341		0
SRX2228852	ce11	TFs and others	8992104	running	15900480		2026-04-06T12:52:18+09:00	2026-04-06T12:52:18+09:00					0
SRX222643	ce11	TFs and others	6024147	done	15900474		2026-04-06T12:50:54+09:00	2026-04-06T12:52:26+09:00	12	80	92		0
SRX2228853	ce11	TFs and others	5242953	running	15900481		2026-04-06T12:52:27+09:00	2026-04-06T12:52:27+09:00					0
SRX222642	ce11	TFs and others	5641350	done	15900473		2026-04-06T12:50:50+09:00	2026-04-06T12:52:31+09:00	11	90	101		0
SRX2228854	ce11	TFs and others	5119300	running	15900482		2026-04-06T12:52:32+09:00	2026-04-06T12:52:32+09:00					0
SRX222639	ce11	TFs and others	6976383	done	15900472		2026-04-06T12:50:43+09:00	2026-04-06T12:53:00+09:00	14	122	136		0
SRX2228855	ce11	TFs and others	6196375	running	15900483		2026-04-06T12:53:01+09:00	2026-04-06T12:53:01+09:00					0
SRX222638	ce11	TFs and others	7552112	done	15900471		2026-04-06T12:50:35+09:00	2026-04-06T12:53:02+09:00	13	133	146		0
SRX2228856	ce11	TFs and others	10710100	running	15900484		2026-04-06T12:53:03+09:00	2026-04-06T12:53:03+09:00					0
SRX2202776	ce11	Histone	16007623	done	15900458		2026-04-06T12:47:50+09:00	2026-04-06T12:53:10+09:00	24	296	320		0
SRX2228857	ce11	TFs and others	11801157	running	15900485		2026-04-06T12:53:11+09:00	2026-04-06T12:53:11+09:00					0
SRX20276910	ce11	Histone	18013783	done	15900347		2026-04-06T12:26:48+09:00	2026-04-06T12:53:19+09:00	868	722	1590		0
SRX2228858	ce11	TFs and others	12429446	running	15900486		2026-04-06T12:53:21+09:00	2026-04-06T12:53:21+09:00					0
SRX21762560	ce11	RNA polymerase	22669304	done	15900441		2026-04-06T12:46:33+09:00	2026-04-06T12:53:24+09:00	43	367	410		0
SRX2228859	ce11	TFs and others	12255316	running	15900487		2026-04-06T12:53:25+09:00	2026-04-06T12:53:25+09:00					0
SRX2202780	ce11	TFs and others	19386364	done	15900460		2026-04-06T12:48:04+09:00	2026-04-06T12:53:25+09:00	29	292	321		0
SRX2202779	ce11	TFs and others	20981917	done	15900459		2026-04-06T12:47:53+09:00	2026-04-06T12:53:26+09:00	32	300	332		0
SRX2228861	ce11	TFs and others	9436772	running	15900489		2026-04-06T12:53:27+09:00	2026-04-06T12:53:27+09:00					0
SRX2228860	ce11	TFs and others	15555360	running	15900488		2026-04-06T12:53:27+09:00	2026-04-06T12:53:27+09:00					0
SRX2202775	ce11	Histone	16937099	done	15900457		2026-04-06T12:47:50+09:00	2026-04-06T12:53:43+09:00	24	328	352		0
SRX2228862	ce11	TFs and others	30487356	running	15900490		2026-04-06T12:53:44+09:00	2026-04-06T12:53:44+09:00					0
SRX2228851	ce11	TFs and others	5733878	done	15900479		2026-04-06T12:51:54+09:00	2026-04-06T12:53:56+09:00	16	106	122		0
SRX2228863	ce11	TFs and others	11982884	running	15900491		2026-04-06T12:53:57+09:00	2026-04-06T12:53:57+09:00					0
SRX17392620	ce11	Histone	35516656	done	15900275		2026-04-06T12:03:27+09:00	2026-04-06T12:54:15+09:00	300	2748	3048		0
SRX2228849	ce11	TFs and others	8154140	done	15900477		2026-04-06T12:51:16+09:00	2026-04-06T12:54:15+09:00	20	159	179		0
SRX2228864	ce11	TFs and others	10064622	running	15900492		2026-04-06T12:54:16+09:00	2026-04-06T12:54:16+09:00					0
SRX2228865	ce11	TFs and others	18668481	running	15900493		2026-04-06T12:54:16+09:00	2026-04-06T12:54:16+09:00					0
SRX21762562	ce11	RNA polymerase	26006759	done	15900443		2026-04-06T12:46:38+09:00	2026-04-06T12:54:17+09:00	57	401	458		0
SRX2228866	ce11	Histone	18406714	running	15900494		2026-04-06T12:54:20+09:00	2026-04-06T12:54:20+09:00					0
SRX2228853	ce11	TFs and others	5242953	done	15900481		2026-04-06T12:52:27+09:00	2026-04-06T12:54:29+09:00	16	106	122		0
SRX2228867	ce11	Histone	14827846	running	15900495		2026-04-06T12:54:31+09:00	2026-04-06T12:54:31+09:00					0
SRX2228854	ce11	TFs and others	5119300	done	15900482		2026-04-06T12:52:32+09:00	2026-04-06T12:54:35+09:00	13	110	123		0
SRX2228868	ce11	Histone	7769658	running	15900496		2026-04-06T12:54:37+09:00	2026-04-06T12:54:37+09:00					0
SRX2228852	ce11	TFs and others	8992104	done	15900480		2026-04-06T12:52:18+09:00	2026-04-06T12:55:11+09:00	18	155	173		0
SRX2228869	ce11	Histone	14221404	running	15900497		2026-04-06T12:55:12+09:00	2026-04-06T12:55:12+09:00					0
SRX2228850	ce11	TFs and others	10569347	done	15900478		2026-04-06T12:51:22+09:00	2026-04-06T12:55:14+09:00	26	206	232		0
SRX2228870	ce11	Histone	9142363	running	15900498		2026-04-06T12:55:15+09:00	2026-04-06T12:55:15+09:00					0
SRX2228855	ce11	TFs and others	6196375	done	15900483		2026-04-06T12:53:01+09:00	2026-04-06T12:55:16+09:00	14	121	135		0
SRX2228871	ce11	Histone	18247478	running	15900499		2026-04-06T12:55:17+09:00	2026-04-06T12:55:17+09:00					0
SRX2202781	ce11	TFs and others	22115537	done	15900461		2026-04-06T12:48:09+09:00	2026-04-06T12:55:26+09:00	28	409	437		0
SRX2228847	ce11	TFs and others	20144069	done	15900475		2026-04-06T12:50:56+09:00	2026-04-06T12:55:28+09:00	31	241	272		0
SRX2228872	ce11	Histone	7312239	running	15900500		2026-04-06T12:55:29+09:00	2026-04-06T12:55:29+09:00					0
SRX2228873	ce11	TFs and others	17467837	running	15900501		2026-04-06T12:55:29+09:00	2026-04-06T12:55:29+09:00					0
SRX2202783	ce11	TFs and others	20182598	done	15900463		2026-04-06T12:48:48+09:00	2026-04-06T12:55:30+09:00	26	375	401		0
SRX2228874	ce11	TFs and others	33038431	running	15900502		2026-04-06T12:55:33+09:00	2026-04-06T12:55:33+09:00					0
SRX2202786	ce11	TFs and others	19485470	done	15900466		2026-04-06T12:49:11+09:00	2026-04-06T12:55:45+09:00	26	367	393		0
SRX2228875	ce11	TFs and others	11043257	running	15900503		2026-04-06T12:55:46+09:00	2026-04-06T12:55:46+09:00					0
SRX2228859	ce11	TFs and others	12255316	done	15900487		2026-04-06T12:53:25+09:00	2026-04-06T12:55:47+09:00	20	122	142		0
SRX2228876	ce11	TFs and others	14851943	running	15900504		2026-04-06T12:55:49+09:00	2026-04-06T12:55:49+09:00					0
SRX2202782	ce11	TFs and others	23888948	done	15900462		2026-04-06T12:48:20+09:00	2026-04-06T12:55:57+09:00	29	428	457		0
SRX2228877	ce11	TFs and others	9681803	running	15900505		2026-04-06T12:55:58+09:00	2026-04-06T12:55:58+09:00					0
SRX21804017	ce11	ATAC-Seq	11913759	done	15900449		2026-04-06T12:47:08+09:00	2026-04-06T12:56:02+09:00	89	444	533		0
SRX2228878	ce11	TFs and others	19257180	running	15900506		2026-04-06T12:56:03+09:00	2026-04-06T12:56:03+09:00					0
SRX21804020	ce11	ATAC-Seq	13800295	done	15900452		2026-04-06T12:47:18+09:00	2026-04-06T12:56:06+09:00	77	449	526		0
SRX2228879	ce11	TFs and others	19204008	running	15900507		2026-04-06T12:56:07+09:00	2026-04-06T12:56:07+09:00					0
SRX2202787	ce11	TFs and others	20837923	done	15900467		2026-04-06T12:49:28+09:00	2026-04-06T12:56:14+09:00	28	377	405		0
SRX2228880	ce11	TFs and others	18386343	running	15900508		2026-04-06T12:56:15+09:00	2026-04-06T12:56:15+09:00					0
SRX2228857	ce11	TFs and others	11801157	done	15900485		2026-04-06T12:53:11+09:00	2026-04-06T12:56:21+09:00	22	168	190		0
SRX2228881	ce11	TFs and others	14706632	running	15900509		2026-04-06T12:56:23+09:00	2026-04-06T12:56:23+09:00					0
SRX21804016	ce11	ATAC-Seq	13361761	done	15900448		2026-04-06T12:47:06+09:00	2026-04-06T12:56:30+09:00	78	484	562		0
SRX2228882	ce11	TFs and others	20627992	running	15900510		2026-04-06T12:56:32+09:00	2026-04-06T12:56:32+09:00					0
SRX2202784	ce11	TFs and others	23824880	done	15900464		2026-04-06T12:48:59+09:00	2026-04-06T12:56:36+09:00	29	428	457		0
SRX2202785	ce11	TFs and others	22406252	done	15900465		2026-04-06T12:49:09+09:00	2026-04-06T12:56:36+09:00	36	409	445		0
SRX2228858	ce11	TFs and others	12429446	done	15900486		2026-04-06T12:53:21+09:00	2026-04-06T12:56:36+09:00	25	170	195		0
SRX2228884	ce11	TFs and others	11973503	running	15900512		2026-04-06T12:56:38+09:00	2026-04-06T12:56:38+09:00					0
SRX2228883	ce11	TFs and others	18646407	running	15900511		2026-04-06T12:56:38+09:00	2026-04-06T12:56:38+09:00					0
SRX2228885	ce11	TFs and others	20205412	running	15900513		2026-04-06T12:56:38+09:00	2026-04-06T12:56:38+09:00					0
SRX2228867	ce11	Histone	14827846	done	15900495		2026-04-06T12:54:31+09:00	2026-04-06T12:56:46+09:00	22	113	135		0
SRX2228886	ce11	TFs and others	6284733	running	15900515		2026-04-06T12:56:47+09:00	2026-04-06T12:56:47+09:00					0
SRX2228868	ce11	Histone	7769658	done	15900496		2026-04-06T12:54:37+09:00	2026-04-06T12:56:57+09:00	21	118	139		0
SRX2228887	ce11	TFs and others	10397250	running	15900516		2026-04-06T12:56:59+09:00	2026-04-06T12:56:59+09:00					0
SRX2228856	ce11	TFs and others	10710100	done	15900484		2026-04-06T12:53:03+09:00	2026-04-06T12:57:12+09:00	24	225	249		0
SRX2228888	ce11	TFs and others	10153262	running	15900517		2026-04-06T12:57:13+09:00	2026-04-06T12:57:13+09:00					0
SRX2228861	ce11	TFs and others	9436772	done	15900489		2026-04-06T12:53:27+09:00	2026-04-06T12:57:13+09:00	29	197	226		0
SRX2228889	ce11	TFs and others	6864509	running	15900518		2026-04-06T12:57:15+09:00	2026-04-06T12:57:15+09:00					0
SRX20276917	ce11	Histone	29977448	done	15900351		2026-04-06T12:27:04+09:00	2026-04-06T12:57:28+09:00	364	1460	1824		0
SRX2228890	ce11	TFs and others	13966004	running	15900519		2026-04-06T12:57:32+09:00	2026-04-06T12:57:32+09:00					0
SRX2202788	ce11	TFs and others	24890077	done	15900468		2026-04-06T12:49:35+09:00	2026-04-06T12:57:34+09:00	31	447	478		0
SRX2228891	ce11	TFs and others	15404718	running	15900520		2026-04-06T12:57:35+09:00	2026-04-06T12:57:35+09:00					0
SRX2228864	ce11	TFs and others	10064622	done	15900492		2026-04-06T12:54:16+09:00	2026-04-06T12:57:44+09:00	20	187	207		0
SRX2228892	ce11	TFs and others	7805545	running	15900521		2026-04-06T12:57:45+09:00	2026-04-06T12:57:45+09:00					0
SRX2228848	ce11	TFs and others	23585231	done	15900476		2026-04-06T12:51:14+09:00	2026-04-06T12:57:45+09:00	41	349	390		0
SRX2249334	ce11	Histone	162820502	running	15900522		2026-04-06T12:57:47+09:00	2026-04-06T12:57:47+09:00					0
SRX2228872	ce11	Histone	7312239	done	15900500		2026-04-06T12:55:29+09:00	2026-04-06T12:58:24+09:00	21	153	174		0
SRX2249335	ce11	Histone	53777861	running	15900523		2026-04-06T12:58:25+09:00	2026-04-06T12:58:25+09:00					0
SRX2228886	ce11	TFs and others	6284733	done	15900515		2026-04-06T12:56:47+09:00	2026-04-06T12:58:35+09:00	13	95	108		0
SRX2332995	ce11	ATAC-Seq	26099622	running	15900524		2026-04-06T12:58:36+09:00	2026-04-06T12:58:36+09:00					0
SRX2228870	ce11	Histone	9142363	done	15900498		2026-04-06T12:55:15+09:00	2026-04-06T12:58:38+09:00	22	181	203		0
SRX2332996	ce11	ATAC-Seq	36024207	running	15900525		2026-04-06T12:58:39+09:00	2026-04-06T12:58:39+09:00					0
SRX2228866	ce11	Histone	18406714	done	15900494		2026-04-06T12:54:20+09:00	2026-04-06T12:58:44+09:00	27	237	264		0
SRX2332997	ce11	ATAC-Seq	44833479	running	15900526		2026-04-06T12:58:45+09:00	2026-04-06T12:58:45+09:00					0
SRX2228860	ce11	TFs and others	15555360	done	15900488		2026-04-06T12:53:27+09:00	2026-04-06T12:58:53+09:00	32	293	325		0
SRX2332998	ce11	ATAC-Seq	22946693	running	15900527		2026-04-06T12:58:54+09:00	2026-04-06T12:58:54+09:00					0
SRX21804023	ce11	ATAC-Seq	17809067	done	15900455		2026-04-06T12:47:24+09:00	2026-04-06T12:58:57+09:00	93	598	691		0
SRX2332999	ce11	ATAC-Seq	29523880	running	15900528		2026-04-06T12:58:58+09:00	2026-04-06T12:58:58+09:00					0
SRX21804022	ce11	ATAC-Seq	17090101	done	15900454		2026-04-06T12:47:21+09:00	2026-04-06T12:59:19+09:00	99	618	717		0
SRX2333000	ce11	ATAC-Seq	21258521	running	15900529		2026-04-06T12:59:20+09:00	2026-04-06T12:59:20+09:00					0
SRX2228863	ce11	TFs and others	11982884	done	15900491		2026-04-06T12:53:57+09:00	2026-04-06T12:59:22+09:00	35	289	324		0
SRX2333001	ce11	ATAC-Seq	21992224	running	15900530		2026-04-06T12:59:23+09:00	2026-04-06T12:59:23+09:00					0
SRX2228877	ce11	TFs and others	9681803	done	15900505		2026-04-06T12:55:58+09:00	2026-04-06T12:59:23+09:00	22	182	204		0
SRX21804018	ce11	ATAC-Seq	16675512	done	15900450		2026-04-06T12:47:11+09:00	2026-04-06T12:59:27+09:00	94	642	736		0
SRX2333002	ce11	ATAC-Seq	43457363	running	15900531		2026-04-06T12:59:26+09:00	2026-04-06T12:59:28+09:00					0
SRX2333003	ce11	ATAC-Seq	49739109	running	15900532		2026-04-06T12:59:29+09:00	2026-04-06T12:59:29+09:00					0
SRX2228875	ce11	TFs and others	11043257	done	15900503		2026-04-06T12:55:46+09:00	2026-04-06T12:59:41+09:00	23	212	235		0
SRX2333004	ce11	ATAC-Seq	31364016	running	15900533		2026-04-06T12:59:42+09:00	2026-04-06T12:59:42+09:00					0
SRX2228889	ce11	TFs and others	6864509	done	15900518		2026-04-06T12:57:15+09:00	2026-04-06T12:59:45+09:00	14	136	150		0
SRX2228865	ce11	TFs and others	18668481	done	15900493		2026-04-06T12:54:16+09:00	2026-04-06T12:59:46+09:00	40	289	329		0
SRX233417	ce11	TFs and others	6560280	running	15900534		2026-04-06T12:59:46+09:00	2026-04-06T12:59:46+09:00					0
SRX233418	ce11	TFs and others	9081688	running	15900535		2026-04-06T12:59:47+09:00	2026-04-06T12:59:47+09:00					0
SRX21804019	ce11	ATAC-Seq	17948282	done	15900451		2026-04-06T12:47:11+09:00	2026-04-06T12:59:48+09:00	102	655	757		0
SRX233441	ce11	TFs and others	5623226	running	15900536		2026-04-06T12:59:51+09:00	2026-04-06T12:59:51+09:00					0
SRX2228869	ce11	Histone	14221404	done	15900497		2026-04-06T12:55:12+09:00	2026-04-06T13:00:08+09:00	29	266	295		0
SRX233442	ce11	TFs and others	6158254	running	15900537		2026-04-06T13:00:09+09:00	2026-04-06T13:00:09+09:00					0
SRX2228876	ce11	TFs and others	14851943	done	15900504		2026-04-06T12:55:49+09:00	2026-04-06T13:00:12+09:00	32	230	262		0
SRX233445	ce11	TFs and others	6316368	running	15900538		2026-04-06T13:00:13+09:00	2026-04-06T13:00:13+09:00					0
SRX2228892	ce11	TFs and others	7805545	done	15900521		2026-04-06T12:57:45+09:00	2026-04-06T13:00:18+09:00	13	140	153		0
SRX233446	ce11	TFs and others	7490240	running	15900539		2026-04-06T13:00:20+09:00	2026-04-06T13:00:20+09:00					0
SRX2228884	ce11	TFs and others	11973503	done	15900512		2026-04-06T12:56:38+09:00	2026-04-06T13:00:22+09:00	27	196	223		0
SRX233449	ce11	TFs and others	5725492	running	15900540		2026-04-06T13:00:23+09:00	2026-04-06T13:00:23+09:00					0
SRX2228873	ce11	TFs and others	17467837	done	15900501		2026-04-06T12:55:29+09:00	2026-04-06T13:00:23+09:00	25	269	294		0
SRX233450	ce11	TFs and others	8380457	running	15900541		2026-04-06T13:00:26+09:00	2026-04-06T13:00:26+09:00					0
SRX2228888	ce11	TFs and others	10153262	done	15900517		2026-04-06T12:57:13+09:00	2026-04-06T13:00:29+09:00	16	180	196		0
SRX2228887	ce11	TFs and others	10397250	done	15900516		2026-04-06T12:56:59+09:00	2026-04-06T13:00:30+09:00	18	192	210		0
SRX233453	ce11	TFs and others	7931160	running	15900542		2026-04-06T13:00:30+09:00	2026-04-06T13:00:30+09:00					0
SRX2228862	ce11	TFs and others	30487356	done	15900490		2026-04-06T12:53:44+09:00	2026-04-06T13:00:32+09:00	45	362	407		0
SRX233454	ce11	TFs and others	3043619	running	15900543		2026-04-06T13:00:33+09:00	2026-04-06T13:00:33+09:00					0
SRX233457	ce11	TFs and others	9931760	running	15900544		2026-04-06T13:00:33+09:00	2026-04-06T13:00:33+09:00					0
SRX233441	ce11	TFs and others	5623226	done	15900536		2026-04-06T12:59:51+09:00	2026-04-06T13:00:50+09:00	11	48	59		0
SRX233458	ce11	TFs and others	9036519	running	15900545		2026-04-06T13:00:51+09:00	2026-04-06T13:00:51+09:00					0
SRX20276866	ce11	ATAC-Seq	87586715	done	15900346		2026-04-06T12:25:45+09:00	2026-04-06T13:01:10+09:00	816	1309	2125		0
SRX233461	ce11	TFs and others	7035155	running	15900546		2026-04-06T13:01:13+09:00	2026-04-06T13:01:13+09:00					0
SRX2228878	ce11	TFs and others	19257180	done	15900506		2026-04-06T12:56:03+09:00	2026-04-06T13:01:16+09:00	30	283	313		0
SRX233454	ce11	TFs and others	3043619	done	15900543		2026-04-06T13:00:33+09:00	2026-04-06T13:01:16+09:00	9	34	43		0
SRX233695	ce11	TFs and others	6839888	running	15900548		2026-04-06T13:01:17+09:00	2026-04-06T13:01:17+09:00					0
SRX233462	ce11	TFs and others	2751348	running	15900547		2026-04-06T13:01:17+09:00	2026-04-06T13:01:17+09:00					0
SRX2228880	ce11	TFs and others	18386343	done	15900508		2026-04-06T12:56:15+09:00	2026-04-06T13:01:20+09:00	31	273	304		0
SRX233696	ce11	TFs and others	6721950	running	15900549		2026-04-06T13:01:21+09:00	2026-04-06T13:01:21+09:00					0
SRX233442	ce11	TFs and others	6158254	done	15900537		2026-04-06T13:00:09+09:00	2026-04-06T13:01:21+09:00	14	58	72		0
SRX2228879	ce11	TFs and others	19204008	done	15900507		2026-04-06T12:56:07+09:00	2026-04-06T13:01:22+09:00	33	281	314		0
SRX234912	ce11	TFs and others	9348157	running	15900550		2026-04-06T13:01:23+09:00	2026-04-06T13:01:23+09:00					0
SRX234913	ce11	TFs and others	7325114	running	15900551		2026-04-06T13:01:23+09:00	2026-04-06T13:01:23+09:00					0
SRX233417	ce11	TFs and others	6560280	done	15900534		2026-04-06T12:59:46+09:00	2026-04-06T13:01:23+09:00	15	82	97		0
SRX234916	ce11	TFs and others	1318376	running	15900552		2026-04-06T13:01:26+09:00	2026-04-06T13:01:26+09:00					0
SRX2228881	ce11	TFs and others	14706632	done	15900509		2026-04-06T12:56:23+09:00	2026-04-06T13:01:33+09:00	23	287	310		0
SRX234917	ce11	TFs and others	5094897	running	15900553		2026-04-06T13:01:34+09:00	2026-04-06T13:01:34+09:00					0
SRX2228882	ce11	TFs and others	20627992	done	15900510		2026-04-06T12:56:32+09:00	2026-04-06T13:01:44+09:00	33	279	312		0
SRX234920	ce11	TFs and others	4124429	running	15900554		2026-04-06T13:01:45+09:00	2026-04-06T13:01:45+09:00					0
SRX2228871	ce11	Histone	18247478	done	15900499		2026-04-06T12:55:17+09:00	2026-04-06T13:01:52+09:00	39	355	394		0
SRX234921	ce11	TFs and others	8505498	running	15900555		2026-04-06T13:01:53+09:00	2026-04-06T13:01:53+09:00					0
SRX233449	ce11	TFs and others	5725492	done	15900540		2026-04-06T13:00:23+09:00	2026-04-06T13:01:55+09:00	12	79	91		0
SRX234924	ce11	TFs and others	6275526	running	15900556		2026-04-06T13:01:56+09:00	2026-04-06T13:01:56+09:00					0
SRX234916	ce11	TFs and others	1318376	done	15900552		2026-04-06T13:01:26+09:00	2026-04-06T13:01:56+09:00	6	24	30		0
SRX234925	ce11	TFs and others	6438791	running	15900557		2026-04-06T13:01:58+09:00	2026-04-06T13:01:58+09:00					0
SRX2228883	ce11	TFs and others	18646407	done	15900511		2026-04-06T12:56:38+09:00	2026-04-06T13:01:58+09:00	32	288	320		0
SRX2350718	ce11	Histone	17660826	running	15900558		2026-04-06T13:02:02+09:00	2026-04-06T13:02:02+09:00					0
SRX233462	ce11	TFs and others	2751348	done	15900547		2026-04-06T13:01:17+09:00	2026-04-06T13:02:02+09:00	8	37	45		0
SRX2350719	ce11	Histone	10290698	running	15900559		2026-04-06T13:02:04+09:00	2026-04-06T13:02:04+09:00					0
SRX233445	ce11	TFs and others	6316368	done	15900538		2026-04-06T13:00:13+09:00	2026-04-06T13:02:04+09:00	12	99	111		0
SRX2350720	ce11	Histone	14168528	running	15900560		2026-04-06T13:02:08+09:00	2026-04-06T13:02:08+09:00					0
SRX233453	ce11	TFs and others	7931160	done	15900542		2026-04-06T13:00:30+09:00	2026-04-06T13:02:18+09:00	13	95	108		0
SRX2350721	ce11	Histone	9815437	running	15900561		2026-04-06T13:02:20+09:00	2026-04-06T13:02:20+09:00					0
SRX2228890	ce11	TFs and others	13966004	done	15900519		2026-04-06T12:57:32+09:00	2026-04-06T13:02:21+09:00	23	266	289		0
SRX2350722	ce11	Histone	9424627	running	15900562		2026-04-06T13:02:23+09:00	2026-04-06T13:02:23+09:00					0
SRX233418	ce11	TFs and others	9081688	done	15900535		2026-04-06T12:59:47+09:00	2026-04-06T13:02:28+09:00	97	64	161		0
SRX2350723	ce11	Histone	15486368	running	15900563		2026-04-06T13:02:29+09:00	2026-04-06T13:02:29+09:00					0
SRX233446	ce11	TFs and others	7490240	done	15900539		2026-04-06T13:00:20+09:00	2026-04-06T13:02:36+09:00	17	119	136		0
SRX2350724	ce11	Histone	13790395	running	15900564		2026-04-06T13:02:37+09:00	2026-04-06T13:02:37+09:00					0
SRX233450	ce11	TFs and others	8380457	done	15900541		2026-04-06T13:00:26+09:00	2026-04-06T13:02:37+09:00	14	117	131		0
SRX2350725	ce11	Histone	11321125	running	15900565		2026-04-06T13:02:40+09:00	2026-04-06T13:02:40+09:00					0
SRX21804021	ce11	ATAC-Seq	21897656	done	15900453		2026-04-06T12:47:21+09:00	2026-04-06T13:02:52+09:00	165	766	931		0
SRX2350738	ce11	Histone	12272558	running	15900566		2026-04-06T13:02:54+09:00	2026-04-06T13:02:54+09:00					0
SRX234917	ce11	TFs and others	5094897	done	15900553		2026-04-06T13:01:34+09:00	2026-04-06T13:02:55+09:00	10	71	81		0
SRX2350739	ce11	Histone	8201532	running	15900567		2026-04-06T13:02:57+09:00	2026-04-06T13:02:57+09:00					0
SRX234920	ce11	TFs and others	4124429	done	15900554		2026-04-06T13:01:45+09:00	2026-04-06T13:03:01+09:00	11	65	76		0
SRX2350740	ce11	Histone	11618832	running	15900568		2026-04-06T13:03:03+09:00	2026-04-06T13:03:03+09:00					0
SRX2163949	ce11	Histone	41298351	done	15900434		2026-04-06T12:45:51+09:00	2026-04-06T13:03:04+09:00	122	911	1033		0
SRX2228891	ce11	TFs and others	15404718	done	15900520		2026-04-06T12:57:35+09:00	2026-04-06T13:03:06+09:00	30	300	330		0
SRX2350741	ce11	Histone	10864382	running	15900569		2026-04-06T13:03:06+09:00	2026-04-06T13:03:06+09:00					0
SRX2350742	ce11	Histone	13132196	running	15900570		2026-04-06T13:03:09+09:00	2026-04-06T13:03:09+09:00					0
SRX233696	ce11	TFs and others	6721950	done	15900549		2026-04-06T13:01:21+09:00	2026-04-06T13:03:12+09:00	13	98	111		0
SRX2350743	ce11	Histone	11940186	running	15900571		2026-04-06T13:03:15+09:00	2026-04-06T13:03:15+09:00					0
SRX233695	ce11	TFs and others	6839888	done	15900548		2026-04-06T13:01:17+09:00	2026-04-06T13:03:16+09:00	16	102	118		0
SRX2350744	ce11	Histone	10506268	running	15900572		2026-04-06T13:03:17+09:00	2026-04-06T13:03:17+09:00					0
SRX234925	ce11	TFs and others	6438791	done	15900557		2026-04-06T13:01:58+09:00	2026-04-06T13:03:24+09:00	12	73	85		0
SRX2228885	ce11	TFs and others	20205412	done	15900513		2026-04-06T12:56:38+09:00	2026-04-06T13:03:24+09:00	31	374	405		0
SRX2350746	ce11	Histone	13170882	running	15900574		2026-04-06T13:03:25+09:00	2026-04-06T13:03:25+09:00					0
SRX2350745	ce11	Histone	10351924	running	15900573		2026-04-06T13:03:25+09:00	2026-04-06T13:03:25+09:00					0
SRX233461	ce11	TFs and others	7035155	done	15900546		2026-04-06T13:01:13+09:00	2026-04-06T13:03:28+09:00	13	121	134		0
SRX2350747	ce11	Histone	11329297	running	15900575		2026-04-06T13:03:29+09:00	2026-04-06T13:03:29+09:00					0
SRX233457	ce11	TFs and others	9931760	done	15900544		2026-04-06T13:00:33+09:00	2026-04-06T13:03:31+09:00	19	159	178		0
SRX2350748	ce11	Histone	10173885	running	15900576		2026-04-06T13:03:32+09:00	2026-04-06T13:03:32+09:00					0
SRX233458	ce11	TFs and others	9036519	done	15900545		2026-04-06T13:00:51+09:00	2026-04-06T13:03:42+09:00	16	155	171		0
SRX2350749	ce11	Histone	13747279	running	15900577		2026-04-06T13:03:43+09:00	2026-04-06T13:03:43+09:00					0
SRX234913	ce11	TFs and others	7325114	done	15900551		2026-04-06T13:01:23+09:00	2026-04-06T13:03:53+09:00	16	134	150		0
SRX2350750	ce11	Histone	10069535	running	15900578		2026-04-06T13:03:55+09:00	2026-04-06T13:03:55+09:00					0
SRX234924	ce11	TFs and others	6275526	done	15900556		2026-04-06T13:01:56+09:00	2026-04-06T13:04:04+09:00	12	116	128		0
SRX2350751	ce11	Histone	10961380	running	15900579		2026-04-06T13:04:05+09:00	2026-04-06T13:04:05+09:00					0
SRX234912	ce11	TFs and others	9348157	done	15900550		2026-04-06T13:01:23+09:00	2026-04-06T13:04:11+09:00	18	149	167		0
SRX234921	ce11	TFs and others	8505498	done	15900555		2026-04-06T13:01:53+09:00	2026-04-06T13:04:11+09:00	16	122	138		0
SRX2350753	ce11	Histone	9953156	running	15900581		2026-04-06T13:04:14+09:00	2026-04-06T13:04:14+09:00					0
SRX2350752	ce11	Histone	12454882	running	15900580		2026-04-06T13:04:14+09:00	2026-04-06T13:04:14+09:00					0
SRX2228874	ce11	TFs and others	33038431	done	15900502		2026-04-06T12:55:33+09:00	2026-04-06T13:04:17+09:00	49	475	524		0
SRX2350754	ce11	Histone	12237325	running	15900582		2026-04-06T13:04:18+09:00	2026-04-06T13:04:18+09:00					0
SRX20276938	ce11	Histone	34182338	done	15900361		2026-04-06T12:30:53+09:00	2026-04-06T13:05:08+09:00	711	1344	2055		0
SRX2350755	ce11	Histone	11427736	running	15900583		2026-04-06T13:05:10+09:00	2026-04-06T13:05:10+09:00					0
SRX2350739	ce11	Histone	8201532	done	15900567		2026-04-06T13:02:57+09:00	2026-04-06T13:05:53+09:00	19	157	176		0
SRX2350756	ce11	Histone	12463337	running	15900584		2026-04-06T13:05:54+09:00	2026-04-06T13:05:54+09:00					0
SRX2350722	ce11	Histone	9424627	done	15900562		2026-04-06T13:02:23+09:00	2026-04-06T13:06:05+09:00	22	200	222		0
SRX235168	ce11	TFs and others	2961014	running	15900585		2026-04-06T13:06:06+09:00	2026-04-06T13:06:06+09:00					0
SRX2350719	ce11	Histone	10290698	done	15900559		2026-04-06T13:02:04+09:00	2026-04-06T13:06:16+09:00	39	213	252		0
SRX235169	ce11	TFs and others	4382589	running	15900586		2026-04-06T13:06:17+09:00	2026-04-06T13:06:17+09:00					0
SRX2350721	ce11	Histone	9815437	done	15900561		2026-04-06T13:02:20+09:00	2026-04-06T13:06:30+09:00	48	202	250		0
SRX235168	ce11	TFs and others	2961014	done	15900585		2026-04-06T13:06:06+09:00	2026-04-06T13:06:31+09:00	6	19	25		0
SRX235172	ce11	TFs and others	8426839	running	15900587		2026-04-06T13:06:32+09:00	2026-04-06T13:06:32+09:00					0
SRX235173	ce11	TFs and others	7870475	running	15900588		2026-04-06T13:06:32+09:00	2026-04-06T13:06:32+09:00					0
SRX2350741	ce11	Histone	10864382	done	15900569		2026-04-06T13:03:06+09:00	2026-04-06T13:06:53+09:00	25	202	227		0
SRX2370184	ce11	Histone	7181124	running	15900589		2026-04-06T13:06:54+09:00	2026-04-06T13:06:54+09:00					0
SRX2350745	ce11	Histone	10351924	done	15900573		2026-04-06T13:03:25+09:00	2026-04-06T13:07:01+09:00	22	194	216		0
SRX2370185	ce11	Histone	20236840	running	15900590		2026-04-06T13:07:02+09:00	2026-04-06T13:07:02+09:00					0
SRX2350725	ce11	Histone	11321125	done	15900565		2026-04-06T13:02:40+09:00	2026-04-06T13:07:03+09:00	29	234	263		0
SRX2163950	ce11	Histone	50549812	done	15900435		2026-04-06T12:45:51+09:00	2026-04-06T13:07:03+09:00	149	1123	1272		0
SRX2370186	ce11	Histone	20098596	running	15900591		2026-04-06T13:07:05+09:00	2026-04-06T13:07:05+09:00					0
SRX23914022	ce11	TFs and others	30603436	running	15900592		2026-04-06T13:07:05+09:00	2026-04-06T13:07:05+09:00					0
SRX2350738	ce11	Histone	12272558	done	15900566		2026-04-06T13:02:54+09:00	2026-04-06T13:07:07+09:00	26	227	253		0
SRX23914023	ce11	TFs and others	19677081	running	15900593		2026-04-06T13:07:08+09:00	2026-04-06T13:07:08+09:00					0
SRX2350740	ce11	Histone	11618832	done	15900568		2026-04-06T13:03:03+09:00	2026-04-06T13:07:09+09:00	33	213	246		0
SRX23914024	ce11	TFs and others	34275659	running	15900594		2026-04-06T13:07:11+09:00	2026-04-06T13:07:11+09:00					0
SRX2350748	ce11	Histone	10173885	done	15900576		2026-04-06T13:03:32+09:00	2026-04-06T13:07:17+09:00	23	202	225		0
SRX23914025	ce11	TFs and others	15969206	running	15900595		2026-04-06T13:07:18+09:00	2026-04-06T13:07:18+09:00					0
SRX2350743	ce11	Histone	11940186	done	15900571		2026-04-06T13:03:15+09:00	2026-04-06T13:07:22+09:00	30	217	247		0
SRX2350720	ce11	Histone	14168528	done	15900560		2026-04-06T13:02:08+09:00	2026-04-06T13:07:22+09:00	29	285	314		0
SRX245912	ce11	TFs and others	17073633	running	15900596		2026-04-06T13:07:23+09:00	2026-04-06T13:07:23+09:00					0
SRX245913	ce11	TFs and others	17988956	running	15900597		2026-04-06T13:07:23+09:00	2026-04-06T13:07:23+09:00					0
SRX2350747	ce11	Histone	11329297	done	15900575		2026-04-06T13:03:29+09:00	2026-04-06T13:07:25+09:00	29	207	236		0
SRX245914	ce11	TFs and others	21734004	running	15900598		2026-04-06T13:07:27+09:00	2026-04-06T13:07:27+09:00					0
SRX235169	ce11	TFs and others	4382589	done	15900586		2026-04-06T13:06:17+09:00	2026-04-06T13:07:32+09:00	9	66	75		0
SRX245915	ce11	TFs and others	28225540	running	15900599		2026-04-06T13:07:33+09:00	2026-04-06T13:07:33+09:00					0
SRX2350742	ce11	Histone	13132196	done	15900570		2026-04-06T13:03:09+09:00	2026-04-06T13:07:33+09:00	28	236	264		0
SRX2350750	ce11	Histone	10069535	done	15900578		2026-04-06T13:03:55+09:00	2026-04-06T13:07:34+09:00	20	199	219		0
SRX245916	ce11	TFs and others	25703370	running	15900600		2026-04-06T13:07:35+09:00	2026-04-06T13:07:35+09:00					0
SRX245917	ce11	TFs and others	26558615	running	15900601		2026-04-06T13:07:35+09:00	2026-04-06T13:07:35+09:00					0
SRX2350724	ce11	Histone	13790395	done	15900564		2026-04-06T13:02:37+09:00	2026-04-06T13:07:44+09:00	32	275	307		0
SRX246024	ce11	Histone	142888234	running	15900602		2026-04-06T13:07:47+09:00	2026-04-06T13:07:47+09:00					0
SRX2350753	ce11	Histone	9953156	done	15900581		2026-04-06T13:04:14+09:00	2026-04-06T13:07:55+09:00	22	198	220		0
SRX246025	ce11	Histone	55841810	running	15900603		2026-04-06T13:07:58+09:00	2026-04-06T13:07:58+09:00					0
SRX2350746	ce11	Histone	13170882	done	15900574		2026-04-06T13:03:25+09:00	2026-04-06T13:08:05+09:00	28	252	280		0
SRX246026	ce11	Histone	79541570	running	15900604		2026-04-06T13:08:06+09:00	2026-04-06T13:08:06+09:00					0
SRX2350751	ce11	Histone	10961380	done	15900579		2026-04-06T13:04:05+09:00	2026-04-06T13:08:08+09:00	23	220	243		0
SRX246027	ce11	Histone	134468528	running	15900605		2026-04-06T13:08:09+09:00	2026-04-06T13:08:09+09:00					0
SRX2350723	ce11	Histone	15486368	done	15900563		2026-04-06T13:02:29+09:00	2026-04-06T13:08:21+09:00	46	306	352		0
SRX246028	ce11	Histone	98247369	running	15900606		2026-04-06T13:08:22+09:00	2026-04-06T13:08:22+09:00					0
SRX2350718	ce11	Histone	17660826	done	15900558		2026-04-06T13:02:02+09:00	2026-04-06T13:08:24+09:00	36	346	382		0
SRX246029	ce11	Histone	109996620	running	15900607		2026-04-06T13:08:25+09:00	2026-04-06T13:08:25+09:00					0
SRX2350754	ce11	Histone	12237325	done	15900582		2026-04-06T13:04:18+09:00	2026-04-06T13:08:34+09:00	30	225	255		0
SRX246038	ce11	Histone	184789812	running	15900608		2026-04-06T13:08:35+09:00	2026-04-06T13:08:35+09:00					0
SRX15625451	ce11	TFs and others	372219041	done	15900218		2026-04-06T11:54:01+09:00	2026-04-06T13:08:41+09:00	462	4018	4480		0
SRX25185840	ce11	Histone	37134727	running	15900609		2026-04-06T13:08:43+09:00	2026-04-06T13:08:43+09:00					0
SRX2350749	ce11	Histone	13747279	done	15900577		2026-04-06T13:03:43+09:00	2026-04-06T13:08:43+09:00	31	269	300		0
SRX235173	ce11	TFs and others	7870475	done	15900588		2026-04-06T13:06:32+09:00	2026-04-06T13:08:46+09:00	15	119	134		0
SRX25185841	ce11	Histone	34624652	running	15900610		2026-04-06T13:08:47+09:00	2026-04-06T13:08:47+09:00					0
SRX25185842	ce11	Histone	35483675	running	15900611		2026-04-06T13:08:47+09:00	2026-04-06T13:08:47+09:00					0
SRX2350752	ce11	Histone	12454882	done	15900580		2026-04-06T13:04:14+09:00	2026-04-06T13:08:52+09:00	26	252	278		0
SRX25185843	ce11	Histone	34178704	running	15900612		2026-04-06T13:08:53+09:00	2026-04-06T13:08:53+09:00					0
SRX235172	ce11	TFs and others	8426839	done	15900587		2026-04-06T13:06:32+09:00	2026-04-06T13:08:56+09:00	15	129	144		0
SRX25185848	ce11	Histone	30675869	running	15900613		2026-04-06T13:08:57+09:00	2026-04-06T13:08:57+09:00					0
SRX21804024	ce11	ATAC-Seq	25456261	done	15900456		2026-04-06T12:47:24+09:00	2026-04-06T13:09:06+09:00	137	1165	1302		0
SRX25185849	ce11	Histone	35291270	running	15900614		2026-04-06T13:09:07+09:00	2026-04-06T13:09:07+09:00					0
SRX2350755	ce11	Histone	11427736	done	15900583		2026-04-06T13:05:10+09:00	2026-04-06T13:09:28+09:00	25	232	257		0
SRX25185850	ce11	Histone	35093249	running	15900615		2026-04-06T13:09:29+09:00	2026-04-06T13:09:29+09:00					0
SRX2370184	ce11	Histone	7181124	done	15900589		2026-04-06T13:06:54+09:00	2026-04-06T13:09:46+09:00	21	150	171		0
SRX25185851	ce11	Histone	35265419	running	15900616		2026-04-06T13:09:47+09:00	2026-04-06T13:09:47+09:00					0
SRX246038	ce11	Histone	184789812	done	15900608		2026-04-06T13:08:35+09:00	2026-04-06T13:09:59+09:00	17	67	84		0
SRX257640	ce11	TFs and others	25082505	running	15900617		2026-04-06T13:10:00+09:00	2026-04-06T13:10:00+09:00					0
SRX2350756	ce11	Histone	12463337	done	15900584		2026-04-06T13:05:54+09:00	2026-04-06T13:10:29+09:00	27	248	275		0
SRX257641	ce11	TFs and others	24186825	running	15900618		2026-04-06T13:10:30+09:00	2026-04-06T13:10:30+09:00					0
SRX246025	ce11	Histone	55841810	done	15900603		2026-04-06T13:07:58+09:00	2026-04-06T13:10:41+09:00	21	141	162		0
SRX257642	ce11	TFs and others	6511216	running	15900619		2026-04-06T13:10:42+09:00	2026-04-06T13:10:42+09:00					0
SRX246029	ce11	Histone	109996620	done	15900607		2026-04-06T13:08:25+09:00	2026-04-06T13:10:43+09:00	18	120	138		0
SRX246026	ce11	Histone	79541570	done	15900604		2026-04-06T13:08:06+09:00	2026-04-06T13:10:43+09:00	18	139	157		0
SRX257644	ce11	TFs and others	9699963	running	15900621		2026-04-06T13:10:44+09:00	2026-04-06T13:10:44+09:00					0
SRX257643	ce11	TFs and others	8060704	running	15900620		2026-04-06T13:10:44+09:00	2026-04-06T13:10:44+09:00					0
SRX246028	ce11	Histone	98247369	done	15900606		2026-04-06T13:08:22+09:00	2026-04-06T13:10:53+09:00	17	134	151		0
SRX257645	ce11	TFs and others	16172133	running	15900622		2026-04-06T13:10:54+09:00	2026-04-06T13:10:54+09:00					0
SRX2350744	ce11	Histone	10506268	done	15900572		2026-04-06T13:03:17+09:00	2026-04-06T13:11:05+09:00	253	214	467		0
SRX246027	ce11	Histone	134468528	done	15900605		2026-04-06T13:08:09+09:00	2026-04-06T13:11:05+09:00	80	96	176		0
SRX257646	ce11	TFs and others	18091038	running	15900623		2026-04-06T13:11:06+09:00	2026-04-06T13:11:06+09:00					0
SRX257647	ce11	TFs and others	17594324	running	15900624		2026-04-06T13:11:06+09:00	2026-04-06T13:11:08+09:00					0
SRX246024	ce11	Histone	142888234	done	15900602		2026-04-06T13:07:47+09:00	2026-04-06T13:11:15+09:00	96	111	207		0
SRX257648	ce11	TFs and others	18816016	running	15900625		2026-04-06T13:11:16+09:00	2026-04-06T13:11:16+09:00					0
SRX245912	ce11	TFs and others	17073633	done	15900596		2026-04-06T13:07:23+09:00	2026-04-06T13:11:39+09:00	29	226	255		0
SRX257649	ce11	TFs and others	15435145	running	15900626		2026-04-06T13:11:40+09:00	2026-04-06T13:11:40+09:00					0
SRX245913	ce11	TFs and others	17988956	done	15900597		2026-04-06T13:07:23+09:00	2026-04-06T13:11:47+09:00	30	234	264		0
SRX257650	ce11	TFs and others	16562205	running	15900627		2026-04-06T13:11:48+09:00	2026-04-06T13:11:48+09:00					0
SRX257642	ce11	TFs and others	6511216	done	15900619		2026-04-06T13:10:42+09:00	2026-04-06T13:11:53+09:00	11	60	71		0
SRX257651	ce11	TFs and others	12994743	running	15900628		2026-04-06T13:11:56+09:00	2026-04-06T13:11:56+09:00					0
SRX245916	ce11	TFs and others	25703370	done	15900600		2026-04-06T13:07:35+09:00	2026-04-06T13:11:57+09:00	43	219	262		0
SRX257652	ce11	TFs and others	19076562	running	15900629		2026-04-06T13:11:59+09:00	2026-04-06T13:11:59+09:00					0
SRX23914025	ce11	TFs and others	15969206	done	15900595		2026-04-06T13:07:18+09:00	2026-04-06T13:12:16+09:00	33	264	297		0
SRX257653	ce11	TFs and others	12762765	running	15900630		2026-04-06T13:12:17+09:00	2026-04-06T13:12:17+09:00					0
SRX257644	ce11	TFs and others	9699963	done	15900621		2026-04-06T13:10:44+09:00	2026-04-06T13:12:26+09:00	15	87	102		0
SRX257654	ce11	TFs and others	18930018	running	15900631		2026-04-06T13:12:27+09:00	2026-04-06T13:12:27+09:00					0
SRX2370186	ce11	Histone	20098596	done	15900591		2026-04-06T13:07:05+09:00	2026-04-06T13:13:08+09:00	36	326	362		0
SRX257655	ce11	TFs and others	8743647	running	15900632		2026-04-06T13:13:09+09:00	2026-04-06T13:13:09+09:00					0
SRX257640	ce11	TFs and others	25082505	done	15900617		2026-04-06T13:10:00+09:00	2026-04-06T13:13:22+09:00	25	176	201		0
SRX257656	ce11	TFs and others	13761013	running	15900633		2026-04-06T13:13:23+09:00	2026-04-06T13:13:23+09:00					0
SRX257643	ce11	TFs and others	8060704	done	15900620		2026-04-06T13:10:44+09:00	2026-04-06T13:13:28+09:00	16	148	164		0
SRX257657	ce11	TFs and others	30487356	running	15900634		2026-04-06T13:13:29+09:00	2026-04-06T13:13:29+09:00					0
SRX23914023	ce11	TFs and others	19677081	done	15900593		2026-04-06T13:07:08+09:00	2026-04-06T13:13:30+09:00	47	335	382		0
SRX257658	ce11	TFs and others	11982884	running	15900635		2026-04-06T13:13:34+09:00	2026-04-06T13:13:34+09:00					0
SRX245914	ce11	TFs and others	21734004	done	15900598		2026-04-06T13:07:27+09:00	2026-04-06T13:13:50+09:00	37	346	383		0
SRX257659	ce11	TFs and others	10064622	running	15900636		2026-04-06T13:13:51+09:00	2026-04-06T13:13:51+09:00					0
SRX257641	ce11	TFs and others	24186825	done	15900618		2026-04-06T13:10:30+09:00	2026-04-06T13:14:19+09:00	24	205	229		0
SRX257660	ce11	TFs and others	18668481	running	15900637		2026-04-06T13:14:20+09:00	2026-04-06T13:14:20+09:00					0
SRX245917	ce11	TFs and others	26558615	done	15900601		2026-04-06T13:07:35+09:00	2026-04-06T13:15:11+09:00	43	412	455		0
SRX257661	ce11	TFs and others	9571582	running	15900638		2026-04-06T13:15:12+09:00	2026-04-06T13:15:12+09:00					0
SRX2333000	ce11	ATAC-Seq	21258521	done	15900529		2026-04-06T12:59:20+09:00	2026-04-06T13:15:36+09:00	145	831	976		0
SRX257650	ce11	TFs and others	16562205	done	15900627		2026-04-06T13:11:48+09:00	2026-04-06T13:15:38+09:00	24	206	230		0
SRX257662	ce11	TFs and others	13944143	running	15900639		2026-04-06T13:15:39+09:00	2026-04-06T13:15:39+09:00					0
SRX2576620	ce11	TFs and others	15742148	running	15900640		2026-04-06T13:15:39+09:00	2026-04-06T13:15:39+09:00					0
SRX245915	ce11	TFs and others	28225540	done	15900599		2026-04-06T13:07:33+09:00	2026-04-06T13:15:44+09:00	48	443	491		0
SRX2576621	ce11	TFs and others	16135860	running	15900641		2026-04-06T13:15:47+09:00	2026-04-06T13:15:47+09:00					0
SRX23914022	ce11	TFs and others	30603436	done	15900592		2026-04-06T13:07:05+09:00	2026-04-06T13:15:51+09:00	54	471	525		0
SRX2576622	ce11	TFs and others	7584129	running	15900642		2026-04-06T13:15:53+09:00	2026-04-06T13:15:53+09:00					0
SRX257651	ce11	TFs and others	12994743	done	15900628		2026-04-06T13:11:56+09:00	2026-04-06T13:16:03+09:00	25	222	247		0
SRX2576623	ce11	TFs and others	21385259	running	15900643		2026-04-06T13:16:05+09:00	2026-04-06T13:16:05+09:00					0
SRX23914024	ce11	TFs and others	34275659	done	15900594		2026-04-06T13:07:11+09:00	2026-04-06T13:16:09+09:00	59	478	537		0
SRX2576624	ce11	TFs and others	21023417	running	15900644		2026-04-06T13:16:10+09:00	2026-04-06T13:16:10+09:00					0
SRX257653	ce11	TFs and others	12762765	done	15900630		2026-04-06T13:12:17+09:00	2026-04-06T13:16:16+09:00	26	213	239		0
SRX2576625	ce11	TFs and others	19452610	running	15900645		2026-04-06T13:16:17+09:00	2026-04-06T13:16:17+09:00					0
SRX257649	ce11	TFs and others	15435145	done	15900626		2026-04-06T13:11:40+09:00	2026-04-06T13:16:17+09:00	34	242	276		0
SRX2576626	ce11	TFs and others	17606297	running	15900646		2026-04-06T13:16:20+09:00	2026-04-06T13:16:20+09:00					0
SRX257646	ce11	TFs and others	18091038	done	15900623		2026-04-06T13:11:06+09:00	2026-04-06T13:16:28+09:00	38	284	322		0
SRX2576627	ce11	TFs and others	20246590	running	15900647		2026-04-06T13:16:30+09:00	2026-04-06T13:16:30+09:00					0
SRX257647	ce11	TFs and others	17594324	done	15900624		2026-04-06T13:11:06+09:00	2026-04-06T13:16:37+09:00	40	289	329		0
SRX257655	ce11	TFs and others	8743647	done	15900632		2026-04-06T13:13:09+09:00	2026-04-06T13:16:38+09:00	22	187	209		0
SRX2576628	ce11	TFs and others	18751435	running	15900648		2026-04-06T13:16:39+09:00	2026-04-06T13:16:39+09:00					0
SRX2576629	ce11	TFs and others	11761376	running	15900649		2026-04-06T13:16:39+09:00	2026-04-06T13:16:39+09:00					0
SRX257645	ce11	TFs and others	16172133	done	15900622		2026-04-06T13:10:54+09:00	2026-04-06T13:16:57+09:00	61	301	362		0
SRX257663	ce11	TFs and others	20920487	running	15900650		2026-04-06T13:16:59+09:00	2026-04-06T13:16:59+09:00					0
SRX2370185	ce11	Histone	20236840	done	15900590		2026-04-06T13:07:02+09:00	2026-04-06T13:17:02+09:00	62	537	599		0
SRX2576630	ce11	TFs and others	21521044	running	15900651		2026-04-06T13:17:05+09:00	2026-04-06T13:17:05+09:00					0
SRX257659	ce11	TFs and others	10064622	done	15900636		2026-04-06T13:13:51+09:00	2026-04-06T13:17:24+09:00	28	185	213		0
SRX2576631	ce11	TFs and others	25191947	running	15900652		2026-04-06T13:17:26+09:00	2026-04-06T13:17:26+09:00					0
SRX2332998	ce11	ATAC-Seq	22946693	done	15900527		2026-04-06T12:58:54+09:00	2026-04-06T13:17:31+09:00	103	1014	1117		0
SRX2576632	ce11	TFs and others	18906900	running	15900653		2026-04-06T13:17:32+09:00	2026-04-06T13:17:32+09:00					0
SRX257661	ce11	TFs and others	9571582	done	15900638		2026-04-06T13:15:12+09:00	2026-04-06T13:17:42+09:00	17	133	150		0
SRX2576633	ce11	TFs and others	17967710	running	15900654		2026-04-06T13:17:43+09:00	2026-04-06T13:17:43+09:00					0
SRX257652	ce11	TFs and others	19076562	done	15900629		2026-04-06T13:11:59+09:00	2026-04-06T13:17:52+09:00	37	315	352		0
SRX2576634	ce11	TFs and others	14369137	running	15900655		2026-04-06T13:17:53+09:00	2026-04-06T13:17:53+09:00					0
SRX2576622	ce11	TFs and others	7584129	done	15900642		2026-04-06T13:15:53+09:00	2026-04-06T13:18:21+09:00	14	134	148		0
SRX2576635	ce11	TFs and others	21938757	running	15900656		2026-04-06T13:18:22+09:00	2026-04-06T13:18:22+09:00					0
SRX257654	ce11	TFs and others	18930018	done	15900631		2026-04-06T13:12:27+09:00	2026-04-06T13:18:30+09:00	35	328	363		0
SRX257656	ce11	TFs and others	13761013	done	15900633		2026-04-06T13:13:23+09:00	2026-04-06T13:18:32+09:00	29	280	309		0
SRX2576637	ce11	TFs and others	8677034	running	15900658		2026-04-06T13:18:33+09:00	2026-04-06T13:18:33+09:00					0
SRX2576636	ce11	TFs and others	19947557	running	15900657		2026-04-06T13:18:31+09:00	2026-04-06T13:18:33+09:00					0
SRX257658	ce11	TFs and others	11982884	done	15900635		2026-04-06T13:13:34+09:00	2026-04-06T13:18:57+09:00	32	291	323		0
SRX2576638	ce11	TFs and others	23329304	running	15900659		2026-04-06T13:18:58+09:00	2026-04-06T13:18:58+09:00					0
SRX257662	ce11	TFs and others	13944143	done	15900639		2026-04-06T13:15:39+09:00	2026-04-06T13:19:31+09:00	25	207	232		0
SRX2576639	ce11	TFs and others	20938902	running	15900660		2026-04-06T13:19:33+09:00	2026-04-06T13:19:33+09:00					0
SRX257660	ce11	TFs and others	18668481	done	15900637		2026-04-06T13:14:20+09:00	2026-04-06T13:19:42+09:00	37	285	322		0
SRX257664	ce11	TFs and others	16870164	running	15900661		2026-04-06T13:19:43+09:00	2026-04-06T13:19:43+09:00					0
SRX2249335	ce11	Histone	53777861	done	15900523		2026-04-06T12:58:25+09:00	2026-04-06T13:20:16+09:00	113	1198	1311		0
SRX2576640	ce11	TFs and others	17633815	running	15900662		2026-04-06T13:20:17+09:00	2026-04-06T13:20:17+09:00					0
SRX257657	ce11	TFs and others	30487356	done	15900634		2026-04-06T13:13:29+09:00	2026-04-06T13:20:21+09:00	48	364	412		0
SRX2576641	ce11	TFs and others	21697486	running	15900663		2026-04-06T13:20:22+09:00	2026-04-06T13:20:22+09:00					0
SRX2576621	ce11	TFs and others	16135860	done	15900641		2026-04-06T13:15:47+09:00	2026-04-06T13:20:29+09:00	28	254	282		0
SRX2576642	ce11	TFs and others	20603440	running	15900664		2026-04-06T13:20:30+09:00	2026-04-06T13:20:30+09:00					0
SRX2576629	ce11	TFs and others	11761376	done	15900649		2026-04-06T13:16:39+09:00	2026-04-06T13:21:02+09:00	26	237	263		0
SRX2576643	ce11	TFs and others	18630839	running	15900665		2026-04-06T13:21:03+09:00	2026-04-06T13:21:03+09:00					0
SRX2576637	ce11	TFs and others	8677034	done	15900658		2026-04-06T13:18:33+09:00	2026-04-06T13:21:16+09:00	22	141	163		0
SRX2576644	ce11	TFs and others	18608517	running	15900666		2026-04-06T13:21:17+09:00	2026-04-06T13:21:17+09:00					0
SRX20276864	ce11	ATAC-Seq	101184494	done	15900344		2026-04-06T12:24:58+09:00	2026-04-06T13:21:39+09:00	823	2578	3401		0
SRX2332999	ce11	ATAC-Seq	29523880	done	15900528		2026-04-06T12:58:58+09:00	2026-04-06T13:21:39+09:00	191	1170	1361		0
SRX2576625	ce11	TFs and others	19452610	done	15900645		2026-04-06T13:16:17+09:00	2026-04-06T13:21:39+09:00	33	289	322		0
SRX2576645	ce11	TFs and others	19611087	running	15900667		2026-04-06T13:21:40+09:00	2026-04-06T13:21:40+09:00					0
SRX2576647	ce11	TFs and others	20063336	running	15900669		2026-04-06T13:21:40+09:00	2026-04-06T13:21:40+09:00					0
SRX2576646	ce11	TFs and others	18222104	running	15900668		2026-04-06T13:21:40+09:00	2026-04-06T13:21:40+09:00					0
SRX2576620	ce11	TFs and others	15742148	done	15900640		2026-04-06T13:15:39+09:00	2026-04-06T13:21:42+09:00	109	253	362		0
SRX2576648	ce11	TFs and others	20813824	running	15900670		2026-04-06T13:21:43+09:00	2026-04-06T13:21:43+09:00					0
SRX257648	ce11	TFs and others	18816016	done	15900625		2026-04-06T13:11:16+09:00	2026-04-06T13:21:52+09:00	340	295	635		0
SRX2576649	ce11	TFs and others	19310034	running	15900671		2026-04-06T13:21:53+09:00	2026-04-06T13:21:53+09:00					0
SRX2576624	ce11	TFs and others	21023417	done	15900644		2026-04-06T13:16:10+09:00	2026-04-06T13:21:58+09:00	45	303	348		0
SRX257665	ce11	TFs and others	23318576	running	15900672		2026-04-06T13:21:59+09:00	2026-04-06T13:21:59+09:00					0
SRX2576628	ce11	TFs and others	18751435	done	15900648		2026-04-06T13:16:39+09:00	2026-04-06T13:22:26+09:00	38	308	346		0
SRX2576650	ce11	TFs and others	22612410	running	15900673		2026-04-06T13:22:27+09:00	2026-04-06T13:22:27+09:00					0
SRX2576634	ce11	TFs and others	14369137	done	15900655		2026-04-06T13:17:53+09:00	2026-04-06T13:22:47+09:00	30	263	293		0
SRX2576651	ce11	TFs and others	29253295	running	15900674		2026-04-06T13:22:48+09:00	2026-04-06T13:22:48+09:00					0
SRX2333001	ce11	ATAC-Seq	21992224	done	15900530		2026-04-06T12:59:23+09:00	2026-04-06T13:22:49+09:00	149	1257	1406		0
SRX2576652	ce11	TFs and others	17866724	running	15900675		2026-04-06T13:22:50+09:00	2026-04-06T13:22:50+09:00					0
SRX2576627	ce11	TFs and others	20246590	done	15900647		2026-04-06T13:16:30+09:00	2026-04-06T13:22:55+09:00	33	352	385		0
SRX2576653	ce11	TFs and others	16703865	running	15900676		2026-04-06T13:22:56+09:00	2026-04-06T13:22:56+09:00					0
SRX2576633	ce11	TFs and others	17967710	done	15900654		2026-04-06T13:17:43+09:00	2026-04-06T13:23:09+09:00	32	294	326		0
SRX2576654	ce11	TFs and others	19580028	running	15900677		2026-04-06T13:23:10+09:00	2026-04-06T13:23:10+09:00					0
SRX2576630	ce11	TFs and others	21521044	done	15900651		2026-04-06T13:17:05+09:00	2026-04-06T13:23:13+09:00	44	323	367		0
SRX2576655	ce11	TFs and others	7854428	running	15900678		2026-04-06T13:23:14+09:00	2026-04-06T13:23:14+09:00					0
SRX2576632	ce11	TFs and others	18906900	done	15900653		2026-04-06T13:17:32+09:00	2026-04-06T13:23:36+09:00	29	335	364		0
SRX2576656	ce11	TFs and others	25014594	running	15900679		2026-04-06T13:23:37+09:00	2026-04-06T13:23:37+09:00					0
SRX257663	ce11	TFs and others	20920487	done	15900650		2026-04-06T13:16:59+09:00	2026-04-06T13:23:46+09:00	43	363	406		0
SRX2576657	ce11	TFs and others	20456193	running	15900680		2026-04-06T13:23:47+09:00	2026-04-06T13:23:47+09:00					0
SRX2576623	ce11	TFs and others	21385259	done	15900643		2026-04-06T13:16:05+09:00	2026-04-06T13:23:52+09:00	76	390	466		0
SRX257666	ce11	TFs and others	19093970	running	15900681		2026-04-06T13:23:53+09:00	2026-04-06T13:23:53+09:00					0
SRX2576635	ce11	TFs and others	21938757	done	15900656		2026-04-06T13:18:22+09:00	2026-04-06T13:23:58+09:00	53	282	335		0
SRX257667	ce11	TFs and others	21688641	running	15900682		2026-04-06T13:23:59+09:00	2026-04-06T13:23:59+09:00					0
SRX2576626	ce11	TFs and others	17606297	done	15900646		2026-04-06T13:16:20+09:00	2026-04-06T13:24:16+09:00	182	293	475		0
SRX257668	ce11	TFs and others	20216847	running	15900683		2026-04-06T13:24:17+09:00	2026-04-06T13:24:17+09:00					0
SRX2576631	ce11	TFs and others	25191947	done	15900652		2026-04-06T13:17:26+09:00	2026-04-06T13:24:23+09:00	36	380	416		0
SRX257669	ce11	TFs and others	12641662	running	15900684		2026-04-06T13:24:24+09:00	2026-04-06T13:24:24+09:00					0
SRX257664	ce11	TFs and others	16870164	done	15900661		2026-04-06T13:19:43+09:00	2026-04-06T13:24:24+09:00	33	247	280		0
SRX257670	ce11	TFs and others	11537873	running	15900685		2026-04-06T13:24:26+09:00	2026-04-06T13:24:26+09:00					0
SRX2576636	ce11	TFs and others	19947557	done	15900657		2026-04-06T13:18:31+09:00	2026-04-06T13:24:51+09:00	32	346	378		0
SRX257671	ce11	Histone	9910878	running	15900686		2026-04-06T13:24:52+09:00	2026-04-06T13:24:52+09:00					0
SRX2332995	ce11	ATAC-Seq	26099622	done	15900524		2026-04-06T12:58:36+09:00	2026-04-06T13:25:10+09:00	163	1431	1594		0
SRX257672	ce11	Histone	22304749	running	15900687		2026-04-06T13:25:13+09:00	2026-04-06T13:25:13+09:00					0
SRX2576638	ce11	TFs and others	23329304	done	15900659		2026-04-06T13:18:58+09:00	2026-04-06T13:25:34+09:00	33	363	396		0
SRX257673	ce11	TFs and others	8314647	running	15900688		2026-04-06T13:25:35+09:00	2026-04-06T13:25:35+09:00					0
SRX2576640	ce11	TFs and others	17633815	done	15900662		2026-04-06T13:20:17+09:00	2026-04-06T13:26:00+09:00	55	288	343		0
SRX257674	ce11	TFs and others	16729386	running	15900689		2026-04-06T13:26:01+09:00	2026-04-06T13:26:01+09:00					0
SRX2576641	ce11	TFs and others	21697486	done	15900663		2026-04-06T13:20:22+09:00	2026-04-06T13:26:15+09:00	33	320	353		0
SRX257675	ce11	TFs and others	60854504	running	15900690		2026-04-06T13:26:16+09:00	2026-04-06T13:26:16+09:00					0
SRX2576655	ce11	TFs and others	7854428	done	15900678		2026-04-06T13:23:14+09:00	2026-04-06T13:26:18+09:00	17	167	184		0
SRX257676	ce11	TFs and others	18394573	running	15900691		2026-04-06T13:26:20+09:00	2026-04-06T13:26:20+09:00					0
SRX2576642	ce11	TFs and others	20603440	done	15900664		2026-04-06T13:20:30+09:00	2026-04-06T13:26:25+09:00	30	325	355		0
SRX257677	ce11	TFs and others	11529650	running	15900692		2026-04-06T13:26:26+09:00	2026-04-06T13:26:26+09:00					0
SRX257671	ce11	Histone	9910878	done	15900686		2026-04-06T13:24:52+09:00	2026-04-06T13:26:37+09:00	18	86	104		0
SRX257678	ce11	TFs and others	6618120	running	15900693		2026-04-06T13:26:38+09:00	2026-04-06T13:26:38+09:00					0
SRX2576639	ce11	TFs and others	20938902	done	15900660		2026-04-06T13:19:33+09:00	2026-04-06T13:26:46+09:00	42	390	432		0
SRX257679	ce11	TFs and others	17440591	running	15900694		2026-04-06T13:26:47+09:00	2026-04-06T13:26:47+09:00					0
SRX2576644	ce11	TFs and others	18608517	done	15900666		2026-04-06T13:21:17+09:00	2026-04-06T13:26:56+09:00	39	300	339		0
SRX257680	ce11	TFs and others	11722131	running	15900695		2026-04-06T13:27:00+09:00	2026-04-06T13:27:00+09:00					0
SRX257673	ce11	TFs and others	8314647	done	15900688		2026-04-06T13:25:35+09:00	2026-04-06T13:27:05+09:00	12	78	90		0
SRX257681	ce11	TFs and others	12195002	running	15900696		2026-04-06T13:27:06+09:00	2026-04-06T13:27:06+09:00					0
SRX2576646	ce11	TFs and others	18222104	done	15900668		2026-04-06T13:21:40+09:00	2026-04-06T13:27:09+09:00	30	298	328		0
SRX2576645	ce11	TFs and others	19611087	done	15900667		2026-04-06T13:21:40+09:00	2026-04-06T13:27:09+09:00	33	296	329		0
SRX257683	ce11	TFs and others	9758087	running	15900698		2026-04-06T13:27:10+09:00	2026-04-06T13:27:10+09:00					0
SRX257682	ce11	TFs and others	13687242	running	15900697		2026-04-06T13:27:10+09:00	2026-04-06T13:27:10+09:00					0
SRX2576648	ce11	TFs and others	20813824	done	15900670		2026-04-06T13:21:43+09:00	2026-04-06T13:27:25+09:00	54	287	341		0
SRX257684	ce11	TFs and others	14843156	running	15900699		2026-04-06T13:27:26+09:00	2026-04-06T13:27:26+09:00					0
SRX257665	ce11	TFs and others	23318576	done	15900672		2026-04-06T13:21:59+09:00	2026-04-06T13:27:27+09:00	47	280	327		0
SRX257685	ce11	TFs and others	11492792	running	15900700		2026-04-06T13:27:29+09:00	2026-04-06T13:27:29+09:00					0
SRX2576643	ce11	TFs and others	18630839	done	15900665		2026-04-06T13:21:03+09:00	2026-04-06T13:27:41+09:00	38	360	398		0
SRX257686	ce11	TFs and others	23010900	running	15900701		2026-04-06T13:27:42+09:00	2026-04-06T13:27:42+09:00					0
SRX2576653	ce11	TFs and others	16703865	done	15900676		2026-04-06T13:22:56+09:00	2026-04-06T13:27:47+09:00	30	260	290		0
SRX257687	ce11	TFs and others	17156712	running	15900702		2026-04-06T13:27:48+09:00	2026-04-06T13:27:48+09:00					0
SRX257678	ce11	TFs and others	6618120	done	15900693		2026-04-06T13:26:38+09:00	2026-04-06T13:27:49+09:00	13	58	71		0
SRX257688	ce11	TFs and others	11235865	running	15900703		2026-04-06T13:27:51+09:00	2026-04-06T13:27:51+09:00					0
SRX2576647	ce11	TFs and others	20063336	done	15900669		2026-04-06T13:21:40+09:00	2026-04-06T13:28:03+09:00	36	346	382		0
SRX2582951	ce11	TFs and others	25336801	running	15900704		2026-04-06T13:28:04+09:00	2026-04-06T13:28:04+09:00					0
SRX2576654	ce11	TFs and others	19580028	done	15900677		2026-04-06T13:23:10+09:00	2026-04-06T13:28:05+09:00	27	267	294		0
SRX2582953	ce11	TFs and others	29930868	running	15900705		2026-04-06T13:28:06+09:00	2026-04-06T13:28:06+09:00					0
SRX2576652	ce11	TFs and others	17866724	done	15900675		2026-04-06T13:22:50+09:00	2026-04-06T13:28:16+09:00	31	294	325		0
SRX2599461	ce11	Histone	24778030	running	15900706		2026-04-06T13:28:17+09:00	2026-04-06T13:28:17+09:00					0
SRX257666	ce11	TFs and others	19093970	done	15900681		2026-04-06T13:23:53+09:00	2026-04-06T13:28:25+09:00	36	235	271		0
SRX2599462	ce11	Histone	23182877	running	15900707		2026-04-06T13:28:27+09:00	2026-04-06T13:28:27+09:00					0
SRX2576649	ce11	TFs and others	19310034	done	15900671		2026-04-06T13:21:53+09:00	2026-04-06T13:28:37+09:00	41	362	403		0
SRX26012989	ce11	TFs and others	32082780	running	15900708		2026-04-06T13:28:38+09:00	2026-04-06T13:28:38+09:00					0
SRX257670	ce11	TFs and others	11537873	done	15900685		2026-04-06T13:24:26+09:00	2026-04-06T13:28:49+09:00	26	237	263		0
SRX26012990	ce11	TFs and others	31450575	running	15900709		2026-04-06T13:28:50+09:00	2026-04-06T13:28:50+09:00					0
SRX2576651	ce11	TFs and others	29253295	done	15900674		2026-04-06T13:22:48+09:00	2026-04-06T13:28:50+09:00	37	324	361		0
SRX26012991	ce11	TFs and others	15932286	running	15900710		2026-04-06T13:28:52+09:00	2026-04-06T13:28:52+09:00					0
SRX257669	ce11	TFs and others	12641662	done	15900684		2026-04-06T13:24:24+09:00	2026-04-06T13:29:08+09:00	28	256	284		0
SRX26012992	ce11	TFs and others	46051718	running	15900711		2026-04-06T13:29:09+09:00	2026-04-06T13:29:09+09:00					0
SRX2576650	ce11	TFs and others	22612410	done	15900673		2026-04-06T13:22:27+09:00	2026-04-06T13:29:11+09:00	51	353	404		0
SRX26012993	ce11	TFs and others	28233654	running	15900712		2026-04-06T13:29:12+09:00	2026-04-06T13:29:12+09:00					0
SRX2576657	ce11	TFs and others	20456193	done	15900680		2026-04-06T13:23:47+09:00	2026-04-06T13:29:15+09:00	60	268	328		0
SRX26012994	ce11	TFs and others	23293657	running	15900713		2026-04-06T13:29:16+09:00	2026-04-06T13:29:16+09:00					0
SRX257675	ce11	TFs and others	60854504	done	15900690		2026-04-06T13:26:16+09:00	2026-04-06T13:29:30+09:00	22	172	194		0
SRX26012995	ce11	TFs and others	16093205	running	15900714		2026-04-06T13:29:31+09:00	2026-04-06T13:29:31+09:00					0
SRX257668	ce11	TFs and others	20216847	done	15900683		2026-04-06T13:24:17+09:00	2026-04-06T13:29:45+09:00	44	283	327		0
SRX26012996	ce11	TFs and others	23584290	running	15900715		2026-04-06T13:29:46+09:00	2026-04-06T13:29:46+09:00					0
SRX257676	ce11	TFs and others	18394573	done	15900691		2026-04-06T13:26:20+09:00	2026-04-06T13:30:01+09:00	24	197	221		0
SRX26012997	ce11	Histone	49589928	running	15900716		2026-04-06T13:30:02+09:00	2026-04-06T13:30:02+09:00					0
SRX257677	ce11	TFs and others	11529650	done	15900692		2026-04-06T13:26:26+09:00	2026-04-06T13:30:07+09:00	123	98	221		0
SRX26012998	ce11	Histone	31484353	running	15900717		2026-04-06T13:30:08+09:00	2026-04-06T13:30:08+09:00					0
SRX257674	ce11	TFs and others	16729386	done	15900689		2026-04-06T13:26:01+09:00	2026-04-06T13:30:16+09:00	31	223	254		0
SRX26012999	ce11	Histone	37774579	running	15900718		2026-04-06T13:30:17+09:00	2026-04-06T13:30:17+09:00					0
SRX2332996	ce11	ATAC-Seq	36024207	done	15900525		2026-04-06T12:58:39+09:00	2026-04-06T13:30:19+09:00	419	1481	1900		0
SRX26013000	ce11	Histone	35952888	running	15900719		2026-04-06T13:30:20+09:00	2026-04-06T13:30:20+09:00					0
SRX257683	ce11	TFs and others	9758087	done	15900698		2026-04-06T13:27:10+09:00	2026-04-06T13:30:26+09:00	22	173	195		0
SRX26261217	ce11	TFs and others	8507728	running	15900720		2026-04-06T13:30:27+09:00	2026-04-06T13:30:27+09:00					0
SRX257667	ce11	TFs and others	21688641	done	15900682		2026-04-06T13:23:59+09:00	2026-04-06T13:30:33+09:00	44	350	394		0
SRX26261218	ce11	TFs and others	7699592	running	15900721		2026-04-06T13:30:34+09:00	2026-04-06T13:30:34+09:00					0
SRX257680	ce11	TFs and others	11722131	done	15900695		2026-04-06T13:27:00+09:00	2026-04-06T13:30:41+09:00	22	199	221		0
SRX2576656	ce11	TFs and others	25014594	done	15900679		2026-04-06T13:23:37+09:00	2026-04-06T13:30:42+09:00	52	372	424		0
SRX26261220	ce11	TFs and others	6749984	running	15900723		2026-04-06T13:30:43+09:00	2026-04-06T13:30:43+09:00					0
SRX26261219	ce11	TFs and others	6864352	running	15900722		2026-04-06T13:30:43+09:00	2026-04-06T13:30:43+09:00					0
SRX257682	ce11	TFs and others	13687242	done	15900697		2026-04-06T13:27:10+09:00	2026-04-06T13:30:43+09:00	24	189	213		0
SRX26261221	ce11	TFs and others	7380937	running	15900724		2026-04-06T13:30:46+09:00	2026-04-06T13:30:46+09:00					0
SRX257679	ce11	TFs and others	17440591	done	15900694		2026-04-06T13:26:47+09:00	2026-04-06T13:31:00+09:00	29	223	252		0
SRX26261222	ce11	TFs and others	7248592	running	15900725		2026-04-06T13:31:01+09:00	2026-04-06T13:31:01+09:00					0
SRX257681	ce11	TFs and others	12195002	done	15900696		2026-04-06T13:27:06+09:00	2026-04-06T13:31:03+09:00	34	202	236		0
SRX26261223	ce11	TFs and others	10009652	running	15900726		2026-04-06T13:31:04+09:00	2026-04-06T13:31:04+09:00					0
SRX26012999	ce11	Histone	37774579	failed	15900718		2026-04-06T13:30:17+09:00	2026-04-06T13:31:19+09:00	62			no_fastq_found	0
SRX26012997	ce11	Histone	49589928	failed	15900716		2026-04-06T13:30:02+09:00	2026-04-06T13:31:20+09:00	78			no_fastq_found	0
SRX26261224	ce11	TFs and others	10210657	running	15900727		2026-04-06T13:31:21+09:00	2026-04-06T13:31:21+09:00					0
SRX26261225	ce11	TFs and others	9805671	running	15900728		2026-04-06T13:31:21+09:00	2026-04-06T13:31:21+09:00					0
SRX257688	ce11	TFs and others	11235865	done	15900703		2026-04-06T13:27:51+09:00	2026-04-06T13:31:23+09:00	34	177	211		0
SRX26261226	ce11	TFs and others	6301668	running	15900729		2026-04-06T13:31:23+09:00	2026-04-06T13:31:23+09:00					0
SRX257672	ce11	Histone	22304749	done	15900687		2026-04-06T13:25:13+09:00	2026-04-06T13:31:36+09:00	40	343	383		0
SRX26261227	ce11	TFs and others	10161746	running	15900730		2026-04-06T13:31:37+09:00	2026-04-06T13:31:37+09:00					0
SRX26013000	ce11	Histone	35952888	failed	15900719		2026-04-06T13:30:20+09:00	2026-04-06T13:31:56+09:00	96			no_fastq_found	0
SRX257685	ce11	TFs and others	11492792	done	15900700		2026-04-06T13:27:29+09:00	2026-04-06T13:31:57+09:00	24	243	267		0
SRX26261228	ce11	TFs and others	9679813	running	15900731		2026-04-06T13:31:57+09:00	2026-04-06T13:31:57+09:00					0
SRX26261229	ce11	TFs and others	10234902	running	15900732		2026-04-06T13:31:59+09:00	2026-04-06T13:31:59+09:00					0
SRX2582951	ce11	TFs and others	25336801	done	15900704		2026-04-06T13:28:04+09:00	2026-04-06T13:32:21+09:00	22	235	257		0
SRX26261230	ce11	TFs and others	9779106	running	15900733		2026-04-06T13:32:22+09:00	2026-04-06T13:32:22+09:00					0
SRX257684	ce11	TFs and others	14843156	done	15900699		2026-04-06T13:27:26+09:00	2026-04-06T13:32:57+09:00	29	302	331		0
SRX26261231	ce11	TFs and others	10355747	running	15900734		2026-04-06T13:33:00+09:00	2026-04-06T13:33:00+09:00					0
SRX2582953	ce11	TFs and others	29930868	done	15900705		2026-04-06T13:28:06+09:00	2026-04-06T13:33:21+09:00	30	285	315		0
SRX26261232	ce11	TFs and others	8619470	running	15900735		2026-04-06T13:33:22+09:00	2026-04-06T13:33:22+09:00					0
SRX26261232	ce11	TFs and others	8619470	failed	15900735		2026-04-06T13:33:22+09:00	2026-04-06T13:33:48+09:00	26			no_fastq_found	0
SRX26261233	ce11	TFs and others	7450340	running	15900736		2026-04-06T13:33:49+09:00	2026-04-06T13:33:49+09:00					0
SRX257687	ce11	TFs and others	17156712	done	15900702		2026-04-06T13:27:48+09:00	2026-04-06T13:34:29+09:00	79	322	401		0
SRX26261234	ce11	TFs and others	6582938	running	15900737		2026-04-06T13:34:30+09:00	2026-04-06T13:34:30+09:00					0
SRX26261226	ce11	TFs and others	6301668	done	15900729		2026-04-06T13:31:23+09:00	2026-04-06T13:34:31+09:00	31	156	187		0
SRX26261235	ce11	TFs and others	7731181	running	15900738		2026-04-06T13:34:32+09:00	2026-04-06T13:34:32+09:00					0
SRX26261219	ce11	TFs and others	6864352	done	15900722		2026-04-06T13:30:43+09:00	2026-04-06T13:34:32+09:00	36	192	228		0
SRX26261236	ce11	TFs and others	7209053	running	15900739		2026-04-06T13:34:35+09:00	2026-04-06T13:34:35+09:00					0
SRX257686	ce11	TFs and others	23010900	done	15900701		2026-04-06T13:27:42+09:00	2026-04-06T13:34:46+09:00	41	383	424		0
SRX26261237	ce11	TFs and others	6124440	running	15900740		2026-04-06T13:34:47+09:00	2026-04-06T13:34:47+09:00					0
SRX26261220	ce11	TFs and others	6749984	done	15900723		2026-04-06T13:30:43+09:00	2026-04-06T13:34:47+09:00	36	208	244		0
SRX26261238	ce11	TFs and others	4933286	running	15900741		2026-04-06T13:34:50+09:00	2026-04-06T13:34:50+09:00					0
SRX26261218	ce11	TFs and others	7699592	done	15900721		2026-04-06T13:30:34+09:00	2026-04-06T13:34:51+09:00	45	212	257		0
